#areaIdx	npcId	name	level	exp	sp	aggro	count	points
0	20563	Manashen Gargoyle	40	2769	179	0	4	87681,12715,-5250
0	20564	Enchanted Monstereye	41	2493	163	0	8	87681,12715,-5250;89695,15766,-5336
0	20565	Enchanted Stone Golem	42	3627	242	0	7	87681,12715,-5250;89695,15766,-5336
0	20566	Enchanted Iron Golem	43	3802	257	0	5	89695,15766,-5336
1	27038	Cat's Eye Bandit	15	0	0	0	9	-49201,147781,-2784;-48062,143345,-2954;-47803,145100,-2851;-46975,144858,-2934;-46895,143118,-3071;-46602,144609,-2964;-46190,143296,-2928;-46027,145033,-3026
1	20782	Ol Mahum Novice	17	618	26	0	10	-50145,151922,-2790;-49948,152710,-2831;-49254,153430,-2946;-49248,152745,-2914;-49167,151809,-3148;-48865,151275,-3148;-48362,151809,-3148;-48261,151987,-3148
1	20053	Ol Mahum Patrol	21	787	36	0	12	-49868,149683,-2743;-49354,148422,-3164;-48067,146574,-3085;-47314,143340,-2888;-47218,141785,-2941;-47012,143874,-2848;-46300,148153,-2968;-46260,145685,-3016
1	20437	Ol Mahum Recruit	21	764	35	0	14	-51869,146126,-2761;-51394,148400,-2702;-49828,144344,-2640;-49676,142000,-2792;-49662,143420,-2644;-49614,140172,-2874;-49072,150020,-2824;-48732,140400,-2808
1	20058	Ol Mahum Guard	22	821	39	0	21	-57024,142156,-2804;-54378,146505,-2875;-53892,143078,-3004;-53816,145021,-2880;-52456,142112,-2996;-52153,139080,-2953;-51544,139663,-2889;-51527,147061,-2275
1	20061	Ol Mahum Straggler	23	895	43	0	5	-56822,142868,-2804;-54812,142617,-2844;-54027,140309,-2852;-53096,139389,-2922;-52817,143258,-2902
1	20436	Ol Mahum Supplier	23	878	42	0	7	-54656,146789,-2875;-53932,145952,-2874;-53832,146954,-2864;-52309,140661,-2916;-51550,141934,-2996;-51087,139191,-2917;-49902,138473,-2886
1	20063	Ol Mahum Shooter	24	963	47	0	1	-54473,139440,-2864
1	20439	Ol Mahum Officer	24	935	46	0	7	-55772,143391,-2549;-53792,142544,-3004;-53483,140079,-2852;-51884,143533,-2889;-50873,142377,-2889;-50567,139350,-2880;-49764,138994,-2920
1	20066	Ol Mahum Captain	25	1052	53	0	3	-53724,140620,-2856;-52068,143364,-2888;-50782,140112,-2854
1	20076	Ol Mahum Commander	29	1319	71	0	3	-53926,140976,-2856;-51828,143838,-2889;-50709,140056,-2858
2	20331	Monster Eye Tracker	10	296	10	0	3	136288,-173530,-1777;136969,-172860,-1777;137273,-174137,-1777
2	20330	Mineshaft Bat	11	326	12	0	3	135880,-173379,-1777;136230,-172676,-1777;136887,-174447,-1777
2	20425	Akaste Bone Soldier	12	363	13	0	3	136081,-173023,-1777;136237,-174022,-1777;137089,-173379,-1777
2	20540	Gemstone Beast	12	352	13	0	2	135982,-173913,-1777;136599,-172626,-1777
2	20346	Darkstone Golem	13	545	21	0	2	136384,-174269,-1777;136673,-173407,-1756
2	20323	Goblin Brigand Leader	14	508	20	0	3	137645,-186162,-2088;135976,-183061,-2234
2	20423	Akaste Bone Archer	14	428	17	0	1	136585,-174625,-1777
2	20521	Whinstone Golem	14	705	27	0	1	137645,-186162,-2088
2	20526	Obsidian Golem	15	755	31	0	2	135976,-183061,-2234
2	20483	Corpse Candle	17	604	25	0	3	142185,-178373,364;143174,-178383,364;143347,-177946,366
2	20541	Ore Bat	17	499	21	0	4	142833,-178332,364;143206,-177246,366;143299,-178371,360;143803,-177840,366
2	20390	Boogle Ratman Leader	18	533	23	0	4	142089,-176678,336;142584,-178380,366;142788,-178256,364;142830,-177867,366
2	20511	Pitchstone Golem	19	799	36	0	3	141981,-177668,366;142650,-177001,386;142791,-177054,371
3	20792	Farhite	39	4114	262	0	7	105113,202808,-3353;109338,200361,-3414;114550,201479,-3419
3	20135	Alligator	40	2373	153	0	8	105113,202808,-3353;109338,200361,-3414;114550,201479,-3419
3	20314	Great White Shark	42	2180	145	0	3	106352,197168,-4136
4	20135	Alligator	40	2373	153	0	37	112518,200040,-3414;108632,186587,-3540;111569,188613,-3510;115693,188524,-3498;118680,190045,-3633
4	20804	Crokian Lad	41	5148	336	0	41	108632,186587,-3540;111569,188613,-3510;115693,188524,-3498;118680,190045,-3633;119117,186916,-3594
4	20805	Dailaon Lad	42	5580	372	0	14	109367,168681,-3357;112505,168340,-3324;119117,186916,-3594;125655,190495,-3050
4	20806	Crokian Lad Warrior	43	5356	362	0	19	109367,168681,-3357;112505,168340,-3324;116268,168761,-3224;119784,168036,-3349;125655,190495,-3050
4	20807	Farhite Lad	44	5634	386	0	20	109367,168681,-3357;112505,168340,-3324;116268,168761,-3224;119784,168036,-3349;126783,183601,-2657;125655,190495,-3050
4	20808	Nos Lad	45	6974	484	0	9	116268,168761,-3224;119784,168036,-3349;126783,183601,-2657
4	20991	Swamp Tribe	45	10278	714	0	1	126783,183601,-2657
5	20956	Past Knight	64	5794	530	0	15	112353,-1172,-3908;114877,-367,-3615;115738,-862,-3568;116529,-1337,-3637;117556,-370,-3607;119084,-3540,-3892;119726,-1193,-3723;113576,1616,-3723
5	20963	Bloody Lord	68	4691	453	0	2	119084,-3184,-3892;119587,-3362,-3892
6	20643	Harit Lizardman Warrior	53	4332	341	0	7	158490,89726,-3681;160066,90540,-3560;161392,92431,-3414;163345,84224,-2370;163879,84827,-2370;164158,86826,-2800;166551,84996,-2088
6	20644	Harit Lizardman Shaman	54	4241	338	0	6	159092,92669,-3460;160168,90129,-3407;164460,87004,-2800;165213,87702,-2472;166031,86913,-2255;166096,83463,-2024
6	20645	Harit Lizardman Matriarch	55	9536	770	0	8	157505,89610,-3705;160088,91710,-3461;161055,90973,-3369;161947,83892,-2864;163352,83238,-2370;165376,87033,-2370;165993,88314,-2370;167421,86382,-2004
7	20059	Hungry Eye	22	821	39	0	2	-11664,168373,-2486;-9355,167521,-2567
7	20204	Bloody Bee	23	956	46	0	1	-3791,170254,-2921
7	20063	Ol Mahum Shooter	24	963	47	0	3	-12037,167544,-2314;-9689,170725,-3427;-8313,169005,-3223
7	20066	Ol Mahum Captain	25	1052	53	0	5	-10791,167312,-2954;-10293,170013,-3427;-10163,168575,-2760;-9085,169657,-3427;-8618,171272,-2812
7	20067	Monster Eye Watcher	25	992	50	0	7	-12830,175144,-3841;-6620,181616,-3503
7	20068	Monster Eye Destroyer	26	1078	54	0	2	-12830,175144,-3841
7	20070	Lesser Basilisk	27	1124	58	0	8	-12830,175144,-3841;-11102,178199,-4035;-6620,181616,-3503
7	20072	Basilisk	28	1189	62	0	12	-11102,178199,-4035;-12773,180018,-4035;-9480,182704,-3903;-6620,181616,-3503
7	20075	Ant Larva	29	1139	61	0	11	-13105,175568,-5238;-14435,177008,-5259;-13702,178024,-5265
7	20190	Skeleton Marauder	29	1306	70	0	3	-12773,180018,-4035;-9480,182704,-3903
7	20079	Ant	30	1308	72	0	19	-14435,177008,-5259;-13702,178024,-5265;-14161,179196,-5314;-14502,178310,-5265;-15934,177031,-5265
7	20191	Skeleton Raider	30	1335	73	0	10	-12773,180018,-4035;-13061,182597,-4019;-9480,182704,-3903
7	20080	Ant Captain	31	1425	79	0	18	-13061,182597,-4019;-13702,178024,-5265;-14161,179196,-5314;-14502,178310,-5265;-15934,177031,-5265
7	20081	Ant Overseer	32	2400	134	0	10	-14161,179196,-5314;-14502,178310,-5265;-15934,177031,-5265
7	20082	Ant Recruit	33	1451	83	0	27	-13155,179542,-5328;-13732,181870,-5338;-13877,180175,-5338;-15169,178488,-5268;-17914,178507,-5339
7	20083	Granite Golem	33	2239	129	0	3	-13061,182597,-4019
7	20084	Ant Patrol	34	1667	97	0	32	-13155,179542,-5328;-13732,181870,-5338;-15506,181912,-5338;-15624,179893,-5341;-13877,180175,-5338;-15169,178488,-5268;-17914,178507,-5339
7	20086	Ant Guard	35	1484	88	0	29	-13155,179542,-5328;-13732,181870,-5338;-13877,180175,-5338;-15169,178488,-5268;-17914,178507,-5339
7	20087	Ant Soldier	35	3560	210	0	15	-15506,181912,-5338;-15624,179893,-5341;-16274,181259,-5438
7	20088	Ant Warrior Captain	36	3968	240	0	13	-15506,181912,-5338;-15624,179893,-5341;-16274,181259,-5438
7	20089	Noble Ant	37	1659	102	0	9	-16274,181259,-5438
8	20758	Dragon Bearer Chief	49	5255	389	0	2	128085,114445,-3658
8	20137	Drake	57	4819	401	0	1	124639,109352,-2948
8	20246	Cave Keeper	58	5822	492	0	4	128085,114445,-3658;124639,109352,-2948
8	20134	Cave Maiden	59	5112	437	0	4	128085,114445,-3658;124639,109352,-2948
8	18001	Blood Queen	60	4536	394	0	3	128085,114445,-3658
8	21084	Bloody Lady	60	13608	1182	0	19	135443,114405,-3648;136669,114287,-3660;140415,114425,-3676;144356,114642,-3675;140869,113092,-3657;141722,112366,-3683;143615,112421,-3883
8	20620	Cave Beast	61	12912	1134	0	22	135443,114405,-3648;136669,114287,-3660;140415,114425,-3676;144356,114642,-3675;140869,113092,-3657;141722,112366,-3683;143615,112421,-3883
8	20621	Death Wave	62	13917	1239	0	32	135443,114405,-3648;136669,114287,-3660;140415,114425,-3676;144356,114642,-3675;145637,115738,-3660;147208,116550,-3658;140869,113092,-3657;141722,112366,-3683
8	20622	Malruk Soldier	63	14859	1341	0	68	145637,115738,-3660;147208,116550,-3658;148493,117951,-3653;143177,108740,-3890;140836,109545,-3884;142399,107167,-3852;145314,108632,-3900;140455,118400,-3865
8	20623	Plando	64	19812	1812	0	32	145637,115738,-3660;147208,116550,-3658;148493,117951,-3653;143177,108740,-3890;140836,109545,-3884;142399,107167,-3852;145314,108632,-3900;140455,118400,-3865
8	20624	Cave Howler	65	20148	1872	0	74	148493,117951,-3653;143177,108740,-3890;140836,109545,-3884;142399,107167,-3852;145314,108632,-3900;147774,110071,-3887;140455,118400,-3865;142899,116926,-3865
8	20625	Malruk Knight	66	20119	1892	0	36	145314,108632,-3900;147774,110071,-3887;145198,121708,-3857;146226,121254,-3853;145711,120117,-3853;144909,118279,-3849;145713,117568,-3855;149205,120908,-4824
8	20626	Malruk Berserker	67	28880	2748	0	25	147774,110071,-3887;145711,120117,-3853;144909,118279,-3849;145713,117568,-3855;149205,120908,-4824
8	20627	Malruk Lord	68	24819	2395	0	28	145711,120117,-3853;144909,118279,-3849;145713,117568,-3855;149205,120908,-4824;153711,116928,-5195;153303,115701,-5196;154190,114682,-5188;154654,115953,-5204
8	20628	Limal Karinness	69	26745	2615	0	33	149205,120908,-4824;153711,116928,-5195;153303,115701,-5196;154190,114682,-5188;154654,115953,-5204;150718,115073,-5419;148988,114977,-5417;153887,112114,-5467
8	20761	Pytan	69	19899	1947	0	17	140415,114425,-3676;144356,114642,-3675;148493,117951,-3653;143615,112421,-3883;140836,109545,-3884;145314,108632,-3900;147774,110071,-3887;140455,118400,-3865
8	20629	Karik	70	32921	3260	0	55	153711,116928,-5195;153303,115701,-5196;154190,114682,-5188;154654,115953,-5204;150718,115073,-5419;148988,114977,-5417;153887,112114,-5467;150442,111712,-5455
8	21085	Bloody Sniper	71	27869	2795	0	20	150718,115073,-5419;148988,114977,-5417;153887,112114,-5467;150442,111712,-5455;149687,109836,-5260;151197,109367,-5098;153452,109568,-5094;153127,109114,-5104
8	21086	Bloody Liviona	72	27830	2825	0	28	153887,112114,-5467;150442,111712,-5455;149687,109836,-5260;151197,109367,-5098;153452,109568,-5094;153127,109114,-5104;153734,109148,-5087;153677,108428,-5094
8	21087	Bloody Knight	73	44660	4595	0	50	150606,107401,-4738;148884,108211,-4313;147111,107662,-3871;146343,111220,-3545;146638,112551,-3673;148398,112435,-3665;149091,113746,-3670;149032,115518,-3662
8	21088	Bloody Banshee	74	29395	3060	0	22	146343,111220,-3545;146638,112551,-3673;148398,112435,-3665;149091,113746,-3670;149032,115518,-3662;149901,116704,-3683;150664,117779,-3657;151286,118282,-3813
8	21089	Bloody Lord	75	34085	3595	0	51	146343,111220,-3545;146638,112551,-3673;148398,112435,-3665;149091,113746,-3670;149032,115518,-3662;149901,116704,-3683;150664,117779,-3657;151286,118282,-3813
8	21090	Bloody Guardian	75	26202	2763	0	30	150718,115073,-5419;153887,112114,-5467;150442,111712,-5455;153155,107589,-5090;146638,112551,-3673;148398,112435,-3665;149032,115518,-3662;152445,119657,-3756
9	21445	Alpen Bandersnatch	64	6076	556	0	6	58414,-78043,-3300;55272,-83242,-2795;58528,-84565,-2612;58847,-87193,-2212;52929,-86531,-2660;52949,-88406,-2407
9	21449	Raider of Pastureland	68	8440	815	0	5	51575,-92720,-2104;50808,-81968,-2864;54628,-83801,-2752;53201,-83749,-2709;53536,-85316,-2736
9	21450	Alpen Grendel	68	8162	789	0	3	52505,-92301,-2104;52092,-81135,-2789;53102,-84511,-2773
10	20928	Hatu Weird Bee	30	734	40	0	3	30854,191240,-3443
10	20929	Hatu Dire Wolf	32	697	39	0	4	30854,191240,-3443
10	20930	Hatu Brown Bear	34	1098	64	0	4	30854,191240,-3443
10	20931	Hatu Onyx Beast	36	1017	62	0	34	28534,186990,-3428;31286,186706,-3419;27232,181906,-3138;30564,182156,-3356;30217,178943,-3356;34659,181379,-3089;33666,185926,-3069
10	20935	Wasp Leader	37	904	56	0	40	30854,191240,-3443;28534,186990,-3428;31286,186706,-3419;27232,181906,-3138;30564,182156,-3356;30217,178943,-3356;34659,181379,-3089;33666,185926,-3069
10	20932	Hatu Crimson Bear	38	1344	84	0	34	28534,186990,-3428;31286,186706,-3419;27232,181906,-3138;30564,182156,-3356;30217,178943,-3356;34659,181379,-3089;33666,185926,-3069
10	20933	Hatu Windsus	40	1540	99	0	33	28534,186990,-3428;31286,186706,-3419;27232,181906,-3138;30564,182156,-3356;30217,178943,-3356;34659,181379,-3089;33666,185926,-3069
11	20676	Judge of Marsh	65	6205	577	0	18	148468,-9406,-4288;151597,-9022,-4296;140167,-7272,-4656;143825,-7197,-4480;142133,-5608,-4556;144344,-4977,-4312;147040,-6016,-4372;149667,-6983,-4500
11	20677	Tulben	66	6968	656	0	19	148468,-9406,-4288;151597,-9022,-4296;140167,-7272,-4656;143825,-7197,-4480;142133,-5608,-4556;144344,-4977,-4312;147040,-6016,-4372;149667,-6983,-4500
11	21108	Glow Wisp	67	6528	622	0	41	139384,-10695,-4524;142119,-9810,-4636;148468,-9406,-4288;151597,-9022,-4296;140167,-7272,-4656;143825,-7197,-4480;142133,-5608,-4556;144344,-4977,-4312
11	21109	Hames Orc Scout	68	8082	781	0	31	139384,-10695,-4524;142119,-9810,-4636;148468,-9406,-4288;151597,-9022,-4296;140167,-7272,-4656;143825,-7197,-4480;142133,-5608,-4556;144344,-4977,-4312
11	21110	Marsh Predator	69	6890	674	0	47	139384,-10695,-4524;142119,-9810,-4636;148468,-9406,-4288;151597,-9022,-4296;140167,-7272,-4656;143825,-7197,-4480;142133,-5608,-4556;144344,-4977,-4312
11	21111	Lava Wyrm	70	7197	714	0	43	140695,-14940,-4168;144989,-14986,-3836;148322,-15252,-4000;151073,-14408,-4292;147356,-12197,-4304;151049,-12014,-4300;145272,-9388,-4492;156822,-14596,-2580
11	21112	Hames Orc Footman	71	8724	875	0	49	140695,-14940,-4168;144989,-14986,-3836;148322,-15252,-4000;151073,-14408,-4292;147356,-12197,-4304;151049,-12014,-4300;145272,-9388,-4492;156822,-14596,-2580
11	20773	Conjurer Bat Lord	72	10535	1070	0	16	142544,-19397,-3116;150148,-18472,-2916;140695,-14940,-4168;144989,-14986,-3836;148322,-15252,-4000;151073,-14408,-4292;147356,-12197,-4304;151049,-12014,-4300
11	21113	Hames Orc Sniper	72	9722	988	0	31	140695,-14940,-4168;144989,-14986,-3836;148322,-15252,-4000;151073,-14408,-4292;147356,-12197,-4304;151049,-12014,-4300;145272,-9388,-4492;156822,-14596,-2580
11	21114	Cursed Guardian	73	9231	950	0	33	144317,-24823,-2106;146833,-25578,-2644;149573,-24404,-3174;147941,-23165,-3138;146613,-21705,-3034;144239,-21602,-2908;142544,-19397,-3116;150065,-21595,-3122
11	21115	Hames Orc Shaman	74	8043	838	0	42	144317,-24823,-2106;146833,-25578,-2644;149573,-24404,-3174;147941,-23165,-3138;146613,-21705,-3034;144239,-21602,-2908;142544,-19397,-3116;150065,-21595,-3122
11	21116	Hames Orc Overlord	75	12699	1340	0	32	144317,-24823,-2106;146833,-25578,-2644;149573,-24404,-3174;147941,-23165,-3138;146613,-21705,-3034;144239,-21602,-2908;142544,-19397,-3116;150065,-21595,-3122
12	20199	Amber Basilisk	30	1557	85	0	22	78815,129164,-3464;82952,129589,-3452;88920,129683,-3588;94422,129564,-3180;73191,132678,-3320;76221,132013,-3428;92956,132229,-3400
12	20267	Breka Orc	31	1397	78	0	22	78815,129164,-3464;82952,129589,-3452;88920,129683,-3588;94422,129564,-3180;73191,132678,-3320;76221,132013,-3428;92956,132229,-3400
12	20268	Breka Orc Archer	32	1920	108	0	20	78815,129164,-3464;82952,129589,-3452;88920,129683,-3588;94422,129564,-3180;73191,132678,-3320;76221,132013,-3428;92956,132229,-3400
12	20271	Breka Orc Warrior	33	1922	110	0	10	80769,123738,-2180;81232,126548,-2784;84946,126004,-2428;92948,124262,-2280;89649,132389,-3368
12	20269	Breka Orc Shaman	34	1681	98	0	10	80769,123738,-2180;81232,126548,-2784;84946,126004,-2428;92948,124262,-2280;89649,132389,-3368
12	20270	Breka Orc Overlord	35	2380	141	0	11	80769,123738,-2180;81232,126548,-2784;84946,126004,-2428;92948,124262,-2280;89649,132389,-3368
13	20427	Evil Eye Watcher	10	296	10	0	9	12884,-110252,-3484;13189,-110847,-3481;13982,-110800,-3392;14828,-111716,-3384;14972,-115184,-3321;15009,-115656,-3321;16184,-113944,-3115;16675,-114896,-3135
13	20340	Slave Skeleton	12	363	13	0	12	12824,-110048,-3448;13056,-110600,-3481;13488,-109896,-3484;14284,-110622,-3392;14496,-115514,-3396;14929,-111182,-3384;14999,-114519,-3321;15217,-116877,-3232
13	20368	Grave Keeper	13	545	21	0	12	12962,-110450,-3481;13488,-110252,-3484;14559,-110648,-3346;14868,-114733,-3320;14929,-111538,-3384;15000,-115692,-3396;15003,-114806,-3321;16445,-113970,-3115
13	20429	Evil Eye Lookout	14	415	16	0	2	16518,-109108,-3080;16707,-110038,-3025
13	20491	Crypt Horror	15	454	19	0	4	14491,-109929,-3416;16418,-109286,-3080;16485,-110226,-3034;16707,-110678,-3044
13	20487	Kuruka Ratman	16	475	19	0	1	17255,-116711,-3160
13	20415	Scarlet Salamander	17	555	23	0	4	16007,-112618,-3138;16409,-112974,-3260;16725,-112156,-3138;17359,-112670,-3138
13	20416	Scarlet Salamander Elder	18	586	26	0	4	16197,-112312,-3188;16595,-112612,-3196;16610,-112974,-3260;17137,-112208,-3138
13	21257	Evil Eye Seer	18	646	28	0	16	8689,-118742,-1787;3298,-117689,-2350;5909,-114873,-1919;6011,-110184,-2020
13	21117	Kasha Imp	19	678	30	0	19	8689,-118742,-1787;3298,-117689,-2350;5909,-114873,-1919;6011,-110184,-2020
13	21118	Baar Dre Vanul	20	726	32	0	16	8689,-118742,-1787;3298,-117689,-2350;5909,-114873,-1919;6011,-110184,-2020
13	21119	Hobgoblin	21	764	35	0	3	1182,-110304,-2537
13	21120	Kasha Imp Turen	22	996	47	0	3	1182,-110304,-2537
13	21121	Kasha Dire Wolf	23	895	43	0	7	8689,-118742,-1787;1182,-110304,-2537
13	21122	Kasha Bugbear	24	954	47	0	4	8689,-118742,-1787
13	21123	Baar Dre Vanul Destroyer	25	1267	63	0	5	8689,-118742,-1787;5909,-114873,-1919
13	20778	Ragna Orc Overlord	39	2477	157	0	2	11530,-107034,-3504;11777,-106414,-3544
13	20779	Ragna Orc Seer	39	2212	141	0	2	11424,-106324,-3544;11474,-105852,-3552
14	20675	Tairim	50	3817	288	0	20	170019,7344,-2676;172189,7356,-2676;170012,11242,-2618;172204,11240,-2618;172339,28860,-3610;178591,28864,-3610
14	20996	Spiteful Ghost of Ruins	50	5349	403	0	20	170019,7344,-2676;172189,7356,-2676;170012,11242,-2618;172204,11240,-2618;172339,28860,-3610;178591,28864,-3610
14	20997	Soldier of Grief	51	3782	288	0	34	170019,7344,-2676;172189,7356,-2676;170012,11242,-2618;172204,11240,-2618;170052,17710,-3218;170046,22936,-3322;172339,28860,-3610;178591,28864,-3610
14	20666	Taik Orc Seeker	52	4679	362	0	19	170052,17710,-3218;170046,22936,-3322;170045,17860,-3338;170038,22776,-3404
14	20998	Cruel Punisher	52	4168	322	0	14	170052,17710,-3218;170046,22936,-3322
14	20678	Tortured Undead	53	4085	321	0	8	173967,17242,-3240;173979,23406,-3240
14	20999	Roving Soul	53	4943	389	0	8	173967,17242,-3240;173979,23406,-3240
14	21000	Soul of Ruins	54	4325	345	0	8	173967,17242,-3240;173979,23406,-3240
14	27181	Imperial Gravekeeper	60	0	0	0	2	170045,17860,-3338;170038,22776,-3404
15	22138	Chapel Guard	80	3852	458	0	76	-12913,-45558,-10725;-12913,-45612,-10725;-12913,-45667,-10725;-12914,-49649,-10917;-12914,-49717,-10917;-12914,-49791,-10917;-12930,-47615,-10821;-12930,-47675,-10821
16	20292	Enku Orc Shaman	20	813	36	0	2	11325,132670,-2847;12323,131718,-2578
16	20291	Enku Orc Champion	21	927	43	0	1	10432,133761,-2800
16	20225	Giant Mist Leech	25	992	50	0	24	8286,118070,-3531;14307,123866,-3531;7582,116811,-3531
16	20226	Gray Ant	26	1056	53	0	20	8286,118070,-3531;14307,123866,-3531;7582,116811,-3531
16	20227	Horror Mist Ripper	27	1124	58	0	32	8374,109533,-3531;8286,118070,-3531;14307,123866,-3531;21219,122946,-3531
16	20228	Giant Crimson Ant	28	1296	68	0	17	8374,109533,-3531;21219,122946,-3531;9254,109098,-3531
16	20157	Marsh Stakato	29	1509	81	0	23	13830,104934,-3531;8374,109533,-3531;21219,122946,-3531
16	20229	Stinger Wasp	30	1454	79	0	27	13830,104934,-3531;27279,116751,-3531;9254,109098,-3531
16	20230	Marsh Stakato Worker	31	1663	92	0	18	13830,104934,-3531;27279,116751,-3531
16	20231	Toad Lord	32	1622	91	0	25	27279,116751,-3531;27906,109845,-3531;19460,103353,-3531
16	20232	Marsh Stakato Soldier	33	1583	91	0	20	27906,109845,-3531;24629,104865,-3531;19460,103353,-3531
16	20233	Marsh Spider	34	1867	109	0	24	27906,109845,-3531;24629,104865,-3531;19460,103353,-3531
16	20234	Marsh Stakato Drone	35	1889	112	0	16	27906,109845,-3531;24629,104865,-3531
16	27139	Secret Keeper Tree	47	0	0	0	1	9209,127105,-3640
17	20227	Horror Mist Ripper	27	1124	58	0	10	12050,115994,-3531;16537,120276,-3531
17	20228	Giant Crimson Ant	28	1296	68	0	9	12050,115994,-3531;16537,120276,-3531
17	20157	Marsh Stakato	29	1509	81	0	13	12050,115994,-3531;16537,120276,-3531
17	20229	Stinger Wasp	30	1454	79	0	18	14324,108983,-3531;21897,117250,-3531;14485,116441,-3531;17601,117612,-3531
17	20230	Marsh Stakato Worker	31	1663	92	0	41	14324,108983,-3531;21897,117250,-3531;17362,111402,-3531;14108,112435,-3531;14485,116441,-3531;17601,117612,-3531;20661,114027,-3531
17	20231	Toad Lord	32	1622	91	0	23	14324,108983,-3531;21897,117250,-3531;20559,110956,-3531;17362,111402,-3531;14108,112435,-3531
17	20232	Marsh Stakato Soldier	33	1583	91	0	26	14324,108983,-3531;24468,111688,-3531;21178,107594,-3531;20559,110956,-3531;17362,111402,-3531;20661,114027,-3531
17	20233	Marsh Spider	34	1867	109	0	15	24468,111688,-3531;21178,107594,-3531;20559,110956,-3531
17	20234	Marsh Stakato Drone	35	1889	112	0	13	24468,111688,-3531;21178,107594,-3531
17	27104	Shadow Turen	39	0	0	0	1	23031,118953,-3704
17	20213	Porta	40	4728	304	0	20	11598,120256,-12085;11682,116808,-12082;12519,116858,-12082;12530,117248,-12084;12596,119292,-12082;13598,120486,-12089;13956,116683,-12085;13991,120502,-12089
17	20214	Excuro	41	4056	264	0	29	11101,117501,-12085;11431,119309,-12082;11598,119544,-12085;11805,116967,-12085;12001,119900,-12085;12541,118690,-12082;12608,118321,-12082;12806,117757,-12133
17	20215	Mordeo	42	5250	350	0	17	11202,117679,-12085;11433,117035,-12085;11464,117483,-12085;11699,119722,-12085;11844,117731,-12085;11899,119366,-12085;12712,116921,-12082;20076,119925,-12131
17	21035	Catherok	42	4550	302	0	41	11136,117324,-12087;11236,119707,-12085;11497,119366,-12085;11594,120095,-12085;11705,117857,-12085;11799,119900,-12085;12006,116967,-12085;12323,109522,-12085
17	20216	Ricenseo	43	4208	284	0	35	11255,110556,-12085;11383,108568,-12085;11618,109700,-12085;11767,107765,-12085;12118,109750,-12082;12126,109581,-12082;12161,111090,-12085;12261,110912,-12085
17	20217	Krator	44	5376	368	0	15	11786,108212,-12085;12189,108212,-12085;12561,109894,-12084;13106,110501,-12082;14800,111440,-12085;14990,110831,-12085;14999,109706,-12082;20403,107827,-12121
17	20751	Snipe	44	6774	464	0	9	11654,108410,-12085;12451,109580,-12082;13685,109655,-12082;14272,108143,-12085;21032,108398,-12085;21393,107749,-12082;22306,107868,-12082;23512,108536,-12085
17	21036	Shindebarn	44	5738	392	0	25	11283,108390,-12085;11383,108212,-12085;11384,107856,-12085;11384,110944,-12085;11586,111318,-12085;11757,111446,-12085;11787,108568,-12085;12183,107964,-12085
17	20218	Premo	45	5624	390	0	9	11558,111090,-12085;11988,108212,-12085;12060,110912,-12085;14055,108055,-12085;14447,108528,-12085;21511,108361,-12121;21621,108950,-12082;23606,108769,-12129
17	29013	Premo	45	0	1	0	2	18324,113037,-6580;18649,113055,-6580
17	20219	Validus	46	4816	340	0	11	11777,109891,-9043;12365,108543,-9044;12768,108899,-9044;12940,109581,-9065;13343,109935,-9065;15104,109632,-9044;15138,109987,-9044;15320,109151,-9044
17	29010	Validus	46	0	1	0	1	16520,113202,-6580
17	20220	Dicor	47	5734	410	0	9	12695,114616,-9029;12722,113816,-9029;12723,115227,-9029;14909,109193,-9044;15117,108947,-9044;15158,109311,-9044;19920,108970,-9044;20406,108992,-9044
17	21037	Ossiud	47	6652	476	0	21	12140,110213,-9062;12165,109255,-9044;12266,109077,-9064;12667,108721,-9064;13069,108721,-9044;13070,109077,-9044;13271,109077,-9044;13679,112219,-9065
17	29009	Dicor	47	0	1	0	7	16647,112937,-6580;17148,112858,-6580;17154,113014,-6580;17606,113113,-6580;17757,112745,-6580;17850,112815,-6580;17929,112803,-6580
17	20221	Perum	48	6876	502	0	8	12495,109575,-9065;12518,110605,-9065;13692,113580,-9065;21410,110124,-9044;21657,114330,-9045;22291,114284,-9044;23172,110278,-9044;23771,110185,-9044
17	29012	Perum	48	0	1	0	5	16567,113363,-6580;16914,113013,-6580;18086,112977,-6580;18263,112789,-6580;18789,113082,-6580
17	20222	Torfe	49	6050	446	0	37	11744,116964,-9043;11793,113177,-9065;11794,115134,-9065;12038,118158,-9065;12064,108721,-9044;12224,109903,-9065;12377,118649,-9065;12590,117662,-9065
17	21038	Liangma	49	5852	432	0	25	11681,112980,-9065;11724,113939,-9065;11755,113600,-9065;11772,114319,-9065;11830,112917,-9065;11896,117590,-9062;12086,119189,-9065;12165,118623,-9065
17	29011	Susceptor	49	0	1	0	11	16598,112883,-6580;17148,112911,-6580;17396,112971,-6580;17502,112768,-6580;17765,112901,-6580;17938,113076,-6580;18047,112844,-6580;18265,112945,-6580
17	20136	Death Knight	50	9302	700	0	8	11781,118125,-9044;12667,116799,-9043;13101,118824,-9065;15011,119111,-9044;19989,119150,-9044;21655,117347,-9044;22391,113750,-9044;22391,114106,-9044
17	20753	Dark Lord	50	8564	644	0	6	11790,112310,-8996;12250,118982,-9065;12956,117593,-9065;21794,118218,-9044;22499,114762,-9046;23074,114081,-9065
18	22001	Grim Wolf	25	1199	60	0	4	41158,-112479,-2071;41393,-112883,-2113;41554,-112766,-2160;41672,-113145,-2191
18	22002	Grim Grizzly	26	879	44	0	4	40086,-111746,-1752;40226,-111894,-1802;40278,-112103,-1860;40724,-111027,-1687
18	22003	Grave Robber Scout	27	1032	53	0	7	40630,-112931,-2028;40640,-111195,-1719;40847,-113251,-2068;40907,-112967,-2059;47168,-110575,-2351;47479,-110646,-2334;47806,-111256,-2225
18	22004	Grave Robber Lookout	27	1032	53	0	8	40146,-111587,-1732;40859,-111185,-1748;46451,-108753,-1832;47038,-109490,-1722;47079,-110732,-2349;47232,-107298,-1614;48242,-110178,-2082;48458,-110068,-2082
18	22005	Grave Robber Ranger	28	1664	87	0	3	46518,-108855,-1832;46963,-107221,-1562;47498,-107709,-1589
18	22006	Grave Robber Guard	29	1340	72	0	5	46759,-108270,-1832;46967,-109498,-1718;47503,-108855,-1831;47620,-107941,-1572;47627,-108013,-1580
18	22007	Ghost of a Soldier	29	1340	72	0	66	51003,-118403,-4154;49735,-120081,-4143;49732,-120239,-4143;49663,-120556,-4257;48056,-121272,-3741;47679,-121022,-3879;48066,-120891,-3885;47936,-123021,-3880
18	22009	Ghost of a Loyal Vassal	31	1404	78	0	54	50358,-118134,-4143;49595,-119413,-3964;50285,-119842,-4027;50549,-119601,-3937;51058,-119990,-4137;50003,-120137,-4123;48521,-121163,-3881;47913,-121006,-3881
18	22010	Ghost of a General	32	1449	81	0	55	50002,-119101,-3734;49377,-118505,-4139;50813,-120171,-4138;49942,-120224,-4141;48077,-120920,-3880;47818,-122198,-3483;48317,-122598,-3653;46190,-124876,-3244
18	22011	Ghost of a Batur Chief	33	1515	87	0	7	49891,-119274,-3733;48565,-121952,-3511;47875,-122603,-3690;46456,-124773,-3238;52148,-122137,-3446;50386,-124779,-3245;53662,-125017,-3205
19	20529	Young Brown Keltir	1	35	2	0	24	26135,13674,-3591;22786,15011,-3591;23215,9051,-3563;24496,9206,-3538;25307,13254,-3538
19	20532	Brown Keltir	2	70	2	0	19	26534,18263,-3591;22786,15011,-3591;23215,9051,-3563;24496,9206,-3538;25307,13254,-3538
19	20536	Elder Brown Keltir	3	105	2	0	13	26135,13674,-3591;26534,18263,-3591;22786,15011,-3591
19	20456	Ashen Wolf	4	141	4	0	16	30648,14200,-3541;26534,18263,-3591;23026,20174,-3541;25164,5511,-3563;19946,6930,-3485
19	20003	Goblin	5	178	5	0	19	30648,14200,-3541;29993,18218,-3591;26534,18263,-3591;23026,20174,-3541;29788,7489,-3563;19946,6930,-3485
19	20004	Imp	6	213	6	0	19	30648,14200,-3541;29993,18218,-3591;23026,20174,-3541;29788,7489,-3563;25164,5511,-3563;19946,6930,-3485;1740,22546,-3443
19	20005	Imp Elder	7	249	8	0	18	29993,18218,-3591;23026,20174,-3541;29788,7489,-3563;25164,5511,-3563;19946,6930,-3485;1740,22546,-3443
19	20328	Goblin Lookout	8	284	10	0	33	-13666,7232,-3344;-8336,11650,-2927;-10418,15410,-3340;-11021,20373,-3471;-8648,23922,-3472
19	20385	Balor Orc Archer	8	293	10	0	10	-10102,8841,-3244;-10418,15410,-3340;-11021,20373,-3471;-17328,23071,-3471
19	20007	Green Fungus	9	321	11	0	40	-10102,8841,-3244;-8336,11650,-2927;-10418,15410,-3340;-11021,20373,-3471;-17328,23071,-3471;-8648,23922,-3472
19	20321	Goblin Thief	10	356	12	0	10	-13666,7232,-3344;-16002,23995,-3474
19	20386	Balor Orc Fighter	10	363	12	0	18	-10102,8841,-3244;-11021,20373,-3471;-17328,23071,-3471
19	20388	Balor Orc Lieutenant	11	391	15	0	6	-28931,28754,-3311;-29470,28539,-3289
19	20387	Balor Orc Fighter Leader	12	436	16	0	7	-28931,28754,-3311;-29470,28539,-3289
19	20400	Blood Fungus	12	427	16	0	12	-17328,23071,-3471;-28931,28754,-3311
20	20385	Balor Orc Archer	8	293	10	0	8	-14144,12620,-3493;-17544,10659,-3268;-20563,15742,-3328
20	20321	Goblin Thief	10	356	12	0	25	-14144,12620,-3493;-17544,10659,-3268;-16682,16988,-3432;-19889,22507,-3495
20	20386	Balor Orc Fighter	10	363	12	0	16	-14144,12620,-3493;-16682,16988,-3432
20	20388	Balor Orc Lieutenant	11	391	15	0	33	-14144,12620,-3493;-17544,10659,-3268;-20563,15742,-3328;-16682,16988,-3432;-26337,20256,-3386;-26111,19073,-3487
20	20387	Balor Orc Fighter Leader	12	436	16	0	26	-14144,12620,-3493;-17544,10659,-3268;-20563,15742,-3328;-26337,20256,-3386;-26111,19073,-3487
20	20400	Blood Fungus	12	427	16	0	15	-20563,15742,-3328;-16682,16988,-3432;-26337,20256,-3386
21	20176	Wyrm	35	1817	108	0	6	66600,105587,-3532;70767,104159,-3596;69748,106196,-3584;70964,109445,-3684;67790,108648,-3540;66805,110802,-3688
21	20550	Guardian Basilisk	36	1960	118	0	8	66600,105587,-3532;70767,104159,-3596;69748,106196,-3584;70964,109445,-3684;67790,108648,-3540;66805,110802,-3688
21	20551	Road Scavenger	37	1991	122	0	8	66600,105587,-3532;70767,104159,-3596;69748,106196,-3584;70964,109445,-3684;67790,108648,-3540;66805,110802,-3688
22	22029	Ragna Orc	40	2537	164	0	8	69886,-118100,-2529;74174,-120841,-3029;75312,-121066,-3031;70135,-125514,-3017;71212,-128949,-3367;76157,-127109,-3152;68283,-122457,-2912;67503,-122327,-2912
22	22045	Dark Corpse	40	1268	82	0	21	70400,-119996,-2661;69705,-120234,-2663;70986,-124170,-3159;72302,-125308,-3176;71912,-126615,-3335;72946,-127653,-3570;72043,-130282,-3351;72748,-130531,-3360
22	22030	Ragna Orc Shaman	42	2615	174	0	4	74751,-121526,-3029;70210,-125527,-3017;70896,-125730,-3017;76352,-127051,-3152
22	22048	Dark Spider	42	1307	87	0	31	71945,-114814,-1895;74293,-116662,-2220;70349,-117629,-2528;69136,-117659,-2420;74631,-118684,-2636;74781,-119365,-2732;73942,-120182,-3029;70808,-121219,-3071
22	22031	Ragna Orc Archer	43	2660	180	0	19	74438,-116987,-2220;74476,-116556,-2220;70709,-117712,-2528;70078,-118787,-2528;67403,-116455,-2172;73333,-120994,-3029;74177,-121460,-3029;74721,-122378,-3029
22	22032	Ragna Orc Warrior	44	3395	232	0	21	74671,-116650,-2220;74077,-117178,-2220;70747,-118554,-2529;68386,-116596,-2173;68375,-115543,-2174;67561,-115888,-2174;73748,-121740,-3029;73584,-120921,-3029
22	22047	Guardian of the Ghost Town	44	1697	116	0	52	71862,-104246,-968;69391,-105953,-1064;68613,-105452,-1152;70799,-106469,-1069;69065,-107952,-1136;66627,-108533,-1245;66723,-106784,-1149;69675,-111860,-1815
22	22033	Ragna Orc Mage	45	2943	205	0	14	70709,-118724,-2528;69527,-119087,-2529;68197,-116874,-2173;67386,-116389,-2172;67915,-116462,-2173;74183,-122169,-3029;70764,-126256,-3017;70735,-124904,-3017
22	22034	Ragna Orc Mage	45	2943	205	0	5	74938,-121908,-3029;68091,-121988,-2912;67701,-122160,-2912;66937,-122314,-2912;67493,-123118,-2917
22	22035	Ragna Orc Mage	45	2943	205	0	2	69768,-119521,-2530;73426,-121728,-3029
22	22046	Varangka's Dre Vanul	46	1637	116	0	31	71162,-103748,-953;71891,-104947,-984;71617,-104980,-992;71659,-105635,-1024;69900,-105603,-956;69334,-106752,-1139;71178,-105788,-1058;68295,-106317,-1154
22	22040	Ragna Orc Sniper	47	3311	237	0	3	63123,-107408,-2387;63065,-117085,-3071;61860,-117330,-3073
22	22038	Ragna Orc Hero	48	3423	250	0	5	63002,-106810,-2385;63695,-107252,-2385;67422,-115858,-2173;62053,-117960,-3074;62551,-116622,-3071
22	22039	Ragna Orc Commander	49	3659	270	0	7	68325,-107761,-1162;67867,-106897,-1162;67122,-107163,-1158;63092,-106877,-2385;62695,-117812,-3071;63028,-117364,-3071;61806,-116774,-3071
22	22049	Varangka's Succubus	49	1829	135	0	17	71621,-104849,-985;71346,-105338,-1026;70141,-104989,-942;69214,-104866,-987;68426,-105303,-1139;71189,-106682,-1049;71095,-106913,-1066;66670,-107636,-1149
22	22041	Ragna Orc Sorcerer	50	3629	273	0	9	74134,-116919,-2220;74633,-117168,-2220;74713,-116841,-2220;74463,-116449,-2220;74369,-116753,-2220;61819,-117815,-3078;62889,-117921,-3071;62889,-117023,-3071
23	20832	Zaken's Pikeman	43	2720	184	0	36	41546,197301,-4396;41558,199034,-4572;41280,199917,-4580;41802,200572,-4509;41607,201161,-4350;41837,201652,-4199;42149,202204,-4093;41977,203093,-3889
23	21604	Zaken's Elite Pikeman	43	8456	572	0	28	41546,197301,-4396;41558,199034,-4572;41280,199917,-4580;41802,200572,-4509;41607,201161,-4350;41837,201652,-4199;42149,202204,-4093;41977,203093,-3889
23	20833	Zaken's Archer	44	3025	207	0	23	41546,197301,-4396;41280,199917,-4580;41607,201161,-4350;42149,202204,-4093;41977,203093,-3889;43183,204415,-3712;44926,206189,-3711;46422,205791,-3583
23	20836	Pirate Zombie	44	5664	388	0	30	41546,197301,-4396;41558,199034,-4572;41280,199917,-4580;41802,200572,-4509;41607,201161,-4350;41837,201652,-4199;42149,202204,-4093;41977,203093,-3889
23	21607	Zaken's Elite Archer	44	9092	620	0	20	41546,197301,-4396;41280,199917,-4580;41607,201161,-4350;42149,202204,-4093;41977,203093,-3889;43183,204415,-3712;44926,206189,-3711;46422,205791,-3583
23	20835	Zaken's Seer	45	2478	172	0	39	50035,208692,-3672;50083,210401,-3680;50843,206597,-3940;51413,205551,-3948;53576,205442,-3676;53772,206732,-3700;48447,208625,-3532;47276,209176,-3536
23	21610	Zaken's High Grade Watchman	45	8696	604	0	30	50035,208692,-3672;50083,210401,-3680;50843,206597,-3940;51413,205551,-3948;53576,205442,-3676;53772,206732,-3700;48447,208625,-3532;47276,209176,-3536
23	20839	Unpleasant Humming	46	2877	204	0	36	50035,208692,-3672;50083,210401,-3680;50843,206597,-3940;52148,205402,-3882;53576,205442,-3676;53772,206732,-3700;47276,209176,-3536;46584,210593,-3532
23	20848	Light Bringer	46	4864	344	0	7	43855,217725,-3836;43611,218592,-3756;43360,219055,-3840
23	21613	Unpleasant Shout	46	9440	668	0	29	50035,208692,-3672;50083,210401,-3680;50843,206597,-3940;52148,205402,-3882;53576,205442,-3676;53772,206732,-3700;47276,209176,-3536;46584,210593,-3532
23	20840	Death Flyer	47	2971	213	0	36	42206,210434,-3664;43273,212659,-3672;43155,214305,-3664;42151,212507,-3652;42161,214194,-3652;45875,211772,-3632;45665,212569,-3708;45796,213402,-3700
23	21616	Gigantic Flyer	47	10428	748	0	31	42206,210434,-3664;43273,212659,-3672;43155,214305,-3664;42151,212507,-3652;42161,214194,-3652;45875,211772,-3632;45665,212569,-3708;45796,213402,-3700
23	20841	Fiend Archer	48	3052	223	0	35	42151,212507,-3652;42161,214194,-3652;45665,212569,-3708;45796,213402,-3700;45837,214210,-3700;45315,215591,-3814;45282,216235,-3879;43853,216418,-3840
23	21619	Pit Archer	48	10604	772	0	31	42151,212507,-3652;42161,214194,-3652;45665,212569,-3708;45796,213402,-3700;45837,214210,-3700;45315,215591,-3814;45282,216235,-3879;43853,216418,-3840
23	20842	Musveren	49	2910	215	0	36	45055,220421,-3560;46624,220505,-3520;46743,217544,-3692;49441,220256,-3532;48903,218873,-3532;48317,219986,-3528;48908,217324,-3516;48276,216068,-3528
23	21622	Greater Musveren	49	10212	752	0	31	45055,220421,-3560;46624,220505,-3520;46743,217544,-3692;49441,220256,-3532;48903,218873,-3532;48317,219986,-3528;48908,217324,-3516;48276,216068,-3528
23	20843	Zaken's Royal Guard	50	3677	277	0	36	48317,219986,-3528;48908,217324,-3516;48276,216068,-3528;49468,215909,-3520;49082,213335,-3364;47963,213774,-3360;50114,213785,-3364;49081,211947,-3284
23	21625	Zaken's Elite Guard	50	11432	860	0	32	48317,219986,-3528;48908,217324,-3516;48276,216068,-3528;49468,215909,-3520;49082,213335,-3364;47963,213774,-3360;50114,213785,-3364;49081,211947,-3284
23	20844	Kaim Vanul	51	3279	250	0	36	47963,213774,-3360;50114,213785,-3364;47894,212506,-3280;50260,212504,-3276;51592,212516,-3280;50882,211620,-2960;51929,211263,-2956;50862,210941,-2881
23	21628	Kaim Vanul Lad	51	11508	876	0	27	47963,213774,-3360;50114,213785,-3364;47894,212506,-3280;50260,212504,-3276;51592,212516,-3280;50882,211620,-2960;51929,211263,-2956;50862,210941,-2881
23	20845	Pirate's Zombie Captain	52	4954	383	0	36	51929,211263,-2956;50125,208664,-2640;52593,209968,-2404;52225,208922,-2392;52219,210994,-2396;53842,209964,-2400;53603,209160,-2404;53489,210757,-2396
23	21631	Zombie Captain's Spiritual Body	52	15792	1220	0	32	51929,211263,-2956;50125,208664,-2640;52593,209968,-2404;52225,208922,-2392;52219,210994,-2396;53842,209964,-2400;53603,209160,-2404;53489,210757,-2396
23	20846	Doll Blader	53	3931	309	0	36	52219,210994,-2396;53842,209964,-2400;53603,209160,-2404;53489,210757,-2396;49816,210366,-2648;55042,210544,-2392;55004,211856,-3664;54982,211998,-3624
23	21634	Crimson Doll Blader	53	13800	1084	0	32	52219,210994,-2396;53842,209964,-2400;53603,209160,-2404;53489,210757,-2396;49816,210366,-2648;55042,210544,-2392;55004,211856,-3664;54982,211998,-3624
23	20847	Vale Master	54	3750	299	0	26	55166,215094,-4152;55100,216166,-3916;53438,215871,-3984;52518,214409,-4000;51773,214789,-4004;51281,215080,-3716;52220,217250,-3312
23	20986	Sairon	54	11048	880	0	13	50114,213785,-3364;47894,212506,-3280;50260,212504,-3276;51929,211263,-2956;50125,208664,-2640;52225,208922,-2392;55004,211856,-3664;55100,216166,-3916
23	21637	Crimson Vale Master	54	13164	1048	0	23	55166,215094,-4152;55100,216166,-3916;53438,215871,-3984;52518,214409,-4000;51773,214789,-4004;51281,215080,-3716;52220,217250,-3312
24	20203	Dion Grizzly	20	705	31	0	9	20544,139791,-3528;21185,147206,-3419;21628,139476,-3544;21700,142373,-3442;22199,140706,-3531;22333,143647,-3376;22700,145499,-3352;23092,140431,-3399
24	20147	Hobgoblin	21	764	35	0	4	18971,147898,-3404;19898,148082,-3394;23168,139713,-3562;24477,140920,-3227
24	20291	Enku Orc Champion	21	927	43	0	5	22585,138405,-3486;23041,142686,-3466;23445,143042,-3466;24366,139600,-3435;26722,143141,-2853
24	20224	Ol Mahum Ranger	22	1059	50	0	8	18803,149048,-3379;19516,147261,-3399;23864,147263,-3184;23996,145995,-3450;24206,142218,-3164;24217,144767,-3268;25764,143628,-2992;26794,141142,-2823
24	20265	Monster Eye Searcher	22	1526	72	0	6	21372,138181,-3644;22103,146901,-3369;22926,144348,-3355;23879,140452,-3410;24078,137953,-3369;24133,142824,-3175
24	20062	Tumran Bugbear	23	878	42	0	10	22408,147650,-3267;23198,148311,-3193;23593,146707,-3450;25093,146799,-3071;25156,141530,-3058;25426,144866,-3121;25525,143139,-2959;25660,140996,-3058
24	21103	Roughly Hewn Rock Golem	31	1397	78	0	1	14859,149688,-3350
25	20271	Breka Orc Warrior	33	1922	110	0	4	79005,121244,-2220;77675,124357,-2728
25	20269	Breka Orc Shaman	34	1681	98	0	4	79005,121244,-2220;77675,124357,-2728
25	20176	Wyrm	35	1817	108	0	11	67440,113243,-3704;67125,116010,-3580;70264,114591,-3496;68220,119957,-3584;71356,121144,-3616;71341,123826,-3580
25	20270	Breka Orc Overlord	35	2380	141	0	4	79005,121244,-2220;77675,124357,-2728
25	20550	Guardian Basilisk	36	1960	118	0	12	67440,113243,-3704;67125,116010,-3580;70264,114591,-3496;68220,119957,-3584;71356,121144,-3616;71341,123826,-3580
25	20551	Road Scavenger	37	1991	122	0	11	67440,113243,-3704;67125,116010,-3580;70264,114591,-3496;68220,119957,-3584;71356,121144,-3616;71341,123826,-3580
25	20552	Fettered Soul	38	4292	268	0	2	71360,125970,-3648
25	20553	Windsus	39	2212	141	0	1	71360,125970,-3648
25	20554	Grandis	40	2585	167	0	2	71360,125970,-3648
25	20235	Shackle	45	2974	207	0	12	76602,117109,-3680;78529,116759,-3572;80554,116100,-3492;84295,119487,-2912;82054,117080,-3136;85191,115941,-2980;80071,114384,-3592
25	20236	Cave Servant	46	3077	218	0	13	76602,117109,-3680;78529,116759,-3572;80554,116100,-3492;84295,119487,-2912;82054,117080,-3136;85191,115941,-2980;87780,120359,-3008;91056,119534,-2984
25	20237	Cave Servant Archer	47	4143	297	0	7	84295,119487,-2912;87780,120359,-3008;91056,119534,-2984;80988,112498,-3610
25	20238	Cave Servant Warrior	48	3987	291	0	26	84295,119487,-2912;87780,120359,-3008;91056,119534,-2984;93694,118458,-2892;82196,113205,-2972;81736,114262,-3352;80988,112498,-3610;82693,111225,-3648
25	20239	Cave Servant Captain	49	4238	313	0	25	87780,120359,-3008;91056,119534,-2984;93694,118458,-2892;85890,111961,-3232;83702,112598,-2968;82196,113205,-2972;82693,111225,-3648;86263,110476,-3652
25	20758	Dragon Bearer Chief	49	5255	389	0	23	84295,119487,-2912;87780,120359,-3008;91056,119534,-2984;92470,113402,-3112;85439,108226,-3072;89314,107246,-3078;102017,119600,-3600;104324,122413,-3664
25	20146	Headless Knight	50	3708	279	0	24	93694,118458,-2892;92470,113402,-3112;89738,112676,-3088;87985,112197,-3308;91920,109809,-3680;93276,109627,-3682;95090,109997,-3556;96828,109744,-3520
25	20240	Royal Cave Servant	51	4546	347	0	28	92470,113402,-3112;89738,112676,-3088;87985,112197,-3308;85890,111961,-3232;83702,112598,-2968;91920,109809,-3680;93276,109627,-3682;95090,109997,-3556
25	20241	Hunter Gargoyle	52	4633	358	0	18	92470,113402,-3112;91920,109809,-3680;93276,109627,-3682;95090,109997,-3556;96828,109744,-3520;95262,112552,-2940;94485,112749,-2972;89314,107246,-3078
25	20242	Dustwind Gargoyle	53	4813	378	0	8	102017,119600,-3600;104324,122413,-3664;107669,121140,-3564
25	20243	Thunder Wyrm	54	4283	341	0	14	102017,119600,-3600;104324,122413,-3664;107669,121140,-3564;110006,122438,-3584;110159,125336,-3568;113133,121988,-3636;112792,117952,-2968
25	20244	Malruk Succubus	55	4399	355	0	21	102017,119600,-3600;104324,122413,-3664;107669,121140,-3564;110006,122438,-3584;110159,125336,-3568;113133,121988,-3636;114959,120052,-3624;112792,117952,-2968
25	20245	Malruk Succubus Turen	56	4560	375	0	13	110006,122438,-3584;110159,125336,-3568;113133,121988,-3636;114959,120052,-3624;112716,116249,-3148;115458,114783,-3144;117000,123091,-3264
25	20137	Drake	57	4819	401	0	14	114959,120052,-3624;122731,108320,-2912;120862,109024,-2948;119565,110450,-2920;117532,110507,-2960;115936,110271,-2892;117000,123091,-3264
25	20246	Cave Keeper	58	5822	492	0	8	122731,108320,-2912;120862,109024,-2948;119565,110450,-2920;117532,110507,-2960
25	20134	Cave Maiden	59	5112	437	0	9	122731,108320,-2912;120862,109024,-2948;119565,110450,-2920;117532,110507,-2960
26	20317	Black Wolf	4	141	4	0	1	119412,-188362,-3103
26	20318	Black Timber Wolf	6	211	6	0	6	124598,-179439,-1320;124788,-177358,-1232;125950,-175477,-1160;125625,-180602,-1752
26	20446	Utuku Orc	6	213	6	0	1	119412,-188362,-3103
26	20448	Utuku Orc Grunt	7	249	8	0	8	124598,-179439,-1320;124788,-177358,-1232;125950,-175477,-1160;125625,-180602,-1752
26	20322	Goblin Brigand	8	284	10	0	18	120348,-192969,-3368;118561,-195057,-3468;116564,-195406,-3343;121473,-195606,-3559;117568,-199562,-3392;117458,-197595,-3358;121833,-198524,-3576;119877,-202136,-3476
26	20447	Utuku Orc Archer	8	293	10	0	17	120348,-192969,-3368;118561,-195057,-3468;116564,-195406,-3343;121473,-195606,-3559;117568,-199562,-3392;117458,-197595,-3358;121833,-198524,-3576;119877,-202136,-3476
26	20307	Garum Werewolf	9	321	11	0	21	120348,-192969,-3368;116564,-195406,-3343;117568,-199562,-3392;117458,-197595,-3358;121833,-198524,-3576;120298,-200652,-3552;119877,-202136,-3476;118008,-201492,-3690
26	20324	Goblin Brigand Lieutenant	10	363	12	0	20	118436,-204868,-3642;120300,-208334,-3634;122310,-211512,-3663;117273,-207732,-3604;117386,-211254,-3308;119021,-215197,-3488;121681,-213477,-3588;124826,-214555,-3584
26	20480	Blade Bat	10	356	12	0	13	118436,-204868,-3642;122310,-211512,-3663;117273,-207732,-3604;117386,-211254,-3308;119021,-215197,-3488;124826,-214555,-3584
26	20153	Magical Weaver	11	391	15	0	21	118436,-204868,-3642;120300,-208334,-3634;122310,-211512,-3663;117273,-207732,-3604;117386,-211254,-3308;119021,-215197,-3488;121681,-213477,-3588;124826,-214555,-3584
26	20370	Barbed Bat	12	427	16	0	6	126441,-207106,-3308;126939,-201176,-3552
26	20510	Puma	12	423	16	0	7	126441,-207106,-3308;126939,-201176,-3552
26	20528	Goblin Lord	13	458	18	0	9	126441,-207106,-3308;126939,-201176,-3552;128484,-211404,-3488
26	20323	Goblin Brigand Leader	14	508	20	0	24	128740,-195041,-3456;126498,-193723,-3152;128949,-192113,-3352;129036,-188769,-3156;129190,-198033,-3491;133062,-195598,-3492;138971,-194366,-3235;135942,-191084,-3071
26	20521	Whinstone Golem	14	705	27	0	25	128740,-195041,-3456;126498,-193723,-3152;128949,-192113,-3352;129036,-188769,-3156;129190,-198033,-3491;133062,-195598,-3492;138971,-194366,-3235;135942,-191084,-3071
26	20502	Twink Puma	15	539	22	0	10	149176,-214052,-3344;149780,-216907,-3279;149224,-210033,-3124;152542,-211331,-3580
26	20526	Obsidian Golem	15	755	31	0	22	128740,-195041,-3456;128949,-192113,-3352;129036,-188769,-3156;129190,-198033,-3491;133062,-195598,-3492;138971,-194366,-3235;135942,-191084,-3071;139285,-189932,-2243
26	20403	Hunter Tarantula	16	570	23	0	12	146706,-212410,-3524;149176,-214052,-3344;149780,-216907,-3279;149224,-210033,-3124;152542,-211331,-3580
26	20508	Plunder Tarantula	17	618	26	0	12	146706,-212410,-3524;149176,-214052,-3344;149780,-216907,-3279;149224,-210033,-3124;152542,-211331,-3580
26	21124	Red Eye Barbed Bat	18	640	28	0	13	158192,-210478,-3604;158989,-213734,-3612;157262,-217568,-3468;157239,-220266,-3592;160145,-219344,-3568;161816,-217077,-3592
26	21125	Northern Trimden	19	684	31	0	14	158192,-210478,-3604;158989,-213734,-3612;157262,-217568,-3468;157239,-220266,-3592;160145,-219344,-3568;161816,-217077,-3592
26	21126	Kerope Werewolf	20	712	32	0	12	158192,-210478,-3604;158989,-213734,-3612;157262,-217568,-3468;157239,-220266,-3592;160145,-219344,-3568;161816,-217077,-3592
26	21127	Northern Goblin	21	764	35	0	20	178174,-212165,-3532;181436,-210351,-3572;176725,-202267,-3194;172954,-199170,-3406;168359,-197945,-3480;185438,-210494,-3560;183615,-205658,-3180;187288,-208843,-3398
26	21128	Spine Golem	22	821	39	0	24	178174,-212165,-3532;181436,-210351,-3572;176725,-202267,-3194;172954,-199170,-3406;168359,-197945,-3480;185438,-210494,-3560;183615,-205658,-3180;187288,-208843,-3398
26	21129	Kerope Werewolf Chief	23	895	43	0	24	178174,-212165,-3532;181436,-210351,-3572;176725,-202267,-3194;172954,-199170,-3406;168359,-197945,-3480;185438,-210494,-3560;183615,-205658,-3180;187288,-208843,-3398
26	21130	Northern Goblin Leader	24	954	47	0	43	187481,-213138,-3592;189008,-217340,-3582;187168,-204108,-2716;184547,-201298,-2924;185431,-198177,-2484;167878,-193593,-3320;166251,-196024,-3492;168800,-191414,-2898
26	21131	Enchanted Spine Golem	25	992	50	0	42	187481,-213138,-3592;189008,-217340,-3582;187168,-204108,-2716;184547,-201298,-2924;185431,-198177,-2484;167878,-193593,-3320;166251,-196024,-3492;168800,-191414,-2898
27	20533	Longtail Keltir	2	70	2	0	6	114965,-172887,-613;116056,-175092,-764;117968,-173208,-414
27	20539	Elder Longtail Keltir	3	105	2	0	7	114965,-172887,-613;116056,-175092,-764;117968,-173208,-414
27	20317	Black Wolf	4	141	4	0	5	119336,-180368,-2214;121338,-181266,-1856;119265,-185475,-3071
27	20327	Goblin Snooper	5	178	5	0	4	119336,-180368,-2214;121338,-181266,-1856;119265,-185475,-3071
27	20446	Utuku Orc	6	213	6	0	4	119336,-180368,-2214;121338,-181266,-1856;119265,-185475,-3071
28	20659	Grave Wanderer	45	4123	287	0	6	156225,28576,-3180
28	20660	Archer of Greed	46	4048	287	0	5	156225,28576,-3180
28	20661	Hatar Ratman Thief	47	3823	274	0	5	156225,28576,-3180
29	21124	Red Eye Barbed Bat	18	640	28	0	17	164376,-215109,-3548;165468,-213159,-3592;164949,-210070,-3568;165484,-207410,-3564;165632,-203549,-3592;172072,-214053,-3500;170849,-210394,-3540
29	21125	Northern Trimden	19	684	31	0	18	164376,-215109,-3548;165468,-213159,-3592;164949,-210070,-3568;165484,-207410,-3564;165632,-203549,-3592;172072,-214053,-3500;170849,-210394,-3540
29	21126	Kerope Werewolf	20	712	32	0	18	164376,-215109,-3548;165468,-213159,-3592;164949,-210070,-3568;165484,-207410,-3564;165632,-203549,-3592;172072,-214053,-3500;170849,-210394,-3540
29	21127	Northern Goblin	21	764	35	0	9	174865,-211396,-3572;171022,-206254,-3504;174068,-204984,-3438;177354,-207746,-3212
29	21128	Spine Golem	22	821	39	0	11	174865,-211396,-3572;171022,-206254,-3504;174068,-204984,-3438;177354,-207746,-3212
29	21129	Kerope Werewolf Chief	23	895	43	0	12	174865,-211396,-3572;171022,-206254,-3504;174068,-204984,-3438;177354,-207746,-3212
30	27063	Tanukia's Warhound	4	0	0	0	2	23007,56532,-3368;23189,56470,-3384
30	27062	Tanukia	8	0	0	0	1	23048,56322,-3376
30	20509	Spore Fungus	9	321	11	0	3	18855,43114,-3668
30	20473	Kaboo Orc Fighter Lieutenant	11	391	15	0	14	26115,50735,-3560;22461,46188,-3594;18855,43114,-3668;19125,43191,-3672
30	27059	Uoph	11	0	0	0	1	25265,43581,-3592
30	20472	Kaboo Orc Fighter Leader	12	436	16	0	47	26115,50735,-3560;24917,50931,-3471;22461,46188,-3594;22637,46739,-3628;18855,43114,-3668;17134,45434,-3659;17183,46103,-3564;17559,49679,-3704
30	20013	Dryad	13	462	18	0	32	26115,50735,-3560;24917,50931,-3471;22461,46188,-3594;22637,46739,-3628;18855,43114,-3668;19125,43191,-3672;17134,45434,-3659;17183,46103,-3564
30	20019	Dryad Elder	14	498	19	0	20	17134,45434,-3659;17559,49679,-3704;16232,52625,-3654;16090,52230,-3578;24337,59219,-3528;17352,57396,-3418
30	20460	Crimson Spider	15	545	22	0	7	16090,52230,-3578;17352,57396,-3418;17881,57101,-3450
31	20372	Baraq Orc Fighter	10	302	10	0	13	22705,75955,-4096;22786,77727,-4096;23112,77715,-4096;24307,76494,-4096;24895,75054,-4096;25073,78270,-4096;25144,74939,-4096;25180,76016,-4096
31	20373	Baraq Orc Warrior Leader	11	326	12	0	7	22597,76102,-4096;22783,77952,-4096;22862,76080,-4096;23236,77926,-4096;24018,77103,-4096;24257,77109,-4096;25316,76126,-4096
31	27061	Batoh	11	0	0	0	1	31884,80876,-3456
31	20464	Dungeon Skeleton	12	363	13	0	10	22194,78918,-4096;22523,79330,-4096;23692,80866,-4096;24099,78901,-4096;24164,79132,-4096;24177,76704,-4096;24203,75985,-4096;24505,80827,-4096
31	20463	Dungeon Skeleton Archer	13	397	16	0	5	21234,78875,-4096;22479,79145,-4096;24161,77465,-4096;24324,76292,-4096;24526,80970,-4096
31	20504	Dread Soldier	14	424	16	0	6	22177,79204,-4096;22885,79118,-4096;24177,80545,-4096;24350,80898,-4096;25471,81590,-4096;25726,81682,-4096
31	20371	Mist Terror	15	454	19	0	1	21223,76977,-4287
31	20033	Shade Horror	17	504	21	0	1	20448,76146,-4409
32	20343	Werewolf Hunter	10	363	12	0	2	-105530,232914,-3580
32	27005	Spirit Of Mirrors	11	0	0	0	1	-121206,235888,-3672
32	20342	Werewolf Chieftain	12	436	16	0	6	-105530,232914,-3580;-105626,230339,-3568
32	20016	Stone Golem	13	654	26	0	6	-105530,232914,-3580;-105626,230339,-3568
32	20101	Crasher	14	705	27	0	4	-117531,227505,-2686;-119037,235649,-2862
32	20103	Giant Spider	15	545	22	0	5	-117531,227505,-2686;-118710,230881,-2845
32	20106	Talon Spider	16	570	23	0	9	-117531,227505,-2686;-119037,235649,-2862;-118710,230881,-2845
32	20108	Blade Spider	17	618	26	0	2	-119037,235649,-2862
32	27102	Pako The Cat	38	0	0	0	1	-118589,233309,-2912
33	20530	Young Red Keltir	1	35	2	0	7	52174,41304,-3590;41280,38924,-3608;41544,41539,-3604
33	20534	Red Keltir	2	70	2	0	36	48366,42521,-3480;52174,41304,-3590;50626,40925,-3472;52862,41153,-3556;50373,38678,-3612;47947,37495,-3634;47907,37504,-3572;43883,37321,-3568
33	20537	Elder Red Keltir	3	105	2	0	33	52174,41304,-3590;52862,41153,-3556;50373,38678,-3612;47947,37495,-3634;43883,37321,-3568;41280,38924,-3608;41544,41539,-3604;38905,41783,-3612
33	20525	Gray Wolf	4	141	4	0	27	52862,41153,-3556;38905,41783,-3612;39050,41882,-3620;38195,38683,-3648;38303,39146,-3568;39676,35960,-3654;39605,36319,-3604;42358,34433,-3634
33	20325	Goblin Raider	5	178	5	0	2	53667,44890,-3596;51500,59679,-3448
33	20468	Kaboo Orc	6	213	6	0	2	53667,44890,-3596;51500,59679,-3448
33	20470	Kaboo Orc Grunt	7	249	8	0	17	44436,61464,-3638;44042,61205,-3576;35471,55288,-3590;34769,51063,-3572
33	20336	Green Dryad	8	284	10	0	20	44436,61464,-3638;44042,61205,-3576;41197,64482,-3654;39463,62032,-3572;37491,58731,-3610;38499,46233,-3592
33	20469	Kaboo Orc Archer	8	293	10	0	23	44436,61464,-3638;44042,61205,-3576;41197,64482,-3654;35399,62904,-3602;39463,62032,-3572;37491,58731,-3610;35471,55288,-3590;38499,46233,-3592
33	20509	Spore Fungus	9	321	11	0	76	41197,64482,-3654;35399,62904,-3602;39463,62032,-3572;37491,58731,-3610;35471,55288,-3590;34769,51063,-3572;38499,46233,-3592;34967,46896,-3644
33	20471	Kaboo Orc Fighter	10	363	12	0	61	41197,64482,-3654;35399,62904,-3602;39463,62032,-3572;37491,58731,-3610;35471,55288,-3590;34769,51063,-3572;38499,46233,-3592;34967,46896,-3644
33	20473	Kaboo Orc Fighter Lieutenant	11	391	15	0	33	30916,48817,-3670;25441,41212,-3590;24749,41076,-3666;20272,40344,-3618;21342,39996,-3680;26697,63398,-3592;31011,62417,-3612;31295,61887,-3518
33	20472	Kaboo Orc Fighter Leader	12	436	16	0	15	24749,41076,-3666;20272,40344,-3618;12316,47264,-3638;26697,63398,-3592
33	20013	Dryad	13	462	18	0	8	9730,49233,-3634;12316,47264,-3638;28100,57769,-3340
33	20019	Dryad Elder	14	498	19	0	22	11150,56049,-3544;10966,54980,-3562;6545,52429,-3576;7140,52458,-3614;9730,49233,-3634;9824,49734,-3684;12316,47264,-3638;12663,59901,-3476
33	20460	Crimson Spider	15	545	22	0	15	11150,56049,-3544;10966,54980,-3562;6545,52429,-3576;7140,52458,-3614;9730,49233,-3634;12663,59901,-3476
33	20308	Hook Spider	16	570	23	0	30	11150,56049,-3544;6566,59847,-3500;6095,60044,-3616;3586,56415,-3492;6545,52429,-3576;12663,59901,-3476;9617,63157,-3644;9576,63536,-3606
33	20466	Pincer Spider	17	618	26	0	52	6566,59847,-3500;6095,60044,-3616;3184,62308,-3524;2890,62317,-3534;3586,56415,-3492;3894,55964,-3490;9617,63157,-3644;9576,63536,-3606
33	20036	Lirein	18	652	28	0	40	6566,59847,-3500;6095,60044,-3616;3184,62308,-3524;3586,56415,-3492;3894,55964,-3490;9617,63157,-3644;7387,66474,-3692;2650,66981,-3666
33	20044	Lirein Elder	19	691	31	0	28	3184,62308,-3524;2890,62317,-3534;2650,66981,-3666;1991,72849,-3642;1595,77168,-3734;4864,77212,-3600;4753,81796,-3514;4841,82836,-3494
34	20530	Young Red Keltir	1	35	2	0	4	48052,43253,-3614;43955,43377,-3602
34	20534	Red Keltir	2	70	2	0	6	48052,43253,-3614;43955,43377,-3602
34	20537	Elder Red Keltir	3	105	2	0	5	48052,43253,-3614;43955,43377,-3602
34	20525	Gray Wolf	4	141	4	0	30	53733,45731,-3650;50556,46156,-3544;52624,55138,-3492;48788,55943,-3518;48712,55466,-3492;50985,59540,-3616;39663,54854,-3496;39342,52373,-3414
34	20325	Goblin Raider	5	178	5	0	37	53733,45731,-3650;50556,46156,-3544;54347,50891,-3540;54714,51620,-3640;51707,50504,-3534;52624,55138,-3492;52710,55450,-3414;48788,55943,-3518
34	20468	Kaboo Orc	6	213	6	0	20	53733,45731,-3650;54347,50891,-3540;54714,51620,-3640;51707,50504,-3534;52624,55138,-3492;52710,55450,-3414;50985,59540,-3616
34	20470	Kaboo Orc Grunt	7	249	8	0	23	54347,50891,-3540;54714,51620,-3640;51707,50504,-3534;43073,56632,-3522;38324,50214,-3548
34	20336	Green Dryad	8	284	10	0	11	43073,56632,-3522;38324,50214,-3548
34	20469	Kaboo Orc Archer	8	293	10	0	6	43073,56632,-3522;38324,50214,-3548
35	20589	Fline	45	5532	384	0	9	109589,41668,-4588;114621,62766,-4426;127608,51487,-4592;125790,52834,-4600;120242,53110,-4596;117889,55216,-4604;112370,41394,-4566
35	20590	Liele	46	5724	406	0	21	109589,41668,-4588;103381,45290,-4536;105739,47831,-4544;110119,60813,-4528;114621,62766,-4426;126132,48206,-4620;127608,51487,-4592;125790,52834,-4600
35	20591	Valley Treant	47	8448	606	0	22	105687,50357,-4456;105071,53405,-4596;106590,54836,-4588;104881,59646,-4374;114621,62766,-4426;127608,51487,-4592;125790,52834,-4600;124714,39863,-4480
35	20592	Satyr	48	9228	672	0	48	109589,41668,-4588;103381,45290,-4536;105739,47831,-4544;105687,50357,-4456;105071,53405,-4596;106590,54836,-4588;104881,59646,-4374;110119,60813,-4528
35	20593	Unicorn	49	9897	732	0	29	105071,53405,-4596;106590,54836,-4588;104881,59646,-4374;106649,57159,-4528;110497,57784,-4366;113442,57378,-4520;120461,48856,-4398;122816,48667,-4467
35	20594	Forest Runner	50	6762	508	0	28	109110,53050,-4654;114846,54414,-4462;115839,51381,-4496;112840,38522,-3576;111189,40255,-3635;115001,36553,-3583;119833,36460,-3670;123022,37412,-3698
35	20595	Fline Elder	51	7036	536	0	45	109110,53050,-4654;115001,36553,-3583;119833,36460,-3670;123022,37412,-3698;113816,42271,-3864;119121,38789,-3724;122204,41566,-3932;120559,47637,-3792
35	20596	Liele Elder	52	7460	576	0	55	123022,37412,-3698;107570,45058,-3663;113816,42271,-3864;119121,38789,-3724;122204,41566,-3932;119004,43759,-3852;117610,45829,-3492;121436,45251,-3784
35	20597	Valley Treant Elder	53	15597	1224	0	45	107570,45058,-3663;119004,43759,-3852;117610,45829,-3492;121436,45251,-3784;123888,45857,-3648;120559,47637,-3792;104860,56759,-3628;108896,59369,-3520
35	20598	Satyr Elder	54	11448	912	0	18	107570,45058,-3663;119004,43759,-3852;117610,45829,-3492;121436,45251,-3784;123888,45857,-3648
35	20599	Unicorn Elder	55	11877	957	0	19	107570,45058,-3663;119004,43759,-3852;117610,45829,-3492;121436,45251,-3784;123888,45857,-3648
36	20589	Fline	45	5532	384	0	5	107512,38458,-4524;109680,39254,-4563;107363,41568,-4555;105098,42260,-4547
36	20590	Liele	46	5724	406	0	6	107512,38458,-4524;109680,39254,-4563;107363,41568,-4555;105098,42260,-4547
36	20591	Valley Treant	47	8448	606	0	3	105098,42260,-4547
36	20592	Satyr	48	9228	672	0	5	105098,42260,-4547;107510,40014,-3612
36	20593	Unicorn	49	9897	732	0	3	107510,40014,-3612
36	20594	Forest Runner	50	6762	508	0	2	107510,40014,-3612
37	20630	Taik Orc	40	2327	150	0	2	132272,65526,-3723;131593,66005,-3723
37	20631	Taik Orc Archer	41	3152	206	0	2	130550,66013,-3723;133177,65311,-3719
37	20632	Taik Orc Warrior	42	3144	209	0	1	132217,66185,-3723
37	20589	Fline	45	5532	384	0	3	118145,59172,-4520;121090,55588,-4556;123686,59051,-4449
37	20590	Liele	46	5724	406	0	3	118145,59172,-4520;121090,55588,-4556;123686,59051,-4449
37	20592	Satyr	48	9228	672	0	7	123216,54644,-3640;124844,56045,-3412
37	20593	Unicorn	49	9897	732	0	6	123216,54644,-3640;124844,56045,-3412
37	20594	Forest Runner	50	6762	508	0	6	123216,54644,-3640;124844,56045,-3412
38	20928	Hatu Weird Bee	30	734	40	0	14	19114,178716,-3479;20246,177991,-3342
38	21103	Roughly Hewn Rock Golem	31	1397	78	0	2	16069,162981,-3639;19137,164992,-3429
38	20929	Hatu Dire Wolf	32	697	39	0	14	19114,178716,-3479;20246,177991,-3342
38	21104	Delu Lizardman Supplier	32	1754	99	0	1	14441,161997,-3612
38	21105	Delu Lizardman Special Agent	33	2022	116	0	10	13803,163675,-3628;15096,163697,-3687;16048,162116,-3572;12203,164516,-3711;17001,168098,-3485;18953,165943,-3608;19542,166059,-3424;22401,166097,-3364
38	20930	Hatu Brown Bear	34	1098	64	0	14	19114,178716,-3479;20246,177991,-3342
38	21106	Cursed Seer	34	1714	100	0	26	12909,163270,-3673;9518,166180,-3712;10864,165320,-3705;12808,164516,-3692;13017,170608,-3542;13118,171142,-3542;13722,171498,-3542;14675,164348,-3694
38	20781	Delu Lizardman Shaman	35	1781	105	0	18	12204,163804,-3656;10701,164480,-3706;13111,163982,-3634;13419,170608,-3542;13479,165624,-3659;13521,171142,-3542;14175,170766,-3573;17360,171976,-3542
38	21107	Delu Lizardman Commander	35	3628	214	0	20	17793,162100,-3504;20192,163766,-3428;11549,172332,-3550;12300,171614,-3603;13118,171498,-3542;13542,172395,-3451;13823,171676,-3542;17964,171976,-3542
39	21376	Scarlet Stakato Worker	78	35269	3860	0	2	176854,-120654,-4048
39	21377	Scarlet Stakato Soldier	78	34521	3775	0	2	176854,-120654,-4048
39	21394	Lavasaurus	79	43811	4980	0	2	176854,-120654,-4048;176079,-112920,-3431
39	21652	Scarlet Stakato Noble	79	45730	5195	0	3	176854,-120654,-4048
39	21385	Lavastone Golem	80	40805	4875	0	2	176079,-112920,-3431
39	21386	Magma Golem	80	43604	5205	0	2	176079,-112920,-3431
39	21388	Iblis of Destruction	80	52595	6354	0	3	175622,-112002,-5465
39	21389	Balrog of Destruction	80	56399	6894	0	3	175622,-112002,-5465
39	21395	Elder Lavasaurus	80	55669	6804	0	1	175622,-112002,-5465
39	21655	Arimanes of Destruction	80	33976	4105	0	3	176079,-112920,-3431
39	21656	Ashuras of Destruction	80	59677	7380	0	3	175622,-112002,-5465
40	20223	Mandragora Sprout	20	783	35	0	4	39243,146099,-3461;39276,150052,-3494
40	20154	Mandragora Sprout	21	764	35	0	8	39243,146099,-3461;39276,150052,-3494
40	20155	Mandragora Sapling	23	895	43	0	5	39730,146346,-3660;39572,149726,-3660
40	20156	Mandragora Blossom	25	1012	51	0	9	39730,146346,-3660;39572,149726,-3660;55444,142283,-2891;53442,141430,-2870
40	20171	Specter	26	1078	54	0	20	53686,151138,-2332;54286,146611,-2853;56146,144632,-2903;55444,142283,-2891;53442,141430,-2870;51571,143655,-2984
40	20197	Sorrow Maiden	27	1102	56	0	15	53686,151138,-2332;54286,146611,-2853;56146,144632,-2903;51571,143655,-2984;53587,141512,-2935
40	20160	Neer Crawler	28	1201	63	0	19	44298,142519,-3083;47155,152990,-2696;53686,151138,-2332;54379,146383,-2935
40	20198	Neer Ghoul Berserker	29	1268	68	0	15	44298,142519,-3083;47155,152990,-2696;48260,153823,-2673;54175,151597,-2334
40	20199	Amber Basilisk	30	1557	85	0	8	44298,142519,-3083;44577,153705,-2700
40	20200	Strain	31	1383	77	0	22	44298,142519,-3083;44577,153705,-2700;49739,151047,-3386;51275,153625,-3386;43438,147029,-3517;46621,148391,-3581;46727,141231,-3132;52571,149676,-2334
40	20201	Ghoul	32	2085	117	0	16	43653,148932,-3626;46410,148317,-3538;49589,147581,-3538;43859,149867,-3584;46781,145524,-3555;48260,153823,-2673
40	20083	Granite Golem	33	2239	129	0	11	43653,148932,-3626;47329,145410,-3538;46410,148317,-3538
40	20202	Dead Seeker	34	1664	97	0	26	43653,148932,-3626;47329,145410,-3538;46410,148317,-3538;49589,147581,-3538;44577,153705,-2700;49739,151047,-3386;51275,153625,-3386;48858,144740,-3552
40	20144	Hangman Tree	35	1817	108	0	21	47329,145410,-3538;49589,147581,-3538;46781,145524,-3555;48858,144740,-3552;50206,146952,-3433;46195,152284,-2673;43218,143155,-3132
41	20008	Felim Lizardman	14	498	19	0	6	-66745,102598,-3726;-65619,104603,-3600;-64503,108374,-3592;-64494,105826,-3530;-63890,105826,-3532;-63526,103765,-3515
41	20021	Red Bear	14	498	19	0	12	-68464,97561,-3679;-66898,97446,-3690;-65668,96568,-3637;-67116,99470,-3740;-66690,101492,-3705;-66363,100229,-3727;-65332,97867,-3705;-65370,101193,-3648
41	20010	Felim Lizardman Scout	15	534	22	0	9	-70026,100116,-3862;-69427,98402,-3714;-69260,101588,-3888;-69222,100116,-3854;-67621,104406,-3780;-67597,103531,-3763;-66443,104024,-3697;-64897,105826,-3564
41	20026	Ruin Zombie	15	755	31	0	1	-59113,104131,-3735
41	20012	Gora Werewolf	16	582	23	0	8	-66830,98219,-3659;-65624,96522,-3633;-71567,99865,-3630;-71094,102790,-3870;-68318,98984,-3708;-65955,99422,-3656;-65535,98327,-3704;-64446,98532,-3656
41	20029	Ruin Zombie Leader	16	807	33	0	4	-60424,107193,-3642;-59483,107209,-3674;-59083,105645,-3727;-58364,106052,-3745
41	20014	Felim Lizardman Warrior	17	605	25	0	16	-70370,105549,-3856;-69924,103349,-3869;-69211,107278,-3844;-68508,108879,-3725;-68016,106414,-3948;-67512,105524,-3948;-66589,107904,-3756;-66203,105702,-3948
41	20335	Grizzly Bear	17	599	25	0	4	-71062,98057,-3711;-70254,96698,-3739;-72479,100018,-3655;-69221,99760,-3799
41	20038	Venomous Spider	18	704	31	0	1	-70543,99298,-3722
41	20358	Ratman Hunter	18	640	28	0	8	-71944,104618,-3780;-69995,104584,-3858;-68460,103518,-3824;-68134,102114,-3810;-67108,107304,-3948;-66707,105880,-3948;-66404,106414,-3948;-65441,107975,-3699
41	20043	Arachnid Tracker	19	760	34	0	7	-69807,105253,-3856;-69031,106365,-3856;-68970,105170,-3856;-67512,106948,-3948;-67241,105985,-3822;-67081,102255,-3754;-66102,106236,-3948
41	20045	Skeleton Scout	19	698	31	0	1	-59684,108967,-3647
41	20050	Arachnid Predator	20	799	35	0	2	-72651,102186,-3891;-71177,103594,-3826
41	21096	Cloudy Beast	22	837	40	0	2	-71209,104167,-3827;-67958,106907,-3849
41	21097	Young Araneid	23	985	48	0	1	-65235,109484,-3627
41	21098	Plain Grizzly	24	935	46	0	2	-66827,109800,-4024;-63889,109122,-3555
41	21023	Sobbing Wind	26	1056	53	0	1	-68695,95649,-3678
41	21024	Babbling Wind	27	1113	57	0	1	-71447,96911,-3718
42	20783	Dread Wolf	35	818	48	0	30	85472,177385,-3551;86656,175137,-3626;87735,173244,-3602;88930,171340,-3532;91772,171851,-3608;90457,174128,-3458;89877,176519,-3458;88867,179424,-3458
42	21638	Dread Wolf	35	1152	68	0	30	85472,177385,-3551;86656,175137,-3626;87735,173244,-3602;88930,171340,-3532;91772,171851,-3608;90457,174128,-3458;89877,176519,-3458;88867,179424,-3458
42	20784	Tasaba Lizardman	36	926	56	0	36	85472,177385,-3551;86656,175137,-3626;87735,173244,-3602;88930,171340,-3532;90457,174128,-3458;89877,176519,-3458;88867,179424,-3458;83747,180163,-3501
42	21639	Tasaba Lizardman	36	1362	82	0	36	85472,177385,-3551;86656,175137,-3626;90457,174128,-3458;89877,176519,-3458;88867,179424,-3458;83747,180163,-3501;85797,181824,-3558;72922,184340,-3158
42	20785	Tasaba Lizardman Shaman	37	896	55	0	32	83747,180163,-3501;85797,181824,-3558;88622,182815,-3558;72922,184340,-3158;74030,187715,-3275;77618,189795,-3232;77413,185567,-3327;76990,185710,-3589
42	21640	Tasaba Lizardman Shaman	37	1001	62	0	33	83747,180163,-3501;85797,181824,-3558;88622,182815,-3558;72922,184340,-3158;74030,187715,-3275;77618,189795,-3232;77413,185567,-3327;76990,185710,-3589
42	21034	Ogre	38	1797	112	0	36	85975,182176,-3601;88622,182815,-3558;74030,187715,-3275;77618,189795,-3232;82939,184743,-3658;80548,187532,-3608;83318,189355,-3608;86149,186160,-3608
42	21641	Ogre	38	1777	111	0	36	85975,182176,-3601;88622,182815,-3558;74030,187715,-3275;77618,189795,-3232;82939,184743,-3658;80548,187532,-3608;83318,189355,-3608;86149,186160,-3608
42	20786	Lienrik	39	995	63	0	38	77609,192964,-3498;82116,193949,-3458;90135,185451,-3608;93097,186544,-3608;92940,190165,-3608;88699,189072,-3608;85812,191764,-3458;89120,194057,-3458
42	21642	Tasaba Lizardman Sniper	39	1632	104	0	21	80548,187532,-3608;83318,189355,-3608;83225,189203,-3647;86149,186160,-3608;80355,191267,-3608;77609,192964,-3498;90135,185451,-3608
42	21643	Tasaba Lizardman Sniper	39	2073	132	0	21	80548,187532,-3608;83318,189355,-3608;83225,189203,-3647;86149,186160,-3608;80355,191267,-3608;77609,192964,-3498;90135,185451,-3608
42	21644	Lienrik	39	995	63	0	38	77609,192964,-3498;82116,193949,-3458;90135,185451,-3608;93097,186544,-3608;92940,190165,-3608;88699,189072,-3608;85812,191764,-3458;89120,194057,-3458
42	20787	Lienrik Lad	40	1210	78	0	35	82116,193949,-3458;82773,192842,-3579;93097,186544,-3608;92940,190165,-3608;88699,189072,-3608;88384,189297,-3622;85812,191764,-3458;89120,194057,-3458
42	21645	Lienrik Lad	40	1918	124	0	35	82116,193949,-3458;82773,192842,-3579;93097,186544,-3608;92940,190165,-3608;88699,189072,-3608;88384,189297,-3622;85812,191764,-3458;89120,194057,-3458
43	20788	Rakul	35	2120	125	0	26	83740,201692,-3421;78453,205069,-3371;91487,206864,-3402;88351,204543,-3402;84418,202386,-3402
43	20789	Crokian	36	1999	121	0	70	83740,201692,-3421;78453,205069,-3371;77141,212590,-3421;75171,217237,-3421;95238,217561,-3402;93834,214389,-3402;89987,214925,-3402;92743,210283,-3402
43	20790	Dailaon	37	2567	158	0	92	78453,205069,-3371;77141,212590,-3421;75171,217237,-3421;79013,218579,-3402;83358,225381,-3402;86206,221455,-3402;92351,223667,-3402;91499,220498,-3402
43	20791	Crokian Warrior	38	4422	276	0	35	77141,212590,-3421;75171,217237,-3421;79013,218579,-3402;86206,221455,-3402;87898,225064,-3402;89987,214925,-3402;92743,210283,-3402;89410,211769,-3402
43	20989	Lageos	38	2749	171	0	37	79013,218579,-3402;79992,226288,-3402;83358,225381,-3402;80949,221359,-3402;86206,221455,-3402;87898,225064,-3402;92351,223667,-3402;89019,218080,-3402
43	20792	Farhite	39	4114	262	0	33	77141,212590,-3421;75171,217237,-3421;79013,218579,-3402;79992,226288,-3402;83358,225381,-3402;80949,221359,-3402;86206,221455,-3402;87898,225064,-3402
43	20793	Nos	40	4502	290	0	42	75171,217237,-3421;79013,218579,-3402;79992,226288,-3402;83358,225381,-3402;80949,221359,-3402;87898,225064,-3402;92351,223667,-3402;91499,220498,-3402
44	21001	Wretched Archer	55	5856	473	0	20	182975,-12952,-3040;168508,-6023,-2804;165436,-5930,-2904;168092,-8636,-2824
44	21002	Doom Scout	56	5163	424	0	14	182975,-12952,-3040;168508,-6023,-2804;165436,-5930,-2904;168092,-8636,-2824
44	21003	Grave Lich	57	4725	393	0	24	182975,-12952,-3040;168508,-6023,-2804;165436,-5930,-2904;168092,-8636,-2824
44	21004	Dismal Pole	58	5239	443	0	17	180980,-21272,-2710;184292,-20468,-2418;182312,-18371,-2632
44	21005	Grave Predator	59	5732	490	0	16	180980,-21272,-2710;184292,-20468,-2418;182312,-18371,-2632
44	21006	Doom Servant	60	5447	473	0	16	180980,-21272,-2710;184292,-20468,-2418;182312,-18371,-2632
44	21007	Doom Guard	61	5844	514	0	28	187231,-23299,-1834;188490,-20667,-1466;187920,-15646,-1188;188271,-18211,-1284
44	21008	Doom Archer	62	7471	666	0	15	187231,-23299,-1834;188490,-20667,-1466;187920,-15646,-1188;188271,-18211,-1284
44	21009	Doom Trooper	63	7966	719	0	54	177621,-22760,-3256;182464,-23364,-2676;185122,-25509,-2350;187231,-23299,-1834;188490,-20667,-1466;187920,-15646,-1188;187188,-11522,-1860;188271,-18211,-1284
44	21010	Doom Warrior	64	6380	584	0	32	177621,-22760,-3256;182464,-23364,-2676;185122,-25509,-2350;187188,-11522,-1860
44	20674	Doom Knight	65	8649	804	0	30	177621,-22760,-3256;182464,-23364,-2676;185122,-25509,-2350;187188,-11522,-1860
44	20974	Spiteful Soul Leader	65	11772	1094	0	10	177621,-22760,-3256;182464,-23364,-2676;185122,-25509,-2350;184292,-20468,-2418;187920,-15646,-1188;187188,-11522,-1860
45	20630	Taik Orc	40	2327	150	0	3	138745,74121,-3524;139223,73250,-3430;139349,74126,-3535
45	20631	Taik Orc Archer	41	3152	206	0	4	137258,73939,-3443;137958,74395,-3366;138353,73304,-3449;138806,74917,-3589
45	20632	Taik Orc Warrior	42	3144	209	0	4	136060,74744,-3665;139374,74708,-3584;139587,75119,-3544;140397,76188,-3438
45	20633	Taik Orc Shaman	43	3068	207	0	15	135222,77643,-3524;136488,74277,-3628;138443,76664,-3264;139454,76032,-3301;139657,78032,-3482;142382,73344,-3376;142584,72988,-3376;142986,73344,-3376
45	20634	Taik Orc Captain	44	5886	402	0	14	135453,76863,-3538;136657,74822,-3648;136705,75932,-3673;138846,76664,-3256;139567,79040,-3361;140601,79458,-3476;143087,72810,-3376;143087,73166,-3376
45	20635	Carinkain	45	2974	207	0	14	136231,75790,-3772;136411,76731,-3602;139106,78506,-3264;139148,76842,-3352;140598,77348,-3573;140837,78216,-3577;142124,73741,-3113;143087,73522,-3376
45	20636	Forest of Mirrors Ghost	46	3310	235	0	7	135137,86903,-3540;135138,86117,-3389;135682,81857,-3523;135690,84692,-3736;135704,80515,-3607;139962,86019,-3467;140460,85185,-3368
45	20637	Forest of Mirrors Ghost	47	3456	248	0	5	135050,82306,-3447;137383,80557,-3673;137766,87034,-3156;139596,88265,-3472;139798,84433,-3465
45	20638	Forest of Mirrors Ghost	48	3605	263	0	6	135105,81317,-3501;135544,83048,-3440;137081,85172,-3182;137235,85956,-3151;138729,84823,-3480;139442,86675,-3480
45	20639	Mirror	49	8508	628	0	6	135027,84568,-3187;135676,86840,-3473;136611,80500,-3694;136818,82352,-3400;138973,85654,-3480;139770,87056,-3480
45	20640	Harit Lizardman	50	3636	274	0	10	146113,87490,-3432;146124,87358,-3409;146133,82550,-3614;146227,84460,-3628;147105,85380,-3503;147184,82909,-3665;148399,80766,-3624;148600,81122,-3624
45	20641	Harit Lizardman Grunt	51	4501	343	0	11	145653,84182,-3681;146771,84011,-3664;147046,88506,-3616;147127,82159,-3557;147567,88109,-3510;148600,80766,-3624;148601,80410,-3624;148802,81122,-3624
45	20642	Harit Lizardman Archer	52	4214	326	0	6	145746,88334,-3534;146146,85797,-3565;148802,80054,-3624;148802,80410,-3624;149327,82069,-3471;149965,81618,-3475
46	18119	Corpse of Deadman	63	0	0	0	70	49838,-49346,-3390;49991,-49158,-3407;50255,-52100,-2888;50613,-48591,-3785;50633,-53271,-3195;50706,-52077,-2907;50835,-53627,-3195;51338,-54161,-3195
46	21547	Corrupted Knight	63	8116	733	0	12	47005,-58115,-2294;47437,-56772,-2356;47590,-57818,-2406;47730,-56383,-2479;48027,-56062,-2532;48536,-55831,-2607;48638,-59211,-2817;49498,-57079,-2586
46	21548	Resurrected Knight	63	7019	634	0	10	47300,-58346,-2336;47822,-57091,-2822;48426,-57447,-2822;48729,-57625,-2822;49051,-57981,-2728;50668,-56789,-3099;50750,-56306,-2635;50828,-54706,-3071
46	21549	Corrupted Guard	64	8375	767	0	15	48085,-57568,-2578;48280,-58502,-2700;48426,-56525,-2671;49330,-61979,-2885;49550,-56382,-2612;49971,-55948,-2643;50883,-59952,-3364;51150,-61008,-2746
46	21550	Corrupted Guard	64	8543	782	0	9	49774,-59182,-2686;50036,-61089,-2885;50438,-58711,-2770;50540,-60959,-2658;51545,-61357,-2774;53262,-59416,-3181;54309,-58991,-3380;54658,-59387,-3339
46	21553	Trampled Man	65	6267	582	0	16	48127,-58500,-2669;48325,-57700,-2636;48665,-56346,-2672;49084,-56652,-2625;49209,-55832,-2669;49286,-57626,-2692;49793,-59267,-2688;49833,-56757,-2586
46	21555	Slaughter Executioner	65	7619	708	0	9	47509,-57360,-2408;48628,-57803,-2822;49632,-62157,-2885;50086,-56500,-2595;50461,-55869,-2680;50840,-56068,-2626;50969,-60527,-2771;53308,-57909,-3321
46	21556	Slaughter Executioner	65	7435	691	0	12	49717,-61364,-2581;50289,-61741,-2523;51002,-58912,-2835;51151,-58492,-2911;51747,-60833,-2856;52196,-60380,-3394;52901,-59032,-3193;53050,-60584,-3055
46	21551	Resurrected Guard	66	9541	898	0	11	51035,-53627,-3195;51075,-52419,-2904;51083,-51510,-2968;52463,-54323,-3099;53070,-53773,-3095;53294,-54403,-3009;56563,-58159,-3540;56972,-57588,-3607
46	21552	Resurrected Guard	66	9085	855	0	14	50414,-59533,-2707;51009,-61728,-2600;51622,-60391,-2857;52098,-59886,-2914;52562,-59536,-2994;52825,-60143,-2982;53725,-59001,-3287;54754,-58082,-3473
46	21557	Bone Snatcher	66	8774	826	0	20	49698,-60886,-2677;50177,-61547,-2553;50239,-52165,-2888;50651,-50371,-2821;50675,-59203,-2765;50709,-52928,-2849;50942,-49222,-2947;51021,-61847,-2584
46	21559	Bone Maker	66	9596	903	0	11	50902,-61550,-2621;51317,-60678,-2815;51537,-61249,-2796;52440,-60323,-2936;52946,-59606,-3097;53477,-60199,-3052;59230,-52339,-3216;59889,-50734,-2842
46	21560	Bone Shaper	66	9596	903	0	10	51439,-52915,-3195;51620,-51503,-3093;51843,-53271,-3195;52330,-51497,-3091;53562,-51264,-2924;56635,-59131,-3682;57556,-58119,-3358;58282,-57054,-3607
46	21561	Sacrificed Man	67	8057	767	0	14	54442,-54337,-3116;54788,-56144,-3360;54860,-55067,-3197;56908,-51662,-3114;57724,-51131,-3162;58133,-51647,-3177;58138,-56992,-3324;58197,-55189,-3326
46	21562	Guillotine's Ghost	67	8344	795	0	12	55771,-58610,-3548;57677,-57410,-3607;57980,-56876,-3607;58111,-55905,-3327;58526,-54492,-3201;59312,-57701,-3230;59499,-55422,-3196;59629,-50635,-3295
46	21563	Bone Collector	67	9695	923	0	8	50591,-52055,-2906;50888,-51439,-2927;51408,-51807,-3062;52133,-50948,-3104;52802,-51307,-3091;53379,-55737,-3061;53826,-56627,-3356;54746,-56945,-3315
46	21564	Skull Collector	67	9223	878	0	21	50734,-53093,-3195;51255,-55137,-2920;51851,-51751,-3095;52074,-51290,-3094;52674,-50388,-3238;53143,-51429,-3087;53738,-53762,-2937;54188,-55515,-3622
46	21565	Bone Animator	68	9314	900	0	13	50477,-53112,-2832;50661,-50988,-2818;51135,-52651,-2878;51223,-50366,-2889;52439,-51751,-3044;53616,-55692,-3075;53915,-56593,-3362;54662,-57008,-3306
46	21566	Skull Animator	68	10186	984	0	15	53535,-54784,-2928;54087,-56761,-3622;54590,-55871,-3622;54827,-54216,-3164;54892,-56761,-3622;55263,-53109,-3578;55624,-55836,-3401;55961,-53834,-3339
46	21567	Bone Slayer	68	12175	1176	0	8	56705,-52962,-3249;57455,-55249,-3342;57795,-56317,-3356;57959,-52212,-3188;58137,-57629,-3334;58278,-53041,-3321;58541,-54553,-3199;58732,-56918,-3315
46	21568	Devil Bat	68	10440	1009	0	13	50764,-50670,-2807;51136,-53805,-3195;51338,-53449,-3195;52186,-51010,-3100;52192,-52408,-3582;52746,-51487,-3054;52998,-52408,-3582;53636,-55919,-3054
46	21569	Devil Bat	68	8108	783	0	14	53144,-55630,-3097;53620,-56986,-3386;54188,-56227,-3622;54643,-57614,-3397;55156,-54136,-3219;55951,-53357,-3397;56136,-52538,-3269;57581,-53287,-3578
46	21596	Requiem Lord	68	12038	1163	0	11	50735,-49675,-2891;51388,-52773,-2854;51616,-53310,-2813;53162,-51515,-3079;53966,-51786,-3040;54048,-54670,-3029;54175,-56646,-3387;54851,-56283,-3374
46	21570	Ghost of Betrayer	69	7557	739	0	10	53578,-54253,-3023;54530,-55364,-3173;54678,-56682,-3359;55557,-48001,-3171;56254,-48938,-3036;56326,-53644,-3371;56347,-52636,-3253;56911,-51997,-3108
46	21571	Ghost of Rebellion Soldier	69	10718	1049	0	11	50513,-49481,-3785;50665,-50230,-2829;50707,-49406,-2883;52329,-46261,-3389;54604,-49625,-3028;54866,-50062,-3762;54911,-48146,-3336;55066,-49706,-3762
46	21572	Bone Sweeper	69	10282	1006	0	3	55092,-49068,-3105;55648,-49845,-3110;55748,-49097,-3082
46	21573	Atrox	69	11456	1121	0	16	53006,-49540,-3606;53302,-55952,-3041;53631,-54049,-3001;54362,-50952,-3762;54496,-55090,-3136;55045,-47192,-3342;55111,-48734,-3183;55268,-49706,-3762
46	21574	Bone Grinder	70	12902	1279	0	5	53752,-49038,-3265;54226,-48559,-3323;55168,-49364,-3085;58534,-48549,-2682;58796,-49470,-2857
46	21576	Ghost of Guillotine	70	9350	927	0	8	53433,-50069,-3570;54229,-50707,-3516;54765,-50952,-3762;54816,-51101,-3519;55368,-49172,-3762;55772,-49528,-3762;56174,-51308,-3762;58587,-48484,-2680
46	21577	Ghost of Guillotine	70	8195	813	0	8	50604,-48776,-3032;54020,-50538,-3532;54672,-48727,-3230;54967,-50240,-3762;55157,-51363,-3562;56072,-50418,-3762;56775,-50596,-3762;57468,-50864,-3158
46	21578	Behemoth Zombie	71	10308	1034	0	1	58721,-48937,-2808
46	21579	Ghost of Rebellion Leader	71	10843	1088	0	8	53080,-49089,-3580;53858,-49706,-3762;53960,-48816,-3762;54096,-48292,-3354;54262,-50418,-3762;54544,-52524,-3381;55569,-51308,-3762;58097,-48836,-2715
46	21580	Bone Caster	71	10154	1019	0	3	53906,-48190,-3346;54520,-48223,-3335;54608,-49142,-3206
46	21582	Vampire Soldier	71	11891	1193	0	2	53053,-45583,-3233;54954,-46540,-3465
46	21599	Requiem Priest	71	12750	1279	0	11	53761,-48504,-3321;54424,-47178,-3226;54765,-49172,-3762;55332,-48124,-3290;55823,-48450,-3202;56195,-47341,-2988;56275,-51486,-3762;56475,-50062,-3762
46	21585	Vampire Magician	72	9628	978	0	1	56116,-47574,-2965
46	21586	Vampire Adept	72	11374	1156	0	2	54636,-48011,-3354;55332,-46443,-3385
46	21589	Vampire Wizard	73	10168	1046	0	3	56564,-46896,-3465;57068,-47074,-3465;57166,-47682,-2855
46	21592	Vampire Magister	73	7750	797	0	2	54795,-46782,-3155;56664,-46718,-3465
46	21595	Vampire Warlord	73	9161	943	0	1	57044,-48114,-3029
47	21376	Scarlet Stakato Worker	78	35269	3860	0	10	179259,-116976,-3547;179861,-115334,-3575;177975,-119771,-4065;181151,-120190,-3610;182048,-117955,-3282
47	21377	Scarlet Stakato Soldier	78	34521	3775	0	10	179259,-116976,-3547;179861,-115334,-3575;177975,-119771,-4065;181151,-120190,-3610;182048,-117955,-3282
47	21379	Tepra Scorpion	79	34597	3930	0	18	186384,-118040,-3229;183780,-119415,-3024;185177,-120625,-3036;187687,-120904,-3036;189674,-120477,-3034;188554,-118926,-3252;189785,-117199,-3232;187875,-115696,-3228
47	21380	Tepra Scarab	79	35275	4010	0	18	186384,-118040,-3229;183780,-119415,-3024;185177,-120625,-3036;187687,-120904,-3036;189674,-120477,-3034;188554,-118926,-3252;189785,-117199,-3232;187875,-115696,-3228
47	21394	Lavasaurus	79	43811	4980	0	27	179259,-116976,-3547;179861,-115334,-3575;177975,-119771,-4065;181151,-120190,-3610;182048,-117955,-3282;186384,-118040,-3229;183780,-119415,-3024;185177,-120625,-3036
47	21652	Scarlet Stakato Noble	79	45730	5195	0	15	179259,-116976,-3547;179861,-115334,-3575;177975,-119771,-4065;181151,-120190,-3610;182048,-117955,-3282
47	21382	Mercenary of Destruction	80	49338	5825	0	12	185168,-113427,-3298;187605,-112884,-3224;189633,-113337,-3232;189228,-111672,-3236;189974,-109063,-3257;187671,-110412,-3240
47	21383	Knight of Destruction	80	49414	5835	0	12	185168,-113427,-3298;187605,-112884,-3224;189633,-113337,-3232;189228,-111672,-3236;189974,-109063,-3257;187671,-110412,-3240
47	21385	Lavastone Golem	80	40805	4875	0	14	185578,-109919,-3232;181736,-109033,-3644;183512,-111622,-3640;181802,-112576,-3607;179715,-112865,-3651;178925,-108759,-3611;176033,-109504,-3603
47	21386	Magma Golem	80	43604	5205	0	14	185578,-109919,-3232;181736,-109033,-3644;183512,-111622,-3640;181802,-112576,-3607;179715,-112865,-3651;178925,-108759,-3611;176033,-109504,-3603
47	21388	Iblis of Destruction	80	52595	6354	0	12	178380,-112878,-5776;180110,-115814,-6070;182694,-115064,-6074;184316,-116975,-6082
47	21389	Balrog of Destruction	80	56399	6894	0	12	178380,-112878,-5776;180110,-115814,-6070;182694,-115064,-6074;184316,-116975,-6082
47	21391	Lavasillisk	80	44980	5496	0	22	181389,-109946,-5794;178531,-107887,-5786;178476,-110308,-5793;181953,-106687,-6001;184898,-110018,-5886;185081,-110773,-5904;186460,-110883,-5828;186674,-109472,-5868
47	21392	Blazing Ifrit	80	64174	7938	0	35	181389,-109946,-5794;178531,-107887,-5786;178476,-110308,-5793;181953,-106687,-6001;184898,-110018,-5886;185081,-110773,-5904;185733,-111019,-5870;186460,-110883,-5828
47	21395	Elder Lavasaurus	80	55669	6804	0	35	178380,-112878,-5776;180110,-115814,-6070;182694,-115064,-6074;184316,-116975,-6082;181389,-109946,-5794;178531,-107887,-5786;178476,-110308,-5793;181953,-106687,-6001
47	21653	Assassin Beetle	80	32340	3815	0	27	186384,-118040,-3229;183780,-119415,-3024;185177,-120625,-3036;187687,-120904,-3036;189674,-120477,-3034;188554,-118926,-3252;189785,-117199,-3232;187875,-115696,-3228
47	21654	Necromancer of Destruction	80	38226	4565	0	18	185168,-113427,-3298;187605,-112884,-3224;189633,-113337,-3232;189228,-111672,-3236;189974,-109063,-3257;187671,-110412,-3240
47	21655	Arimanes of Destruction	80	33976	4105	0	21	185578,-109919,-3232;181736,-109033,-3644;183512,-111622,-3640;181802,-112576,-3607;179715,-112865,-3651;178925,-108759,-3611;176033,-109504,-3603
47	21656	Ashuras of Destruction	80	59677	7380	0	12	178380,-112878,-5776;180110,-115814,-6070;182694,-115064,-6074;184316,-116975,-6082
47	21657	Magma Drake	80	51686	6468	0	16	181389,-109946,-5794;178531,-107887,-5786;178476,-110308,-5793;181953,-106687,-6001;185096,-109230,-5872;187507,-111126,-5842
48	20027	Langk Lizardman Scout	16	570	23	0	2	-52558,195892,-3703;-51855,197991,-3635
48	20024	Langk Lizardman Warrior	17	618	26	0	2	-52042,197963,-3635;-51136,197165,-3676
48	21100	Langk Lizardman Sentinel	19	691	31	0	2	-51812,196817,-3725;-51745,198237,-3637
48	20357	Langk Lizardman Lieutenant	22	821	39	0	1	-50351,196941,-3719
48	20606	Kuran Kobold	27	1900	96	0	7	-57426,185996,-4811;-55560,186347,-4811;-55058,186496,-4811;-54950,186494,-4811;-54824,186787,-4811;-54274,186872,-4811;-53925,186921,-4811
48	20613	Lafi Lizardman	27	1900	96	0	7	-58049,187628,-4511;-57245,188223,-4494;-57241,188290,-4494;-55997,190092,-4520;-55997,190804,-4520;-55579,190308,-4473;-55025,190369,-4473
48	20607	Kuran Kobold Warrior	28	2012	106	0	4	-57178,186219,-4811;-55398,186588,-4811;-55129,186589,-4811;-53790,186948,-4811
48	20614	Lafi Lizardman Scout	28	1880	98	0	10	-59662,188337,-4511;-59538,188565,-4511;-58792,188115,-4511;-57517,188161,-4494;-57447,188283,-4494;-56474,187767,-4552;-56373,188301,-4552;-55795,190448,-4520
48	20608	Patin Archer	29	2044	110	0	2	-58535,184506,-4811;-57253,186487,-4811
48	20615	Ritmal Swordsman	29	2188	116	0	13	-59458,188142,-4511;-58778,185799,-4556;-58703,188496,-4511;-58577,185799,-4556;-58251,186100,-4511;-58218,185335,-4511;-57802,184949,-4548;-57410,186591,-4511
48	20609	Lakin Salamander	30	2136	116	0	3	-58260,184379,-4811;-57194,186279,-4911;-57060,186378,-4811
48	20616	Lakin Undine	30	2868	156	0	12	-58970,185319,-4517;-58689,184989,-4556;-58686,184625,-3203;-58577,186155,-4556;-57699,185878,-4511;-57400,185534,-4512;-57399,185305,-4548;-57392,185712,-4511
48	20617	Sentinel Of Water	31	2186	120	0	7	-59018,185379,-4517;-58286,185345,-4556;-55822,183417,-4512;-55744,184460,-4511;-55596,183876,-4512;-55515,184575,-4512;-55326,183565,-4511
48	21012	Magical Eye	31	1736	96	0	3	-46729,188875,-3220;-46456,186606,-3392;-44261,189522,-3296
48	20618	Kanil Succubus	32	2432	136	0	8	-56353,184460,-4511;-55993,184451,-4511;-55903,183748,-4511;-55785,183469,-4511;-54993,184218,-4512;-54975,183562,-4511;-54964,184622,-4512;-54690,185108,-4512
48	20747	Roxide	32	2918	164	0	1	-54922,184531,-4511
48	21013	Ol Mahum Van Archer	32	1920	108	0	2	-46960,187140,-3392;-45506,189330,-3192
48	20619	Rowin Undine	33	2504	144	0	3	-55041,184492,-4512;-54886,184362,-4512;-54691,184396,-4512
48	21014	Lesser Warlike Tyrant	33	1987	114	0	3	-46081,188626,-3042
49	20679	Marsh Stalker	54	4199	335	0	9	163659,38928,-3430;164062,38216,-3430;164667,38928,-3430;165042,44228,-3860;165810,34604,-3789;166155,44182,-3634;168926,43655,-4815;169928,43760,-4805
49	20680	Marsh Drake	55	4443	359	0	10	164163,38394,-3430;164201,38569,-3430;164365,39106,-3430;166016,35577,-3895;169447,43614,-4805;169763,42415,-4825;170500,42656,-4834;170993,41736,-4906
49	21017	Fallen Orc	55	4399	355	0	11	163760,39106,-3430;164465,38572,-3430;164968,38750,-3430;165445,44940,-3860;166634,34096,-4044;168232,46882,-3924;169972,41996,-4854;170886,43578,-4836
49	27316	Fallen Chieftain Vegus	55	0	0	0	1	171715,44028,-4904
49	21018	Ancient Gargoyle	56	5536	455	0	3	168459,36732,-3991;171887,37781,-4579;176684,38028,-4695
49	21019	Fallen Orc Archer	57	6093	506	0	3	169909,37241,-4220;170742,37547,-4386;175725,38433,-4697
49	21020	Fallen Orc Shaman	58	6898	583	0	10	169043,37026,-4078;170025,40665,-4869;170131,41136,-4868;171812,42895,-4958;172621,37725,-4623;173638,41321,-4903;174387,38450,-4644;174443,43872,-4877
49	21021	Sharp Talon Tiger	59	6353	543	0	7	169224,41670,-4882;169841,41585,-4872;170030,40958,-4864;172958,42808,-4932;173569,43727,-4937;173904,41529,-4928;176987,39886,-3956
49	21022	Fallen Orc Captain	60	6462	561	0	4	169499,41250,-4872;173112,44601,-4857;174212,41772,-4912;174820,43038,-4819
50	20547	Ol Mahum Reserve	23	878	42	0	2	50136,119776,-3176;50309,119729,-3232
50	20207	Ol Mahum Guerilla	26	1964	98	0	25	40658,117156,-1560;41085,116262,-1800;41458,116930,-1768;42020,117506,-1824;42180,118205,-1832;42584,117618,-1912;42775,117337,-1936;44034,119301,-1880
50	20208	Ol Mahum Raider	27	2070	106	0	49	39447,114158,-2072;39457,113758,-2072;39667,113527,-2072;39752,114118,-2072;40189,113939,-2072;40360,115501,-1864;40587,116889,-1544;42344,117491,-1880
50	20757	Talakin Raider	27	1380	71	0	24	39105,110053,-1360;40073,109181,-1080;41190,110570,-752;41717,112541,-1128;41775,114458,-1808;41867,107626,-824;42027,112690,-1184;42106,107758,-880
50	20209	Ol Mahum Marksman	28	2256	118	0	35	39788,113805,-2072;39945,107540,-1552;40228,114183,-2072;40530,116689,-1592;40652,105328,-1816;40993,117427,-1624;41337,106600,-1520;41759,113729,-1512
50	20756	Talakin Archer	28	1884	99	0	24	39032,109999,-1392;39967,109224,-1072;41176,110449,-680;41717,112541,-1128;41823,114469,-1816;41844,107816,-776;42071,112584,-1152;42211,107502,-904
50	20210	Ol Mahum Sergeant	29	2312	124	0	76	39775,109963,-1104;39872,107108,-1648;40003,112222,-1152;40133,111051,-1008;40523,113603,-2072;40524,111410,-848;40536,111119,-888;40912,108047,-1040
50	20211	Ol Mahum Captain	30	2482	136	0	33	39699,111388,-1024;40006,107859,-1448;40011,110119,-960;40017,107225,-1616;41108,111635,-848;41144,106647,-1520;41269,113576,-1552;41316,108788,-496
50	20755	Talakin	30	1970	108	0	24	39055,109986,-1384;39967,109075,-1080;41283,110555,-728;41776,114505,-1832;41844,107667,-808;41867,112541,-1144;41921,112584,-1160;42106,107609,-880
50	20549	Ol Mahum Lord	34	3526	206	0	7	39975,111622,-944;41008,111862,-856;41642,108469,-616;43194,110512,-1120;45907,105930,-864;46790,106507,-864;50211,108013,-1096
51	20662	Hatar Ratman Boss	48	3987	291	0	3	155260,16075,-3820
51	20663	Hatar Hanishee	49	3492	258	0	3	155260,16075,-3820
51	20664	Deprive	50	3672	277	0	3	155260,16075,-3820
52	20062	Tumran Bugbear	23	878	42	0	8	18695,150688,-3192;21064,151650,-3150;21202,149386,-3334;21202,150098,-3334;22007,149742,-3334;22213,150783,-3216;24578,149484,-3135;27490,148998,-2692
52	20205	Dire Wolf	24	954	47	0	7	25423,151637,-2934
52	21102	Watchman of the Plains	30	1335	73	0	5	14250,159735,-3421;14350,156767,-3462;14896,158329,-3505;15238,155269,-3537;15996,152686,-3533
52	21103	Roughly Hewn Rock Golem	31	1397	78	0	10	12204,157162,-2799;13016,155682,-3082;14604,151433,-3231;14775,150542,-3328;15077,160727,-3519;15853,154207,-3556;15954,154029,-3732;15997,157838,-3564
52	21104	Delu Lizardman Supplier	32	1754	99	0	12	11303,151275,-3224;12390,153106,-2994;12812,150229,-3348;13791,154264,-3126;13889,157602,-3273;14030,155641,-3403;14236,152782,-3301;15534,159602,-3504
52	21105	Delu Lizardman Special Agent	33	2022	116	0	3	12121,155092,-2729;14265,158784,-3294;16772,157571,-3562
53	20248	Turak Bugbear	31	1397	78	0	10	105276,141090,-3400;101984,142417,-3468;103712,145484,-3388;100236,146432,-3460;99881,149774,-3432
53	20145	Harpy	32	1504	84	0	11	105276,141090,-3400;101984,142417,-3468;103712,145484,-3388;100236,146432,-3460;99881,149774,-3432
53	20249	Turak Bugbear Warrior	33	3004	172	0	10	105276,141090,-3400;101984,142417,-3468;103712,145484,-3388;100236,146432,-3460;99881,149774,-3432
54	21274	Kookaburra	67	4178	398	0	11	155882,-43042,-3720;154200,-44838,-3717;154440,-47418,-3774;155467,-47545,-3771;156116,-46619,-3746;158218,-46748,-3380;157129,-48342,-3224;155476,-49469,-3391
54	21275	Kookaburra	67	4178	398	0	7	155882,-43042,-3720;154309,-46007,-3801;154440,-47418,-3774;156116,-46619,-3746;156222,-45664,-3664;158218,-46748,-3380;156752,-50472,-3058
54	21276	Kookaburra	67	4178	398	0	8	155882,-43042,-3720;154735,-43715,-3682;155467,-47545,-3771;156222,-45664,-3664;157129,-48342,-3224;157216,-49502,-3141;156752,-50472,-3058;156516,-52284,-2849
54	21277	Kookaburra	67	2938	280	0	9	154735,-43715,-3682;154200,-44838,-3717;154309,-46007,-3801;154440,-47418,-3774;158218,-46748,-3380;157129,-48342,-3224;155056,-48692,-3677;155476,-49469,-3391
54	21278	Antelope	68	4304	416	0	7	155882,-43042,-3720;157129,-48342,-3224;157216,-49502,-3141;156752,-50472,-3058;156944,-55300,-3104;157687,-56931,-3140;155557,-57365,-3193
54	21279	Antelope	68	4304	416	0	12	154735,-43715,-3682;154200,-44838,-3717;154309,-46007,-3801;154440,-47418,-3774;155467,-47545,-3771;158218,-46748,-3380;155056,-48692,-3677;157825,-51974,-2900
54	21280	Antelope	68	4304	416	0	5	154735,-43715,-3682;157129,-48342,-3224;156752,-50472,-3058;156516,-52284,-2849;155435,-55803,-3170
54	21281	Antelope	68	3026	292	0	7	154200,-44838,-3717;158218,-46748,-3380;157825,-51974,-2900;155435,-55803,-3170;156944,-55300,-3104;157687,-56931,-3140;155557,-57365,-3193
54	21282	Bandersnatch	69	4520	442	0	1	155435,-55803,-3170
54	21283	Bandersnatch	69	4520	442	0	2	156944,-55300,-3104;155557,-57365,-3193
54	21284	Bandersnatch	69	4520	442	0	1	157687,-56931,-3140
54	21285	Bandersnatch	69	3178	311	0	1	157687,-56931,-3140
55	20586	Timak Orc Warrior	43	2984	202	0	7	71205,38304,-3364;67886,39002,-3568;68550,39119,-3632;73641,47263,-3370;75102,44410,-2968;74510,41790,-2920
55	20587	Timak Orc Shaman	44	2815	193	0	7	71205,38304,-3364;67886,39002,-3568;68550,39119,-3632;73641,47263,-3370;75102,44410,-2968;74510,41790,-2920
55	20588	Timak Orc Overlord	45	3701	257	0	8	71205,38304,-3364;67886,39002,-3568;68550,39119,-3632;73641,47263,-3370;75102,44410,-2968;74510,41790,-2920
55	20767	Timak Orc Troop Leader	45	4801	334	0	16	71205,38304,-3364;67886,39002,-3568;73641,47263,-3370;75102,44410,-2968;74510,41790,-2920
56	22022	Bandit Assassin	35	1735	103	0	3	108199,-144604,-3655;109179,-144528,-3655;109548,-145927,-3493
56	22023	Bandit Warrior	36	1899	115	0	4	107537,-144866,-3655;107945,-144853,-3655;109126,-145447,-3631;109193,-144065,-3665
56	22024	Bandit Inspector	37	1855	114	0	14	101131,-147337,-2883;101246,-141964,-3149;101679,-140754,-3203;102392,-141794,-3259;102503,-148234,-3148;102641,-139625,-3210;104115,-139912,-3195;104403,-140678,-3333
56	22025	Frozen Wasteland Werewolf	38	3048	190	0	7	100342,-146659,-2775;100477,-142468,-3119;100718,-147721,-2957;102575,-141301,-3344;104805,-139624,-3130;105279,-141802,-3549;105396,-142177,-3627
56	22026	Bandit Captain	40	2537	164	0	6	100727,-143267,-3127;101155,-142672,-3149;101380,-148188,-3068;102075,-146610,-2835;102930,-140662,-3358;103425,-140076,-3269
57	20646	Halingka	55	7184	580	0	8	185836,48819,-4284
57	20647	Yintzu	56	7210	592	0	8	185836,48819,-4284
57	20648	Paliote	57	8188	680	0	8	185836,48819,-4284
57	20649	Hamrut	58	8150	688	0	6	191559,50135,-4284
57	21020	Fallen Orc Shaman	58	6898	583	0	2	183514,41181,-3653;183965,40383,-3692
57	20650	Kranrot	59	8820	754	0	6	191559,50135,-4284
57	21021	Sharp Talon Tiger	59	6353	543	0	1	182144,41941,-3648
57	20651	Gamlin	60	8194	710	0	6	191559,50135,-4284
57	21022	Fallen Orc Captain	60	6462	561	0	1	182278,41297,-3633
57	21058	Beast Lord	60	15760	1368	0	2	185836,48819,-4284;191559,50135,-4284
57	20966	Black Shadow	74	7747	808	1	7	186509,48839,-5856
57	20973	Forgotten Ancient People	77	8479	918	1	3	186509,48839,-5856
58	21324	Ketra Orc Footman	77	18646	2018	0	6	157076,-77516,-3930
58	21325	Ketra's War Hound	77	18030	1950	0	6	157076,-77516,-3930
58	21326	Grazing Kookaburra	77	18030	1950	0	8	157076,-77516,-3930
58	21331	Ketra Orc Warrior	80	17690	2088	0	8	152622,-76968,-4516;154982,-76992,-4338
58	21332	Ketra Orc Lieutenant	80	19811	2338	0	10	152622,-76968,-4516;154982,-76992,-4338
58	21333	Grazing Windsus	80	18967	2266	0	8	152622,-76968,-4516;154982,-76992,-4338
58	21334	Ketra Orc Medium	80	28392	3390	0	8	152622,-76968,-4516;154982,-76992,-4338
58	21335	Ketra Orc Elite Soldier	80	18299	2212	0	12	153914,-74104,-4046;148039,-74466,-4822
58	21336	Ketra Orc White Captain	80	21517	2600	0	10	153914,-74104,-4046;148039,-74466,-4822
58	21337	Grazing Elder Buffalo	80	19915	2434	0	10	153914,-74104,-4046;148039,-74466,-4822
58	21338	Ketra Orc Seer	80	26205	3204	0	10	153914,-74104,-4046;148039,-74466,-4822
58	21343	Ketra Commander	80	31181	3724	0	2	157076,-77516,-3930
58	21345	Ketra's Head Shaman	80	23500	2942	0	2	152622,-76968,-4516
59	20358	Ratman Hunter	18	640	28	0	1	-6850,114634,-3354
59	20919	Maille Lizardman	20	321	14	0	5	-22750,118068,-3398;-22649,119314,-3398;-22597,118882,-3668;-21540,120204,-3398;-21339,119848,-3398
59	21094	Ratman Chieftain	20	712	32	0	1	-7103,115462,-3310
59	20920	Maille Lizardman Scout	22	594	28	0	2	-22246,119670,-3398;-22044,120738,-3517
59	20921	Maille Lizardman Guard	24	429	21	0	5	-23455,118602,-3517;-23255,119670,-3517;-22950,120204,-3517;-22750,119848,-3517;-21944,119136,-3517
60	20928	Hatu Weird Bee	30	734	40	0	32	20495,182924,-3203;23101,188484,-3278;24846,184987,-2999;27027,190289,-3443;23189,189719,-3314
60	20929	Hatu Dire Wolf	32	697	39	0	33	20495,182924,-3203;23101,188484,-3278;24846,184987,-2999;27027,190289,-3443;23189,189719,-3314
60	20930	Hatu Brown Bear	34	1098	64	0	39	20495,182924,-3203;17635,188295,-3251;23101,188484,-3278;24846,184987,-2999;27027,190289,-3443;23189,189719,-3314
60	27113	Baraham	36	0	0	0	1	20898,184689,-3358
60	20935	Wasp Leader	37	904	56	0	27	17635,188295,-3251;23101,188484,-3278;24846,184987,-2999;27027,190289,-3443;23189,189719,-3314
60	27103	Unicorn Racer	38	0	0	0	1	23354,187991,-3716
61	20569	Formor Elder	46	3200	227	0	9	78357,7684,-3352;77325,7312,-3314;82180,4485,-2906;82057,3809,-2952
61	20570	Tarlk Bugbear	47	3212	230	0	8	78357,7684,-3352;77325,7312,-3314;82180,4485,-2906;82057,3809,-2952
61	20571	Tarlk Bugbear Warrior	48	3793	277	0	7	78357,7684,-3352;77325,7312,-3314;82180,4485,-2906
61	20572	Tarlk Bugbear High Warrior	49	4155	307	0	9	78357,7684,-3352;77325,7312,-3314;82180,4485,-2906;82057,3809,-2952
61	20573	Tarlk Basilisk	50	3600	271	0	30	75910,1262,-3664;80746,-6016,-3048;81035,-5165,-3088;74700,-5744,-2934;73871,-1541,-3638;74538,-1456,-3668;77604,-1767,-3642;82316,-1385,-3632
61	21261	Ol Mahum Transcender	50	4284	323	0	1	80746,-6016,-3048
61	20574	Elder Tarlk Basilisk	51	3820	291	0	25	75910,1262,-3664;80746,-6016,-3048;81035,-5165,-3088;74700,-5744,-2934;73871,-1541,-3638;74538,-1456,-3668;77604,-1767,-3642;82316,-1385,-3632
61	20241	Hunter Gargoyle	52	4633	358	0	19	75910,1262,-3664;80746,-6016,-3048;81035,-5165,-3088;74700,-5744,-2934;73871,-1541,-3638;74538,-1456,-3668;77604,-1767,-3642;82316,-1385,-3632
61	20161	Oel Mahum	53	4167	328	0	4	80746,-6016,-3048;81035,-5165,-3088;74700,-5744,-2934
62	20680	Marsh Drake	55	4443	359	0	3	165971,45763,-3688;166557,51628,-4139;166840,47300,-3569
62	21017	Fallen Orc	55	4399	355	0	3	165083,45335,-3590;165165,51617,-3907;166527,46145,-3702
62	21018	Ancient Gargoyle	56	5536	455	0	3	165713,50008,-4216;166983,50728,-4110;167296,49070,-3932
63	20310	Brown Bear	16	576	23	0	4	-64594,159928,-3662;-63604,161057,-3715;-63420,158796,-3548;-62036,158026,-3359
63	20043	Arachnid Tracker	19	760	34	0	1	-65331,160718,-3629
64	20059	Hungry Eye	22	821	39	0	15	-38157,213074,-3693;-36736,211299,-3744;-36683,214073,-3733;-32528,211072,-3720;-32108,213187,-3704;-29848,213463,-3723;-27686,211222,-3720;-27384,211044,-3720
64	20357	Langk Lizardman Lieutenant	22	821	39	0	13	-31823,210182,-3720;-31723,210360,-3720;-30062,212953,-3723;-27841,213972,-3723;-27283,211578,-3720;-27182,211756,-3720;-27082,211222,-3720;-26880,211578,-3720
64	20548	Ol Mahum Deserter	23	895	43	0	2	-37845,213979,-3722;-36434,212189,-3717
64	21101	Langk Lizardman Shaman	24	935	46	0	3	-35585,213715,-3720;-34456,211577,-3704;-32063,212116,-3700
65	21508	Splinter Stakato	66	8452	796	0	11	69159,-58724,-3139;70364,-58628,-3149;71364,-58683,-3125;71261,-59501,-3066;69270,-56316,-3111;71382,-53540,-3137;73009,-54533,-3109;70017,-61304,-3088
65	21509	Splinter Stakato Worker	67	7445	709	0	19	69159,-58724,-3139;70364,-58628,-3149;71364,-58683,-3125;71059,-60871,-3139;72847,-57771,-3105;72529,-56322,-3176;70318,-57568,-3134;69270,-56316,-3111
65	21510	Splinter Stakato Soldier	68	8972	867	0	15	69159,-58724,-3139;71059,-60871,-3139;72847,-57771,-3105;72529,-56322,-3176;70318,-57568,-3134;69270,-56316,-3111;69718,-54256,-3143;71382,-53540,-3137
65	21511	Splinter Stakato Drone	69	9944	973	0	14	71261,-59501,-3066;71059,-60871,-3139;71869,-60441,-3080;72847,-57771,-3105;72529,-56322,-3176;70318,-57568,-3134;69270,-56316,-3111;69718,-54256,-3143
65	21512	Splinter Stakato Drone	70	12636	1253	0	6	70299,-59984,-3175;72677,-59218,-3091;71104,-55523,-3135
65	21513	Needle Stakato	70	9507	943	0	1	76275,-61899,-2295
65	21514	Needle Stakato Worker	71	8360	839	0	1	76275,-61899,-2295
65	21515	Needle Stakato Soldier	72	10059	1022	0	1	76275,-61899,-2295
65	21516	Needle Stakato Drone	73	10340	1064	0	2	76275,-61899,-2295
66	20758	Dragon Bearer Chief	49	5255	389	0	8	121762,115355,-3688;120495,112707,-3708;125338,111900,-3288;120880,121422,-3004;122611,119630,-3044
66	20244	Malruk Succubus	55	4399	355	0	4	117628,119561,-3564;117193,117356,-3604;119005,122423,-2948
66	20245	Malruk Succubus Turen	56	4560	375	0	6	117628,119561,-3564;117193,117356,-3604;119005,122423,-2948
66	20137	Drake	57	4819	401	0	17	117628,119561,-3564;117193,117356,-3604;121762,115355,-3688;120495,112707,-3708;119005,122423,-2948;120880,121422,-3004;122611,119630,-3044;125513,118394,-3000
66	20246	Cave Keeper	58	5822	492	0	15	121762,115355,-3688;120495,112707,-3708;125510,115010,-3616;125338,111900,-3288;120880,121422,-3004;122611,119630,-3044;125513,118394,-3000
66	20134	Cave Maiden	59	5112	437	0	13	121762,115355,-3688;120495,112707,-3708;125338,111900,-3288;120880,121422,-3004;122611,119630,-3044;125513,118394,-3000
66	18001	Blood Queen	60	4536	394	0	8	121762,115355,-3688;125510,115010,-3616;125338,111900,-3288
67	20791	Crokian Warrior	38	4422	276	0	7	120559,202880,-3419;122784,206725,-3419;120606,210318,-3416
67	20792	Farhite	39	4114	262	0	8	120559,202880,-3419;122784,206725,-3419;120606,210318,-3416
67	20135	Alligator	40	2373	153	0	2	120559,202880,-3419
68	22080	Massive Maze Bandersnatch	54	2185	174	0	8	123587,-127107,-2584;127212,-119964,-2607;124734,-121992,-2608;124417,-122116,-2609;123888,-120766,-2580;122605,-123367,-2579;128547,-122828,-2567;128906,-122393,-2576
68	22082	Elder Lost Watcher	54	4370	348	0	33	103581,-112887,-3470;104073,-116399,-2774;104121,-112573,-3324;104174,-116637,-2774;104608,-103680,-3682;104947,-115101,-2774;105571,-103914,-3682;106154,-115180,-2774
68	22084	Panthera	56	2448	201	0	25	112378,-118771,-2774;112525,-120018,-2774;112594,-100048,-3646;112741,-101203,-3646;113375,-119754,-2774;113846,-118850,-2774;114241,-101228,-3646;115689,-100900,-3646
68	22086	Lost Gargoyle Youngling	56	4896	402	0	17	104441,-104188,-3682;105416,-105268,-3666;105717,-104319,-3682;105824,-102602,-3691;106832,-102253,-3683;117791,-105441,-1312;117812,-104741,-1313;118330,-104541,-1286
68	22088	Pronghorn	57	4087	340	0	11	127578,-110473,-2774;127742,-107522,-2774;127858,-111631,-2774;127911,-107555,-2774;128069,-106794,-2774;128230,-106844,-2774;120598,-112915,-2319;120997,-112981,-2328
68	22089	Ice Tarantula	57	4087	340	0	11	121716,-118715,-2543;124089,-113758,-2591;124501,-114037,-2591;124819,-110959,-2592;126334,-115872,-2583;126808,-116348,-2575;126862,-115190,-2584;126993,-110580,-2774
68	22090	Frost Tarantula	58	5053	427	0	18	122008,-118996,-2602;122979,-110835,-2592;123177,-116618,-2598;123215,-111149,-2592;123271,-116072,-2593;123717,-109282,-2647;123825,-110738,-2592;123885,-116140,-2603
68	22092	Frost Iron Golem	59	3067	262	0	15	123278,-116851,-2634;123498,-116385,-2630;123695,-113455,-2548;124348,-114139,-2584;124515,-121567,-2613;125342,-113427,-2587;126039,-116720,-2582;126437,-118775,-2584
68	22094	Frost Buffalo	61	5254	462	0	8	124884,-122294,-2613;126719,-119870,-2598;127530,-119487,-2606;127533,-125092,-2572;128358,-118728,-2584;128449,-123008,-2571;128560,-123306,-2571;128732,-125210,-2572
68	22096	Ursus	62	3152	281	0	12	120768,-126762,-2808;122564,-124074,-2584;123090,-124548,-2584;123106,-125372,-2586;123722,-125481,-2584;124173,-124929,-2581;124342,-127259,-2581;124450,-126603,-2584
68	22098	Frost Yeti	63	6277	567	0	17	122954,-122960,-2571;124364,-121400,-2606;124439,-122775,-2579;124571,-121768,-2608;124841,-127247,-2579;124968,-126183,-2606;125172,-122173,-2608;125404,-126157,-2578
69	20333	Greystone Golem	13	654	26	0	7	4555,-132289,-2848;7705,-136421,-822
69	20364	Maraku Werewolf Chieftain	14	508	20	0	13	4555,-132289,-2848;7705,-136421,-822;11528,-133426,-1503;15453,-136448,-1292
69	20428	Evil Eye Patroller	14	498	19	0	10	4555,-132289,-2848;7705,-136421,-822;11528,-133426,-1503
69	20474	Kasha Spider	15	534	22	0	7	11528,-133426,-1503;11962,-140697,-1708
69	20479	Kasha Bear	15	539	22	0	7	15453,-136448,-1292;11962,-140697,-1708
69	20476	Kasha Fang Spider	16	570	23	0	7	15453,-136448,-1292;11962,-140697,-1708
69	20478	Kasha Blade Spider	17	666	28	0	4	11962,-140697,-1708
70	21280	Antelope	68	4304	416	0	1	159188,-57910,-3100
70	21281	Antelope	68	3026	292	0	1	159188,-57910,-3100
70	21282	Bandersnatch	69	4520	442	0	5	138315,-59403,-3374;135583,-58217,-2997;136136,-56045,-3273;132537,-51322,-3689;132386,-56014,-3145
70	21283	Bandersnatch	69	4520	442	0	4	134454,-59927,-3290;133822,-54583,-3389;131576,-52388,-3538;132175,-57330,-2923
70	21284	Bandersnatch	69	4520	442	0	4	138315,-59403,-3374;134454,-59927,-3290;132656,-53520,-3518;132794,-55149,-3292
70	21285	Bandersnatch	69	3178	311	0	7	159188,-57910,-3100;138315,-59403,-3374;137588,-57567,-3415;136062,-59976,-3315;135583,-58217,-2997;132457,-52449,-3556;132360,-56567,-2956
70	21286	Buffalo	70	4560	452	0	18	138383,-55619,-3364;138271,-53943,-3117;139056,-52351,-2847;136759,-52050,-3040;134462,-52476,-3325;134642,-50696,-3481;134523,-45722,-2748;135256,-44115,-2548
70	21287	Buffalo	70	4560	452	0	19	138383,-55619,-3364;138496,-51209,-2768;137670,-51563,-2868;136313,-53654,-3167;133912,-49115,-3454;133980,-47503,-3219;138315,-59403,-3374;137588,-57567,-3415
70	21288	Buffalo	70	4560	452	0	17	138383,-55619,-3364;138271,-53943,-3117;136313,-53654,-3167;134523,-45722,-2748;138315,-59403,-3374;136062,-59976,-3315;134454,-59927,-3290;135583,-58217,-2997
70	21289	Buffalo	70	3207	318	0	14	138271,-53943,-3117;139056,-52351,-2847;136759,-52050,-3040;134462,-52476,-3325;134642,-50696,-3481;134523,-45722,-2748;138315,-59403,-3374;134454,-59927,-3290
70	21290	Grendel	71	4786	480	0	9	138383,-55619,-3364;137670,-51563,-2868;136313,-53654,-3167;133912,-49115,-3454;135256,-44115,-2548;136726,-46237,-2747;136578,-49934,-3260;138008,-49021,-3188
70	21291	Grendel	71	4786	480	0	10	138271,-53943,-3117;136759,-52050,-3040;134462,-52476,-3325;133980,-47503,-3219;134523,-45722,-2748;136726,-46237,-2747;135419,-47816,-3132;136578,-49934,-3260
70	21292	Grendel	71	4786	480	0	9	139056,-52351,-2847;136313,-53654,-3167;134462,-52476,-3325;133980,-47503,-3219;134523,-45722,-2748;136726,-46237,-2747;135419,-47816,-3132;136578,-49934,-3260
70	21293	Grendel	71	3365	338	0	13	138496,-51209,-2768;136759,-52050,-3040;136313,-53654,-3167;134462,-52476,-3325;134642,-50696,-3481;133912,-49115,-3454;134523,-45722,-2748;135256,-44115,-2548
71	20793	Nos	40	4502	290	0	6	88829,249989,-8750;89304,251382,-8816;76315,250015,-8750
71	20794	Blade Stakato	41	4206	274	0	13	88829,249989,-8750;88262,255699,-8816;89314,252605,-8816;84929,258539,-8816;87765,256394,-8816;77685,256580,-8816;79407,257818,-8816;75854,252561,-8816
71	20849	Light Worm	41	3864	252	0	1	82447,258581,-9166
71	20795	Blade Stakato Worker	42	3976	264	0	8	88830,254046,-8750;86406,257378,-8750;78702,257279,-8750;76354,254064,-8750
71	20796	Blade Stakato Warrior	43	4250	286	0	20	88829,249989,-8750;88830,254046,-8750;86406,257378,-8750;78702,257279,-8750;76354,254064,-8750;76315,250015,-8750;88139,250291,-9328;88551,251596,-9328
71	20797	Blade Stakato Drone	44	6462	441	0	15	88153,250270,-9278;88112,253777,-9278;87697,255057,-9328;86052,256657,-9278;82761,257707,-9278;81425,257716,-9328;79296,256558,-9278;77323,253751,-9278
71	20798	Water Giant	45	5224	362	0	22	88153,250270,-9278;88112,253777,-9278;86052,256657,-9278;82761,257707,-9278;79296,256558,-9278;77323,253751,-9278;77276,250249,-9278;87790,251528,-9840
71	20799	Queen Undine Lad	46	5260	372	0	14	87392,250493,-9791;87416,253491,-9791;85592,255971,-9791;82643,256898,-9791;84085,256778,-9840;79871,255930,-9791;80589,256629,-9840;78097,253606,-9791
71	20800	Eva's Seeker	47	4930	352	0	19	87392,250493,-9791;87416,253491,-9791;85592,255971,-9791;82643,256898,-9791;79871,255930,-9791;78097,253606,-9791;78093,250503,-9791;78576,251501,-10352
71	20801	Theeder Piker	48	5944	434	0	16	78929,250729,-10307;86596,250791,-10307;86537,253278,-10307;86681,252426,-10352;85073,255272,-10307;85425,254873,-10352;82709,255993,-10307;83174,255876,-10352
71	20802	Theeder Mage	49	6050	446	0	22	78929,250729,-10307;86596,250791,-10307;86537,253278,-10307;85073,255272,-10307;82709,255993,-10307;80392,255249,-10307;78962,253278,-10307;80389,253542,-10845
71	20803	Doll Master	50	11847	891	0	16	80389,253542,-10845;79876,252068,-10845;85282,252122,-10845;84928,253644,-10845;83555,254562,-10845;82023,254693,-10845
71	20994	Garden Guard Leader	50	12388	932	0	8	80389,253542,-10845;79876,252068,-10845;85282,252122,-10845;84928,253644,-10845;83555,254562,-10845;82023,254693,-10845
72	20649	Hamrut	58	8150	688	0	18	190298,52453,-4284;190036,54081,-4284;192089,52218,-4284;193733,52422,-4284
72	20650	Kranrot	59	8820	754	0	23	190298,52453,-4284;190036,54081,-4284;192089,52218,-4284;193733,52422,-4284;192004,55596,-4528;192004,56865,-4662
72	20651	Gamlin	60	8194	710	0	20	190298,52453,-4284;190036,54081,-4284;192089,52218,-4284;193733,52422,-4284;192009,58238,-4716
72	21058	Beast Lord	60	15760	1368	0	3	190298,52453,-4284;192089,52218,-4284;193733,52422,-4284
72	20652	Leogul	61	8640	760	0	34	191930,61646,-4892;190605,59422,-4892;193447,59405,-4892;193002,61657,-6056;190917,61647,-6044;186855,56277,-4502
72	20654	Lesser Giant Soldier	62	18671	1662	0	34	191930,61646,-4892;190605,59422,-4892;193447,59405,-4892;193002,61657,-6056;190917,61647,-6044;186855,56277,-4502
72	20655	Lesser Giant Shooter	63	15255	1377	0	20	191985,60787,-7180;187009,56338,-7171
72	20656	Lesser Giant Scout	63	13917	1257	0	70	191930,61646,-4892;190605,59422,-4892;193447,59405,-4892;193002,61657,-6056;190917,61647,-6044;186855,56277,-4502
72	20657	Lesser Giant Mage	64	11022	1008	0	21	191985,60787,-7180;187009,56338,-7171
72	20771	Barif	64	13030	1192	0	10	193002,61657,-6056;191985,60787,-7180;187009,56338,-7171;186855,56277,-4502
72	20658	Lesser Giant Elder	65	10648	988	0	21	191985,60787,-7180;187009,56338,-7171
73	20649	Hamrut	58	8150	688	0	14	182133,61959,-3900;180671,59517,-3900
73	20650	Kranrot	59	8820	754	0	20	178567,61690,-4289;179926,61690,-4141;182133,61959,-3900;180671,59517,-3900
73	20651	Gamlin	60	8194	710	0	14	182133,61959,-3900;180671,59517,-3900
73	21058	Beast Lord	60	15760	1368	0	2	182133,61959,-3900;180671,59517,-3900
73	20652	Leogul	61	8640	760	0	18	187605,62570,-4916;187504,60795,-4912;183882,61576,-3925;183869,58902,-3926
73	20654	Lesser Giant Soldier	62	18671	1662	0	20	187605,62570,-4916;187504,60795,-4912;183882,61576,-3925;183869,58902,-3926
73	20655	Lesser Giant Shooter	63	15255	1377	0	26	189136,61621,-6036;187511,61347,-7176;184418,59967,-7176;185546,58931,-7176;184392,58933,-7176;183253,58935,-7176;182592,61008,-7176;183905,61010,-7176
73	20656	Lesser Giant Scout	63	13917	1257	0	40	187605,62570,-4916;187504,60795,-4912;183882,61576,-3925;183869,58902,-3926
73	20657	Lesser Giant Mage	64	11022	1008	0	22	189136,61621,-6036;187511,61347,-7176;184418,59967,-7176;185546,58931,-7176;184392,58933,-7176;183253,58935,-7176;182592,61008,-7176;183905,61010,-7176
73	20771	Barif	64	13030	1192	0	5	187504,60795,-4912;187511,61347,-7176;184418,59967,-7176;183882,61576,-3925;183869,58902,-3926
73	20658	Lesser Giant Elder	65	10648	988	0	28	189136,61621,-6036;187511,61347,-7176;184418,59967,-7176;185546,58931,-7176;184392,58933,-7176;183253,58935,-7176;182592,61008,-7176;183905,61010,-7176
74	20919	Maille Lizardman	20	321	14	0	6	-23071,122420,-3616;-23057,122760,-3624;-22140,123387,-3551;-21977,121805,-3511;-20108,122371,-3326;-18799,121020,-3240
74	20920	Maille Lizardman Scout	22	594	28	0	8	-23113,123300,-3618;-22898,124046,-3579;-22394,122375,-3575;-22346,120916,-3559;-21578,122670,-3510;-20907,121079,-3397;-20650,122372,-3387;-19734,121942,-3276
74	20921	Maille Lizardman Guard	24	429	21	0	6	-22764,121578,-3586;-21513,121289,-3457;-20835,122933,-3434;-20713,121736,-3368;-20359,121267,-3332;-19479,121134,-3271
75	21278	Antelope	68	4304	416	0	2	151869,-61029,-3168;143516,-61360,-3260
75	21279	Antelope	68	4304	416	0	1	152204,-61559,-3034
75	21280	Antelope	68	4304	416	0	1	151869,-61029,-3168
75	21281	Antelope	68	3026	292	0	1	152204,-61559,-3034
75	21282	Bandersnatch	69	4520	442	0	5	143516,-61360,-3260;141706,-60266,-3290;141171,-59759,-3306;140696,-57173,-2951;139645,-58402,-3367
75	21283	Bandersnatch	69	4520	442	0	4	152204,-61559,-3034;142551,-60912,-3190;141197,-58115,-3119;140490,-58449,-3285
75	21284	Bandersnatch	69	4520	442	0	5	143516,-61360,-3260;142079,-60649,-3227;141171,-59759,-3306;140747,-57775,-3064;138899,-57658,-3499
75	21285	Bandersnatch	69	3178	311	0	6	151869,-61029,-3168;142551,-60912,-3190;142079,-60649,-3227;142148,-59522,-3209;139294,-56821,-3392;140023,-59857,-3309
75	21286	Buffalo	70	4560	452	0	4	141706,-60266,-3290;141197,-58115,-3119;139645,-58402,-3367;140023,-59857,-3309
75	21287	Buffalo	70	4560	452	0	3	142148,-59522,-3209;140490,-58449,-3285;140023,-59857,-3309
75	21288	Buffalo	70	4560	452	0	2	140696,-57173,-2951;139294,-56821,-3392
75	21289	Buffalo	70	3207	318	0	2	140747,-57775,-3064;138899,-57658,-3499
76	20248	Turak Bugbear	31	1397	78	0	16	100760,133780,-3384;105383,132630,-3356;104748,137419,-3458;100257,138572,-3216
76	20145	Harpy	32	1504	84	0	17	100760,133780,-3384;105383,132630,-3356;104748,137419,-3458;100257,138572,-3216
76	20249	Turak Bugbear Warrior	33	3004	172	0	52	118669,129068,-2878;123511,129238,-3100;100760,133780,-3384;105383,132630,-3356;104748,137419,-3458;108773,135856,-3428;113453,137142,-3212;120141,135116,-3392
76	20158	Medusa	34	1714	100	0	37	118669,129068,-2878;123511,129238,-3100;108773,135856,-3428;113453,137142,-3212;120141,135116,-3392;120987,132483,-3356;124280,135596,-3208;127694,136939,-3108
76	20176	Wyrm	35	1817	108	0	37	118669,129068,-2878;123511,129238,-3100;108773,135856,-3428;113453,137142,-3212;120141,135116,-3392;120987,132483,-3356;124280,135596,-3208;127694,136939,-3108
76	27108	Stenoa Gorgon Queen	37	0	0	0	1	117413,128329,-2860
76	27107	Silhouette Tilfo	40	0	0	0	1	106352,135516,-3431
77	20552	Fettered Soul	38	4292	268	0	33	70449,100685,-3514;74445,99534,-3300;78087,103674,-3240;79841,99669,-3436;83367,101481,-3388;87248,100037,-3372;93939,101346,-3236;101345,101430,-3264
77	20553	Windsus	39	2212	141	0	32	70449,100685,-3514;74445,99534,-3300;78087,103674,-3240;79841,99669,-3436;83367,101481,-3388;87248,100037,-3372;93939,101346,-3236;101345,101430,-3264
77	20554	Grandis	40	2585	167	0	34	70449,100685,-3514;74445,99534,-3300;78087,103674,-3240;79841,99669,-3436;83367,101481,-3388;87248,100037,-3372;93939,101346,-3236;101345,101430,-3264
78	20552	Fettered Soul	38	4292	268	0	1	101278,105414,-3020
78	20553	Windsus	39	2212	141	0	1	101278,105414,-3020
78	20554	Grandis	40	2585	167	0	1	101278,105414,-3020
78	20241	Hunter Gargoyle	52	4633	358	0	3	100588,111041,-3560;102558,111728,-3612
78	20242	Dustwind Gargoyle	53	4813	378	0	6	100588,111041,-3560;102558,111728,-3612;101839,114140,-3604;101215,115706,-3588;101587,117267,-3576
78	20243	Thunder Wyrm	54	4283	341	0	10	101839,114140,-3604;101215,115706,-3588;101587,117267,-3576;109308,113414,-3072;109176,115784,-2952;108764,117259,-3060
78	20244	Malruk Succubus	55	4399	355	0	15	112552,110068,-2912;114006,112254,-2988;112089,111600,-2760;111601,112724,-2756;110704,110826,-3044;108835,111701,-3072;109308,113414,-3072;109176,115784,-2952
78	20245	Malruk Succubus Turen	56	4560	375	0	10	112552,110068,-2912;114006,112254,-2988;112089,111600,-2760;111601,112724,-2756;110704,110826,-3044;108835,111701,-3072
78	20137	Drake	57	4819	401	0	3	114554,109986,-2924
79	21314	Hot Springs Bandersnatchling	73	17218	1772	0	21	150983,-115581,-1552;156528,-113673,-1798;155026,-109278,-2622;153917,-105538,-2814;144049,-110427,-3382;144765,-106955,-3462;143700,-103925,-3462
79	21315	Hot Springs Buffalo	73	17942	1846	0	20	146876,-112050,-2238;149010,-111922,-2110;149374,-113644,-1902;150575,-112019,-2118;153110,-114305,-1600;156451,-116314,-1726;157761,-106879,-2574;149140,-108938,-2560
79	21316	Hot Springs Flava	74	21112	2200	0	14	150983,-115581,-1552;156451,-116314,-1726;157761,-106879,-2574;144049,-110427,-3382
79	21317	Hot Springs Atroxspawn	74	17692	1844	0	9	153110,-114305,-1600;153917,-105538,-2814;140914,-107406,-3618
79	21318	Hot Springs Antelope	74	18494	1928	0	26	146876,-112050,-2238;149010,-111922,-2110;149374,-113644,-1902;150575,-112019,-2118;156528,-113673,-1798;155026,-109278,-2622;149140,-108938,-2560;144765,-106955,-3462
79	21319	Hot Springs Nepenthes	75	23272	2454	0	25	153110,-114305,-1600;156528,-113673,-1798;155026,-109278,-2622;153917,-105538,-2814;140914,-107406,-3618;144765,-106955,-3462;143700,-103925,-3462
79	21320	Hot Springs Yeti	75	18941	1998	0	22	146876,-112050,-2238;149010,-111922,-2110;149374,-113644,-1902;150575,-112019,-2118;150983,-115581,-1552;156451,-116314,-1726;157761,-106879,-2574;149140,-108938,-2560
79	21321	Hot Springs Atrox	76	22270	2380	0	13	156451,-116314,-1726;155026,-109278,-2622;144049,-110427,-3382;144765,-106955,-3462
79	21322	Hot Springs Bandersnatch	76	22270	2380	0	15	150983,-115581,-1552;156528,-113673,-1798;157761,-106879,-2574;143700,-103925,-3462
79	21323	Hot Springs Grendel	76	19506	2084	0	10	153110,-114305,-1600;153917,-105538,-2814;140914,-107406,-3618
80	20600	Karul Bugbear	40	2741	177	0	5	122662,79584,-2193;123340,79482,-2229;123867,75033,-2825;124079,76696,-2433;124336,81564,-2912
80	20601	Tamlin Orc	41	2444	160	0	3	122564,80510,-2397;123857,82039,-2883;125849,78391,-2308
80	20602	Tamlin Orc Archer	42	3308	220	0	4	122979,80317,-2403;123897,75960,-2556;125102,80619,-2447;125536,78972,-2348
80	20603	Kronbe Spider	43	2715	184	0	2	118372,85784,-2885;121618,84464,-2733
80	20604	Lakin	44	3317	227	0	2	121785,83721,-2697;122357,81109,-2583
81	21798	Ghost of a Gatekeeper	76	14208	1518	0	6	181429,-78687,-2634;180487,-75315,-2628
81	21799	Ghost of a Gatekeeper	76	26131	2793	0	5	181429,-78687,-2634;180487,-75315,-2628
81	21800	Vassal Ghost	77	13232	1432	0	4	181429,-78687,-2634
81	21396	Carrion Scarab	78	24545	2685	0	6	175071,-75345,-2625;175073,-78219,-2620
81	21397	Carrion Scarab	78	21309	2331	0	6	177900,-75318,-2628;177961,-78188,-3272
81	21398	Soldier Scarab	78	40465	4428	0	8	177900,-75318,-2628;177961,-78188,-3272;175071,-75345,-2625;175073,-78219,-2620
81	21399	Soldier Scarab	78	38679	4230	0	8	177900,-75318,-2628;177961,-78188,-3272;175071,-75345,-2625;175073,-78219,-2620
81	21400	Hexa Beetle	79	32224	3660	0	12	175101,-81091,-3273;177960,-81043,-3922;180819,-81018,-4565
81	21401	Hexa Beetle	79	28351	3224	0	9	183669,-78109,-5862;186549,-78099,-6497;189446,-78099,-7163
81	21402	Katraxis	79	29257	3324	0	4	177900,-75318,-2628;177961,-78188,-3272;175071,-75345,-2625;175073,-78219,-2620
81	21403	Katraxis	79	33769	3835	0	20	177900,-75318,-2628;177961,-78188,-3272;175071,-75345,-2625;175073,-78219,-2620
81	21404	Tera Beetle	80	56681	6692	0	4	175071,-75345,-2625;175073,-78219,-2620
81	21405	Tera Beetle	80	27174	3208	0	4	177900,-75318,-2628;177961,-78188,-3272
81	21406	Knight of Empire	80	40182	4745	0	13	189446,-78099,-7163;189445,-80970,-6518
81	21407	Knight of Empire	80	25715	3036	0	26	183669,-78109,-5862;186549,-78099,-6497;183664,-80987,-5217;186556,-80988,-5865
81	21408	Royal Guard of Empire	80	34974	4125	0	24	175101,-81091,-3273;177960,-81043,-3922;180819,-81018,-4565
81	21409	Royal Guard of Empire	80	39110	4614	0	12	175101,-81091,-3273;177960,-81043,-3922;180819,-81018,-4565
81	21410	Guardian Scarab	80	36133	4315	0	15	175101,-81091,-3273;177960,-81043,-3922;180819,-81018,-4565
81	21411	Guardian Scarab	80	28838	3444	0	30	175101,-81091,-3273;177960,-81043,-3922;180819,-81018,-4565
81	21412	Ustralith	80	46019	5495	0	6	189438,-83847,-5855;186542,-83852,-5222;183679,-83872,-5861
81	21413	Ustralith	80	35388	4225	0	6	189438,-83847,-5855;186542,-83852,-5222;183679,-83872,-5861
81	21414	Assassin of Empire	80	34393	4105	0	20	183664,-80987,-5217;186556,-80988,-5865
81	21415	Assassin of Empire	80	34694	4140	0	10	189445,-80970,-6518
81	21416	Imperial Commander	80	41052	4900	0	8	183669,-78109,-5862;186549,-78099,-6497
81	21417	Imperial Commander	80	71621	8550	0	4	189446,-78099,-7163
81	21418	Imperial Royal Guard	80	30534	3688	0	30	183664,-80987,-5217;186556,-80988,-5865;189445,-80970,-6518
81	21420	Ashuras	80	36620	4425	0	6	189438,-83847,-5855;186542,-83852,-5222;183679,-83872,-5861
81	21421	Ashuras	80	34369	4150	0	6	189438,-83847,-5855;186542,-83852,-5222;183679,-83872,-5861
81	21422	Dancer of Empire	80	39432	4764	0	30	183664,-80987,-5217;186556,-80988,-5865;189445,-80970,-6518
81	21423	Dancer of Empire	80	41797	5052	0	30	183664,-80987,-5217;186556,-80988,-5865;189445,-80970,-6518
81	21424	Ashkenas	80	52978	6402	0	38	183669,-78109,-5862;186549,-78099,-6497;189446,-78099,-7163;183664,-80987,-5217;186556,-80988,-5865;189445,-80970,-6518;181064,-83400,-6491
81	21425	Ashkenas	80	53865	6510	0	32	183664,-80987,-5217;186556,-80988,-5865;189445,-80970,-6518;180620,-82325,-6481
81	21426	Abraxion	80	62028	7584	0	8	189438,-83847,-5855;186542,-83852,-5222;183679,-83872,-5861;181064,-83400,-6491
81	21427	Abraxion	80	36455	4456	0	8	189438,-83847,-5855;186542,-83852,-5222;183679,-83872,-5861;180620,-82325,-6481
81	21428	Hasturan	80	34813	4255	0	6	189438,-83847,-5855;186542,-83852,-5222;183679,-83872,-5861
81	21429	Hasturan	80	36346	4445	0	6	189438,-83847,-5855;186542,-83852,-5222;183679,-83872,-5861
81	21430	Arimanes	80	50200	6138	0	8	189438,-83847,-5855;186542,-83852,-5222;183679,-83872,-5861
81	21431	Arimanes	80	42819	5232	0	4	186542,-83852,-5222;183679,-83872,-5861
81	21432	Chakram Beetle	80	69328	8184	0	9	183669,-78109,-5862;186549,-78099,-6497;189446,-78099,-7163
81	21434	Seer of Blood	82	127910	16242	0	3	189438,-83847,-5855;186542,-83852,-5222;183679,-83872,-5861
82	20793	Nos	40	4502	290	0	22	82744,244467,-7122;86331,244541,-7601;86454,246683,-8750;87614,247555,-8816;76833,248412,-8816;78651,246762,-8750;78831,246914,-8816
82	20794	Blade Stakato	41	4206	274	0	11	84384,244782,-7357;84380,244301,-7925;86454,246683,-8750;85271,245759,-8816;88413,248643,-8816;78651,246762,-8750;77368,247715,-8816
82	20849	Light Worm	41	3864	252	0	4	85114,241269,-4785;85212,241424,-7036
82	20314	Great White Shark	42	2180	145	0	2	85212,241424,-7036
82	20796	Blade Stakato Warrior	43	4250	286	0	7	82730,246396,-9328;84245,246215,-9328;84800,246504,-9328;86891,247954,-9328;77636,249320,-9328;78153,248249,-9328;80197,246759,-9328
82	20797	Blade Stakato Drone	44	6462	441	0	6	82655,246295,-9253;85977,247375,-9253;79371,247379,-9278
82	20798	Water Giant	45	5224	362	0	11	82655,246295,-9253;85977,247375,-9253;79371,247379,-9278;79980,248153,-9840;78789,248640,-9840;82736,247214,-9840;81547,246962,-9840;85515,248149,-9840
82	20799	Queen Undine Lad	46	5260	372	0	6	79871,247997,-9791;82771,247093,-9791;85652,248046,-9791
82	20800	Eva's Seeker	47	4930	352	0	10	79871,247997,-9791;82771,247093,-9791;85652,248046,-9791;79178,250328,-10352;81286,248039,-10352;79669,249385,-10352;83823,247824,-10352;82332,248089,-10352
82	20801	Theeder Piker	48	5944	434	0	6	80443,248745,-10307;82779,247970,-10307;85111,248776,-10307;81910,249421,-10845
82	20802	Theeder Mage	49	6050	446	0	8	80443,248745,-10307;82779,247970,-10307;85111,248776,-10307;80565,250265,-10845;81910,249421,-10845;84906,250441,-10845
82	20803	Doll Master	50	11847	891	0	7	80565,250265,-10845;81910,249421,-10845;83711,249691,-10845;84906,250441,-10845
82	20994	Garden Guard Leader	50	12388	932	0	7	80565,250265,-10845;81910,249421,-10845;83711,249691,-10845;84906,250441,-10845
83	20564	Enchanted Monstereye	41	2493	163	0	3	88758,19467,-5218
83	20565	Enchanted Stone Golem	42	3627	242	0	7	85850,20859,-5260;88758,19467,-5218
83	27098	Ghost Fire	42	0	0	0	4	88434,18691,-5246
83	20567	Enchanted Gargoyle	44	3350	229	0	7	85850,20859,-5260;88758,19467,-5218
83	20235	Shackle	45	2974	207	0	4	85850,20859,-5260
83	20568	Formor	45	2945	205	0	29	92723,22139,-3448;92495,21839,-3484;95645,27320,-3584;90088,28604,-3590;88536,25015,-3610;88708,25093,-3584;85044,28883,-3630;79293,28518,-3576
83	20569	Formor Elder	46	3200	227	0	60	97341,8281,-3692;95258,12468,-3358;95459,13873,-3420;92723,22139,-3448;92495,21839,-3484;95645,27320,-3584;90088,28604,-3590;88536,25015,-3610
83	20570	Tarlk Bugbear	47	3212	230	0	67	97341,8281,-3692;95258,12468,-3358;95459,13873,-3420;92723,22139,-3448;92495,21839,-3484;95645,27320,-3584;90088,28604,-3590;88536,25015,-3610
83	20571	Tarlk Bugbear Warrior	48	3793	277	0	47	97341,8281,-3692;95258,12468,-3358;95459,13873,-3420;81976,25550,-3618;82632,25193,-3556;76904,23617,-3596;77016,23019,-3584;75584,17999,-3836
83	20572	Tarlk Bugbear High Warrior	49	4155	307	0	3	76323,12349,-3712
83	20573	Tarlk Basilisk	50	3600	271	0	12	91047,1137,-3542;95792,2623,-3630
83	20574	Elder Tarlk Basilisk	51	3820	291	0	10	91047,1137,-3542;95792,2623,-3630
83	20241	Hunter Gargoyle	52	4633	358	0	7	91047,1137,-3542;95792,2623,-3630
84	21278	Antelope	68	4304	416	0	1	148815,-63396,-3241
84	21279	Antelope	68	4304	416	0	3	149848,-63337,-3362;146195,-63284,-3326;143755,-62697,-3395
84	21280	Antelope	68	4304	416	0	3	151576,-62206,-3227;150638,-63299,-3390;146195,-63284,-3326
84	21281	Antelope	68	3026	292	0	4	151576,-62206,-3227;151209,-63042,-3380;148815,-63396,-3241;144807,-63310,-3377
84	21282	Bandersnatch	69	4520	442	0	4	151576,-62206,-3227;149848,-63337,-3362;144807,-63310,-3377;143755,-62697,-3395
84	21283	Bandersnatch	69	4520	442	0	2	150638,-63299,-3390;142928,-61755,-3300
84	21284	Bandersnatch	69	4520	442	0	4	148815,-63396,-3241;146195,-63284,-3326;144807,-63310,-3377;143755,-62697,-3395
84	21285	Bandersnatch	69	3178	311	0	3	146195,-63284,-3326;144807,-63310,-3377;142928,-61755,-3300
84	21324	Ketra Orc Footman	77	18646	2018	0	46	137734,-90379,-3610;137839,-87200,-3992;158147,-84788,-3608;158471,-81342,-3868;135105,-70214,-3246;138068,-78354,-4102
84	21325	Ketra's War Hound	77	18030	1950	0	44	137734,-90379,-3610;137839,-87200,-3992;158147,-84788,-3608;158471,-81342,-3868;135105,-70214,-3246;138068,-78354,-4102
84	21326	Grazing Kookaburra	77	18030	1950	0	46	137734,-90379,-3610;137839,-87200,-3992;158147,-84788,-3608;158471,-81342,-3868;135105,-70214,-3246;138068,-78354,-4102
84	21327	Ketra Orc Raider	78	20480	2240	0	34	142361,-88669,-4490;136070,-83494,-4110;156970,-87245,-3744;154305,-80336,-4654;136894,-75075,-3978
84	21328	Ketra Orc Scout	78	19632	2148	0	28	142361,-88669,-4490;136070,-83494,-4110;156970,-87245,-3744;154305,-80336,-4654;136894,-75075,-3978
84	21329	Ketra Orc Shaman	79	19409	2206	0	34	142361,-88669,-4490;136070,-83494,-4110;156970,-87245,-3744;154305,-80336,-4654;136894,-75075,-3978
84	21330	Grazing Buffalo	79	18500	2102	0	36	142361,-88669,-4490;136070,-83494,-4110;156970,-87245,-3744;154305,-80336,-4654;136894,-75075,-3978
84	21331	Ketra Orc Warrior	80	17690	2088	0	28	147563,-90471,-4320;137342,-81407,-4266;139037,-83673,-4602;153749,-83438,-4924;139969,-72574,-4162
84	21332	Ketra Orc Lieutenant	80	19811	2338	0	22	147563,-90471,-4320;137342,-81407,-4266;139037,-83673,-4602;153749,-83438,-4924;139969,-72574,-4162
84	21333	Grazing Windsus	80	18967	2266	0	28	147563,-90471,-4320;137342,-81407,-4266;139037,-83673,-4602;153749,-83438,-4924;139969,-72574,-4162
84	21334	Ketra Orc Medium	80	28392	3390	0	26	147563,-90471,-4320;137342,-81407,-4266;139037,-83673,-4602;153749,-83438,-4924;139969,-72574,-4162
84	21335	Ketra Orc Elite Soldier	80	18299	2212	0	30	142295,-86006,-4622;153062,-88367,-4298;144247,-72056,-4186;140079,-81109,-4910
84	21336	Ketra Orc White Captain	80	21517	2600	0	22	142295,-86006,-4622;153062,-88367,-4298;144247,-72056,-4186;140079,-81109,-4910
84	21337	Grazing Elder Buffalo	80	19915	2434	0	30	142295,-86006,-4622;153062,-88367,-4298;144247,-72056,-4186;140079,-81109,-4910
84	21338	Ketra Orc Seer	80	26205	3204	0	26	142295,-86006,-4622;153062,-88367,-4298;144247,-72056,-4186;140079,-81109,-4910
84	21339	Ketra Orc General	80	19952	2468	0	42	145397,-87991,-4886;147340,-86324,-4976;148038,-84241,-5226;148733,-87942,-4454;150223,-84795,-4698;148510,-77699,-4678;143368,-76059,-4594;140874,-77044,-4490
84	21340	Ketra Orc Battalion Commander	80	19952	2468	0	34	145397,-87991,-4886;147340,-86324,-4976;148038,-84241,-5226;148733,-87942,-4454;150223,-84795,-4698;148510,-77699,-4678;143368,-76059,-4594;140874,-77044,-4490
84	21341	Grazing Elder Kookaburra	80	20888	2614	0	44	145397,-87991,-4886;147340,-86324,-4976;148038,-84241,-5226;148733,-87942,-4454;150223,-84795,-4698;148510,-77699,-4678;143368,-76059,-4594;140874,-77044,-4490
84	21342	Ketra Orc Grand Seer	80	27485	3440	0	34	145397,-87991,-4886;147340,-86324,-4976;148038,-84241,-5226;148733,-87942,-4454;150223,-84795,-4698;148510,-77699,-4678;143368,-76059,-4594;140874,-77044,-4490
84	21343	Ketra Commander	80	31181	3724	0	8	137839,-87200,-3992;156970,-87245,-3744;135105,-70214,-3246;138068,-78354,-4102
84	21345	Ketra's Head Shaman	80	23500	2942	0	8	147563,-90471,-4320;139037,-83673,-4602;154305,-80336,-4654;139969,-72574,-4162
84	21347	Ketra Prophet	80	35703	4578	0	10	148733,-87942,-4454;150223,-84795,-4698;153062,-88367,-4298;143368,-76059,-4594;144247,-72056,-4186
85	20027	Langk Lizardman Scout	16	570	23	0	2	-52139,200856,-3447;-50651,199125,-3792
85	20024	Langk Lizardman Warrior	17	618	26	0	5	-49142,198488,-3721;-49086,200929,-3461;-48973,201885,-3435;-39884,203015,-2939;-39582,202837,-2939
85	21100	Langk Lizardman Sentinel	19	691	31	0	19	-52961,202061,-3566;-51408,199660,-3529;-51184,200145,-3426;-50350,199303,-3792;-49990,200154,-3423;-48637,207016,-3702;-48558,199837,-3632;-47868,203324,-3587
85	20055	Wandering Eye	21	764	35	0	8	-48241,207287,-3592;-47739,201625,-3808;-46126,203318,-3718;-45499,202177,-3638;-44837,206826,-3473;-43521,204747,-3706;-40860,208633,-3176;-39188,207870,-3782
85	20059	Hungry Eye	22	821	39	0	3	-42349,210640,-3344;-42249,211174,-3536;-42148,211352,-3567
85	20357	Langk Lizardman Lieutenant	22	821	39	0	25	-50358,203384,-3582;-50251,201153,-3393;-47969,203574,-3587;-47938,200902,-3676;-47299,203966,-3663;-46528,204623,-3801;-46514,202201,-3708;-45927,200876,-3654
85	20548	Ol Mahum Deserter	23	895	43	0	8	-50906,209854,-3600;-46272,210916,-3376;-46157,207403,-3482;-46126,204979,-3801;-45019,204445,-3801;-44697,209597,-3363;-42163,204856,-3530;-38393,206469,-3478
85	21101	Langk Lizardman Shaman	24	935	46	0	19	-50705,209854,-3600;-49282,204885,-3732;-49275,211251,-3108;-47763,210332,-3321;-47642,204991,-3646;-47633,211662,-3330;-46674,211628,-3376;-46609,205483,-3670
85	20356	Langk Lizardman Leader	25	1012	51	0	10	-50805,209320,-3600;-47163,211311,-3356;-46972,206767,-3437;-46372,211450,-3324;-45704,205661,-3670;-45667,211628,-3324;-43502,208668,-3403;-42934,210313,-3329
86	20424	Akaste Bone Lord	19	592	26	0	27	172969,-174553,3444;173830,-173867,3489;174170,-172973,3489;174575,-173086,3276;175185,-173083,3152;176566,-173789,3144;176364,-173077,3144;177136,-174903,3068
86	20338	Nightmare Weaver	21	707	33	0	27	172618,-173812,3489;173933,-173363,3489;174575,-172730,3276;175688,-172905,3152;176327,-172842,3185;176808,-172936,3185;177151,-174006,3185;176807,-174325,3036
86	20420	Akaste Succubus Turen	21	649	30	0	28	173078,-173814,3489;174521,-172866,3452;174676,-172908,3276;175446,-172756,3261;176667,-173611,3144;176969,-173433,3144;176062,-173255,3144;177231,-175823,2909
86	20421	Akaste Succubus Tilfo	22	698	33	0	39	175541,-180068,1984;177449,-179818,2025;176346,-180424,1984;176199,-179608,2025;176674,-178741,1824;176746,-177731,1684;176922,-176536,1618;177012,-176060,1484
86	21256	Underground Werewolf	23	754	36	0	48	179891,-176492,255;177524,-179246,2025;176448,-179178,1984;176648,-179890,1984;175559,-179616,2025;176573,-178563,1824;176947,-177731,1684;177069,-175070,1354
86	21132	Underground Kobold	24	779	38	0	45	177613,-179436,2025;176245,-180246,1984;176548,-179712,1984;176808,-179008,2025;175931,-179722,2025;177177,-178563,1824;176961,-177705,1818;177215,-175444,1354
86	21133	Dead Pit Skeleton Archer	25	851	43	0	38	177054,-176086,442;177139,-177212,342;176932,-178833,64;177103,-179378,138;173507,-184185,-1896;173586,-183321,-1896;175822,-185100,-1896;177954,-184099,-1896
86	21134	Dead Pit Spartoi	26	898	45	0	44	176752,-176359,364;177038,-176553,442;177148,-178525,138;176895,-179666,92;174177,-184106,-1988;173837,-184794,-1932;176764,-185040,-1896;178629,-183999,-1972
86	21135	Underground Kobold Warrior	27	1103	56	0	48	176853,-176181,364;176954,-175647,364;177014,-176762,304;176831,-178655,64;177119,-179678,138;176382,-179709,138;173774,-184462,-1988;173975,-184106,-1988
86	21136	Dead Pit Horror	28	981	52	0	51	180602,-174607,-3567;181811,-175579,-3620;181057,-175002,-3567;180602,-175579,-3620;181111,-172840,-2801;182198,-172772,-3180;182784,-172797,-3300;184268,-172518,-3527
86	21137	Iron Ore Golem	29	1057	57	0	58	183427,-174950,-3567;182014,-174867,-3620;180905,-174689,-3620;181503,-175710,-3567;180826,-175380,-3567;181027,-172791,-2844;181496,-172782,-2988;182733,-172484,-2994
86	21138	Greedy Geist	30	1134	62	0	57	181106,-175401,-3620;181563,-174493,-3567;180773,-174895,-3567;181163,-175736,-3597;181409,-174867,-3620;181194,-173052,-2801;181463,-172476,-2801;181799,-172248,-2988
86	27114	Succubus Queen	34	0	0	0	1	176532,-185904,-3752
87	22123	Monastic Crusader	80	38777	4632	0	14	118821,-75971,-3402;116667,-77335,-3402;117093,-77821,-3402;115290,-81400,-3402;116054,-80679,-3402;115593,-84950,-3402;115911,-83979,-3402;112841,-84893,-3402
87	22124	Solina Brother	80	38777	4632	0	37	119234,-76816,-3402;118882,-76797,-3402;119161,-76095,-3402;119244,-78626,-3530;118653,-78593,-3530;116903,-78128,-3402;116178,-77813,-3402;116362,-77187,-3402
87	22125	Solina Lay Brother	80	36416	4400	0	25	115636,-80814,-3402;115908,-81569,-3402;116077,-82334,-3402;116020,-84426,-3402;116452,-85281,-3402;115644,-85186,-3402;117450,-87779,-3551;117106,-87558,-3530
87	22126	Silent Seeker	80	36416	4400	0	35	119022,-75854,-3402;118624,-76327,-3402;119319,-76369,-3402;118932,-78245,-3530;118904,-78929,-3530;117309,-77807,-3400;115533,-78694,-3402;115880,-80115,-3402
87	22127	Silent Brother	80	37344	4564	0	1	112945,-83082,-3402
87	22128	Monastery Guardian	80	9336	1141	0	10	118670,-76774,-3402;117155,-77329,-3402;116163,-81894,-3402;116066,-81258,-3423;115109,-84975,-3402;115868,-86287,-3402;112632,-85027,-3402;112495,-83267,-3402
87	22129	Warrior Monk	80	42352	5240	0	49	115242,-81131,-1610;115190,-79888,-1610;113532,-81016,-1642;112836,-80687,-1638;111850,-80917,-1642;110913,-81274,-1618;112031,-79330,-1612;113452,-79338,-1616
87	22132	Judge of Light	80	52432	6755	0	27	114793,-80955,-1610;115258,-79516,-1610;114704,-80346,-1610;110815,-80948,-1621;111843,-80615,-1617;112876,-81036,-1642;112749,-79439,-1631;112813,-79809,-1642
87	22133	Guardian of the Grail	80	10486	1351	0	18	113204,-81223,-1629;112051,-80954,-1627;113447,-79692,-1642;111547,-79669,-1642;108339,-77013,-1122;108346,-75004,-1122;109589,-74960,-1122;109664,-76409,-1122
87	22134	Guardian of the Holy Land	80	42325	5604	0	28	115019,-80412,-1610;114792,-79556,-1610;115061,-80670,-1610;108508,-78741,-1090;109778,-78753,-1090;108784,-78368,-1091;110270,-71879,-570;110736,-72441,-591
87	22135	Beholder of Light	80	63488	8406	0	34	113643,-80781,-1639;113079,-80627,-1615;111470,-81135,-1663;111018,-80643,-1618;112940,-79928,-1642;112175,-79845,-1642;110869,-79668,-1630;111766,-79343,-1614
88	20956	Past Knight	64	5794	530	0	14	107424,-894,-3132;109677,-3,-3610;110692,-1224,-4008;105236,420,-3836;105568,2290,-3236;106380,821,-3393;107579,3337,-3142;108113,4976,-3237
89	20410	Scavenger Spider	15	545	22	0	2	-16781,80754,-3624;-12288,81227,-3488
89	20393	Red Scavenger Spider	16	570	23	0	2	-4156,79528,-3472;-2928,79458,-3552
89	20369	Moonstone Beast	17	599	25	0	22	-16761,77013,-3528;-15843,76187,-3408;-15311,82113,-3560;-14768,83836,-3632;-14466,79491,-3408;-14346,76669,-3360;-14065,77067,-3384;-13237,81115,-3464
89	27031	Ol Mahum Sentry	17	0	0	0	2	-8700,72362,-3512;-8556,72333,-3512
89	20039	Scavenger Wererat	18	640	28	0	5	-15430,76238,-3360;-14548,75952,-3320;-13644,77168,-3400;-6796,82956,-3512;-5809,82522,-3520
89	20043	Arachnid Tracker	19	760	34	0	18	-17220,75774,-3552;-16722,79853,-3560;-16302,74948,-3496;-15895,75384,-3424;-15641,74362,-3424;-14466,79491,-3408;-14299,74882,-3296;-13632,80341,-3432
89	20049	Lycanthrope	20	726	32	0	17	-15843,77013,-3456;-15430,76802,-3408;-15245,76238,-3352;-14176,82910,-3552;-14138,82570,-3528;-12619,78485,-3456;-11893,78874,-3472;-11534,78239,-3496
90	20120	Wolf	4	141	4	0	11	-94200,243516,-3428;-96861,242819,-3455;-93022,240230,-3448;-96232,239707,-3428;-92395,236244,-3536
90	20121	Giant Toad	5	178	5	0	4	-97185,245366,-3602
90	20442	Elder Wolf	5	176	5	0	14	-94200,243516,-3428;-96861,242819,-3455;-93022,240230,-3448;-96232,239707,-3428;-92395,236244,-3536
90	20130	Orc	6	213	6	0	16	-94200,243516,-3428;-96861,242819,-3455;-93022,240230,-3448;-96232,239707,-3428;-95164,237296,-3348;-92395,236244,-3536
90	20131	Orc Grunt	7	249	8	0	10	-96861,242819,-3455;-96232,239707,-3428;-95164,237296,-3348;-96627,233940,-3530
90	20006	Orc Archer	8	293	10	0	2	-96627,233940,-3530
90	20326	Goblin Scout	8	284	10	0	5	-96627,233940,-3530;-102211,240257,-3428
90	20132	Werewolf	9	321	11	0	28	-96627,233940,-3530;-102211,240257,-3428;-105845,238206,-3445;-99272,234170,-3382
90	20343	Werewolf Hunter	10	363	12	0	14	-102211,240257,-3428;-105845,238206,-3445;-102356,234658,-3464;-101800,231053,-3551
90	27004	Spirit Of Mirrors	10	0	0	0	1	-99679,235855,-3384
90	20342	Werewolf Chieftain	12	436	16	0	12	-105845,238206,-3445;-102356,234658,-3464;-101800,231053,-3551
90	20016	Stone Golem	13	654	26	0	2	-101800,231053,-3551
91	20358	Ratman Hunter	18	640	28	0	5	-85018,107753,-3554;-83758,106431,-3711;-81991,107952,-3301;-81062,106609,-3678;-80886,105531,-3811
91	20043	Arachnid Tracker	19	760	34	0	2	-83771,104768,-3684;-83115,105912,-3738
91	20050	Arachnid Predator	20	799	35	0	2	-84369,107290,-3635;-83006,106790,-3741
91	20494	Turek War Hound	24	1738	86	0	10	-96522,102208,-3264;-94614,100117,-3390;-89854,101448,-3316;-87843,104019,-3272
91	20500	Turek Orc Sentinel	25	1844	92	0	25	-96522,102208,-3264;-94614,100117,-3390;-89854,101448,-3316;-87843,104019,-3272;-93239,105657,-3308;-94144,112533,-3316;-90510,110186,-3308;-88671,113370,-3200
91	20499	Turek Orc Footman	26	1964	98	0	29	-96522,102208,-3264;-94614,100117,-3390;-89854,101448,-3316;-87843,104019,-3272;-93239,105657,-3308;-93482,108362,-3512;-96892,110589,-3376;-94144,112533,-3316
91	21023	Sobbing Wind	26	1056	53	0	1	-92165,97908,-3508
91	20496	Turek Orc Archer	27	2152	110	0	24	-96522,102208,-3264;-94614,100117,-3390;-89854,101448,-3316;-87843,104019,-3272;-96883,106710,-3390;-93239,105657,-3308;-93482,108362,-3512;-96892,110589,-3376
91	20498	Turek Orc Supplier	27	2070	106	0	18	-96883,106710,-3390;-93239,105657,-3308;-93482,108362,-3512;-96892,110589,-3376;-94144,112533,-3316;-90510,110186,-3308;-88671,113370,-3200
91	21024	Babbling Wind	27	1113	57	0	3	-88832,98186,-3529;-93953,98926,-3541;-91208,98553,-3476
91	20497	Turek Orc Skirmisher	28	2234	116	0	21	-96883,106710,-3390;-93239,105657,-3308;-93482,108362,-3512;-96892,110589,-3376;-94144,112533,-3316;-90510,110186,-3308;-88671,113370,-3200;-90452,100320,-3478
91	21025	Giggling Wind	28	1178	62	0	2	-90180,97773,-3512;-88768,98917,-3562
91	20501	Turek Orc Shaman	29	2312	124	0	26	-96883,106710,-3390;-96892,110589,-3376;-94144,112533,-3316;-95142,102337,-3420;-90452,100320,-3478;-88305,103102,-3378;-97265,106785,-3262;-93481,106247,-3694
91	20495	Turek Orc Warlord	30	2780	152	0	15	-96883,106710,-3390;-95142,102337,-3420;-97265,106785,-3262;-93481,106247,-3694;-93439,107985,-3866;-91525,110070,-3466;-90503,111494,-3376;-93840,112305,-3608
91	20546	Turek Orc Elder	34	1714	100	0	7	-97265,106785,-3262;-93481,106247,-3694;-93439,107985,-3866;-91525,110070,-3466;-93840,112305,-3608
92	20475	Kasha Wolf	4	141	4	0	7	-41437,-122575,-413;-39538,-105270,-2660;-38227,-121504,-1651
92	20319	Goblin Grave Robber	5	178	5	0	12	-41437,-122575,-413;-39538,-105270,-2660;-38227,-121504,-1651;-37376,-117467,-1788
92	20311	Rakeclaw Imp	6	213	6	0	11	-41526,-103092,-2732;-38227,-121504,-1651;-37376,-117467,-1788
92	20477	Kasha Timber Wolf	6	211	6	0	7	-41526,-103092,-2732;-37376,-117467,-1788
92	20312	Rakeclaw Imp Hunter	7	249	8	0	30	-41526,-103092,-2732;-38305,-103211,-3174;-36065,-102227,-2808;-41353,-102554,-2750;-39240,-120829,-1702;-37493,-118052,-1696;-22722,-132249,-774;-29750,-127478,-1192
92	20365	Mountain Fungus	8	284	10	0	47	-22722,-132249,-774;-19042,-137259,-1158;-15894,-136256,-1122;-12070,-132343,-2724;-29750,-127478,-1192;-24806,-129650,-830;-28768,-124609,-2217;-26260,-119753,-1848
92	20363	Maraku Werewolf	9	321	11	0	58	-19042,-137259,-1158;-15894,-136256,-1122;-12070,-132343,-2724;-10484,-138230,-2022;-26260,-119753,-1848;-26015,-113995,-2107;-28938,-102376,-3091;-26268,-99786,-2496
92	20313	Rakeclaw Imp Chieftain	10	363	12	0	8	-18185,-101032,-1932;-21359,-104988,-1690
92	20426	Evil Eye	10	356	12	0	50	-18384,-133326,-1994;-16248,-132277,-1614;-12070,-132343,-2724;-10484,-138230,-2022;-26260,-119753,-1848;-26015,-113995,-2107;-28938,-102376,-3091;-26268,-99786,-2496
92	20316	Darkwing Bat	11	391	15	0	45	-18384,-133326,-1994;-16248,-132277,-1614;-12070,-132343,-2724;-10484,-138230,-2022;-18696,-129371,-2087;-13237,-129854,-2777;-21761,-116217,-2876;-5819,-94262,-2484
92	20143	Grizzly	12	436	16	0	40	-18384,-133326,-1994;-16248,-132277,-1614;-12070,-132343,-2724;-18696,-129371,-2087;-13237,-129854,-2777;-21359,-104988,-1690;-5819,-94262,-2484;-15148,-125704,-1992
92	20320	Goblin Tomb Raider Leader	12	427	16	0	36	-12070,-132343,-2724;-4879,-134355,-2780;-13237,-129854,-2777;-21359,-104988,-1690;-16307,-103789,-1054;-5819,-94262,-2484;-15148,-125704,-1992;-27248,-94305,-2752
92	20333	Greystone Golem	13	654	26	0	22	-4879,-134355,-2780;-16307,-103789,-1054;-21359,-105038,-1700;-19004,-108238,-2102;-23443,-93268,-3428;-5092,-129727,-2916
92	20364	Maraku Werewolf Chieftain	14	508	20	0	42	-5746,-133889,-2744;-3005,-134389,-2710;-26267,-88856,-3180;-23443,-93268,-3428;5608,-125962,-2711;8151,-129077,-2511;12824,-128919,-1587;4537,-129387,-3178
92	20428	Evil Eye Patroller	14	498	19	0	28	-4879,-134355,-2780;-16307,-103789,-1054;-26267,-88856,-3180;-23443,-93268,-3428;8151,-129077,-2511;4537,-129387,-3178;-5092,-129727,-2916
92	20474	Kasha Spider	15	534	22	0	29	1680,-122760,-2888;5608,-125962,-2711;8151,-129077,-2511;12824,-128919,-1587;4537,-129387,-3178;-3318,-126118,-2922
92	20479	Kasha Bear	15	539	22	0	67	-26267,-88856,-3180;-21064,-89647,-2980;20358,-132035,-1488;1680,-122760,-2888;5608,-125962,-2711;7172,-122259,-2120;12824,-128919,-1587;13260,-125128,-1618
92	20476	Kasha Fang Spider	16	570	23	0	48	-21064,-89647,-2980;-24131,-92751,-3590;-26145,-88246,-3294;20358,-132035,-1488;1680,-122760,-2888;7172,-122259,-2120;13260,-125128,-1618;20726,-130020,-1632
92	20478	Kasha Blade Spider	17	666	28	0	44	-21064,-89647,-2980;20358,-132035,-1488;7172,-122259,-2120;13260,-125128,-1618;20726,-130020,-1632;25454,-125123,-681;21705,-121189,-672;6042,-125499,-2645
92	21257	Evil Eye Seer	18	646	28	0	27	-1939,-114587,-3428;-1926,-117871,-2626;-23950,-81258,-3220;-22087,-79073,-2658;-19544,-75724,-2370;-15234,-79244,-3190;-5819,-94262,-2484;-8606,-92113,-2530
92	21117	Kasha Imp	19	678	30	0	29	-1939,-114587,-3428;-1926,-117871,-2626;-23950,-81258,-3220;-22087,-79073,-2658;-19544,-75724,-2370;-15234,-79244,-3190;-5819,-94262,-2484;-8606,-92113,-2530
92	21118	Baar Dre Vanul	20	726	32	0	31	-1939,-114587,-3428;-1926,-117871,-2626;-23950,-81258,-3220;-22087,-79073,-2658;-19544,-75724,-2370;-15234,-79244,-3190;-5819,-94262,-2484;-8606,-92113,-2530
92	21119	Hobgoblin	21	764	35	0	27	-2772,-101460,-2520;-2720,-108628,-2570;-15348,-72810,-1926;-2168,-96605,-2432;2556,-105941,-2504;1914,-106086,-2562
92	21120	Kasha Imp Turen	22	996	47	0	26	-2772,-101460,-2520;-2720,-108628,-2570;-15348,-72810,-1926;-2168,-96605,-2432;2556,-105941,-2504
92	21121	Kasha Dire Wolf	23	895	43	0	55	-2772,-101460,-2520;-2720,-108628,-2570;-15348,-72810,-1926;-2168,-96605,-2432;2556,-105941,-2504;6068,-103084,-2234;1856,-100718,-1956;4957,-99501,-1860
92	21122	Kasha Bugbear	24	954	47	0	33	6068,-103084,-2234;1856,-100718,-1956;4957,-99501,-1860;8619,-100326,-2074;5476,-103224,-2357;2104,-100855,-1904;2176,-93633,-3008;1775,-97470,-1936
92	21123	Baar Dre Vanul Destroyer	25	1267	63	0	28	6068,-103084,-2234;1856,-100718,-1956;4957,-99501,-1860;8619,-100326,-2074;2176,-93633,-3008;1775,-97470,-1936;4964,-96912,-1864;1581,-89255,-1956
93	20531	Young Prairie Keltir	1	35	2	0	11	-49644,-110570,-238;-49367,-115720,-206
93	20535	Prairie Keltir	2	70	2	0	21	-49644,-110570,-238;-49367,-115720,-206;-49106,-115854,-184;-49544,-110785,-260
93	20538	Elder Prairie Keltir	3	105	2	0	21	-49644,-110570,-238;-46931,-107936,-494;-49367,-115720,-206;-46277,-118996,-190
93	20475	Kasha Wolf	4	141	4	0	18	-46931,-107936,-494;-46277,-118996,-190;-40412,-117988,-1724;-39501,-109525,-1840;-42592,-109016,-1634
93	20319	Goblin Grave Robber	5	178	5	0	17	-40412,-117988,-1724;-37242,-112232,-1908;-39501,-109525,-1840;-42592,-109016,-1634
93	20311	Rakeclaw Imp	6	213	6	0	14	-40412,-117988,-1724;-37242,-112232,-1908;-39501,-109525,-1840
93	20477	Kasha Timber Wolf	6	211	6	0	5	-37242,-112232,-1908
93	20312	Rakeclaw Imp Hunter	7	249	8	0	7	-40561,-117892,-1846;-39918,-109287,-1818;-38309,-112516,-1880
94	27199	Crimson Werewolf	36	0	0	0	1	-16732,-79832,-3616
95	20585	Timak Orc Soldier	42	3114	207	0	2	74761,59890,-2938
95	20586	Timak Orc Warrior	43	2984	202	0	3	74761,59890,-2938
95	20587	Timak Orc Shaman	44	2815	193	0	2	74761,59890,-2938
95	20767	Timak Orc Troop Leader	45	4801	334	0	4	74761,59890,-2938
95	20947	Connabi	54	3718	296	0	40	79217,63530,-3312;85015,62171,-3434;86458,62135,-3592;88675,56556,-3600;87994,56178,-3692
95	20953	Pobby	57	4226	351	0	11	88675,56556,-3600;87994,56178,-3692
96	20573	Tarlk Basilisk	50	3600	271	0	24	95382,-2439,-3562;96400,-1519,-3630;90062,-1723,-3484;90452,-6127,-3066;87883,-4923,-3306;85050,-5622,-3172;85383,-4926,-3190
96	21261	Ol Mahum Transcender	50	4284	323	0	21	90778,-19248,-1974;92646,-15865,-2102;93690,-17290,-1954;92629,-19564,-1834;96827,-20696,-2714;97189,-18279,-2702;96694,-13863,-2964;95868,-9494,-3268
96	20574	Elder Tarlk Basilisk	51	3820	291	0	32	95382,-2439,-3562;96400,-1519,-3630;90062,-1723,-3484;88404,-9329,-2556;89836,-6410,-3106;87883,-4923,-3306;85050,-5622,-3172;85383,-4926,-3190
96	20241	Hunter Gargoyle	52	4633	358	0	49	96694,-13863,-2964;95868,-9494,-3268;96686,-10421,-3264;95382,-2439,-3562;96400,-1519,-3630;90062,-1723,-3484;88404,-9329,-2556;90452,-6127,-3066
96	20161	Oel Mahum	53	4167	328	0	36	91755,-17769,-1978;92646,-15865,-2102;93690,-17290,-1954;92629,-19564,-1834;96827,-20696,-2714;97189,-18279,-2702;96694,-13863,-2964;95868,-9494,-3268
96	20575	Oel Mahum Warrior	54	4241	338	0	45	90778,-19248,-1974;92646,-15865,-2102;93690,-17290,-1954;92629,-19564,-1834;96827,-20696,-2714;97189,-18279,-2702;96694,-13863,-2964;95868,-9494,-3268
96	20576	Oel Mahum Witch Doctor	55	8802	710	0	52	90778,-19248,-1974;91755,-17769,-1978;92646,-15865,-2102;93690,-17290,-1954;92629,-19564,-1834;96827,-20696,-2714;97189,-18279,-2702;96694,-13863,-2964
97	22051	Spelunking Spider	47	3311	237	0	17	89098,-124602,-3842;88544,-124762,-3777;87830,-125027,-3742;87005,-125372,-3757;86709,-125763,-3779;87609,-125909,-3820;87238,-126346,-3833;91842,-128029,-4267
97	22052	Menacing Jackhammer Golem	47	3311	237	0	9	90340,-126932,-4280;91504,-127738,-4275;91601,-128482,-4268;91009,-128536,-4281;92828,-127179,-4256;86193,-123026,-4397;86624,-121908,-4360;86623,-120805,-4389
97	22053	Horrifying Cannon Golem I	48	3423	250	0	15	93647,-122619,-4536;85133,-120617,-4388;85990,-122087,-4397;86442,-120206,-4373;84729,-106465,-3327;85816,-106863,-3327;87007,-106305,-3327;86317,-105108,-3327
97	22054	Horrifying Cannon Golem IV	48	3423	250	0	8	94931,-122130,-4545;92775,-128041,-4285;92289,-127149,-4284;91203,-126897,-4265;91521,-128084,-4283;87241,-122114,-4402;87383,-121247,-4349;91072,-111073,-3367
97	22055	Cruel Vice Golem	49	3659	270	0	16	94936,-121543,-4547;93783,-122327,-4537;93049,-121132,-4555;93908,-120652,-4533;94959,-119866,-4541;91626,-114631,-3354;90792,-113992,-3333;89528,-113677,-3402
97	22056	Probe Golem Champion I	49	3659	270	0	23	94127,-120161,-4547;94224,-122202,-4533;95291,-122440,-4550;95623,-121397,-4566;87067,-120977,-4354;85486,-120699,-4363;85313,-121732,-4389;85643,-122505,-4386
97	22057	Spelunking Ant	50	3629	273	0	21	89525,-118184,-3811;89304,-118703,-3805;89098,-119321,-3640;89134,-119261,-3655;88758,-118231,-3658;88252,-118830,-3683;87606,-118489,-3556;88524,-117667,-3395
97	22060	Horrifying Cannon Golem	52	4396	340	0	8	94491,-120274,-4555;93576,-120023,-4553;94089,-121836,-4550;87046,-105250,-3327;86522,-106203,-3327;85608,-106276,-3327;85276,-105649,-3327;85481,-104858,-3327
97	22062	Horrifying Jackhammer Golem	52	6594	510	0	24	87600,-107713,-3327;87879,-107653,-3327;87008,-105771,-3327;85539,-105278,-3327;84770,-105694,-3327;86088,-106496,-3327;87170,-105836,-3327;86390,-104851,-3327
97	22063	Ginzu Golem Prodigy X	52	8792	680	0	5	94865,-106084,-3327;94124,-106374,-3327;94013,-107008,-3327;94783,-106599,-3327;95291,-105599,-3327
97	22065	Horrifying Ginzu Golem V	53	17592	1384	0	4	93796,-105517,-3327;94625,-105476,-3327;94380,-106539,-3327;95008,-105313,-3327
97	22072	Horrifying Cannon Golem VI	53	8796	692	0	10	92407,-107355,-3327;92921,-108094,-3327;92372,-104138,-3327;92389,-104458,-3327;95987,-104094,-3327;95575,-104126,-3327;96198,-107479,-3327;95660,-107528,-3327
97	22074	Epic Cannon Golem	53	8796	692	0	13	87931,-107324,-3327;88184,-104735,-3327;87460,-104039,-3327;92061,-107138,-3327;92184,-107288,-3327;92234,-104599,-3327;92612,-104045,-3327;95482,-103919,-3327
97	22076	Deadly Ginzu Golem V	53	17592	1384	0	4	94675,-106114,-3327;93721,-106283,-3327;94505,-105159,-3327;93310,-106210,-3327
97	22077	Horrifying Ginzu Golem VIII	54	17480	1392	0	4	93195,-105836,-3327;94375,-105617,-3327;94166,-105164,-3327;93935,-106327,-3327
98	20204	Bloody Bee	23	956	46	0	4	4057,172350,-3169;4057,174130,-3251;4259,171994,-3222;4964,173596,-3311
98	20205	Dire Wolf	24	954	47	0	62	27818,135881,-2889;30693,134463,-2887;31772,137885,-2980;31784,141741,-3085;29553,142375,-2935;29333,138886,-2985;29404,154027,-2846;35420,137208,-2901
98	20206	Kadif Werewolf	25	982	49	0	39	1676,165946,-3418;1298,169875,-3202;4044,174935,-3283;3483,180467,-3321;2932,187561,-3321;4319,173562,-3161;6660,177003,-3249
98	20266	Monster Eye Gazer	25	992	50	0	26	31784,141741,-3085;29404,154027,-2846;35420,137208,-2901;40602,134426,-3117;34390,137275,-3041
98	20068	Monster Eye Destroyer	26	1078	54	0	42	1676,165946,-3418;4638,165439,-3524;5544,168979,-3424;4044,174935,-3283;3483,180467,-3321;2932,187561,-3321;4319,173562,-3161;6660,177003,-3249
98	20250	Glass Jaguar	27	1102	56	0	22	5544,168979,-3424;2932,187561,-3321;5101,168641,-3246;3204,180406,-3471;2220,185207,-3471;2607,188882,-3499
98	20251	Delu Lizardman	28	1166	61	0	19	4638,165439,-3524;5544,168979,-3424;5101,168641,-3246;2220,185207,-3471;2607,188882,-3499;8267,183763,-2466
98	20254	Skeleton Axeman	28	1201	63	0	8	9328,181434,-3050;8103,184030,-2494
98	20190	Skeleton Marauder	29	1306	70	0	6	9328,181434,-3050;8103,184030,-2494;9385,188781,-3438
98	20252	Delu Lizardman Scout	29	1231	66	0	13	10928,179275,-3201;11075,186021,-3193;9385,188781,-3438
98	20168	Silenos	30	1308	72	0	15	10928,179275,-3201;9328,181434,-3050;8103,184030,-2494
98	27112	Gorr	36	0	0	0	1	6317,184549,-3161
99	20681	Vanor Silenos	45	3092	215	0	7	140659,12762,-3922;138893,15427,-3740;132949,31235,-3724
99	20682	Vanor Silenos Grunt	46	3077	218	0	12	140659,12762,-3922;138893,15427,-3740;132949,31235,-3724
99	20683	Vanor Silenos Scout	47	4004	287	0	12	140659,12762,-3922;138893,15427,-3740;132949,31235,-3724
99	20684	Vanor Silenos Warrior	48	4188	306	0	33	135143,940,-3872;133729,2252,-3612;134621,3963,-3900;138984,1479,-4280;139785,4647,-4276;136559,5257,-4388;133125,8137,-4112;136386,10908,-4062
99	20685	Vanor Silenos Shaman	49	3492	258	0	33	135143,940,-3872;133729,2252,-3612;134621,3963,-3900;138984,1479,-4280;139785,4647,-4276;136559,5257,-4388;133125,8137,-4112;136386,10908,-4062
99	20686	Vanor Silenos Chieftain	50	7274	548	0	33	135143,940,-3872;133729,2252,-3612;134621,3963,-3900;138984,1479,-4280;139785,4647,-4276;136559,5257,-4388;133125,8137,-4112;136386,10908,-4062
100	20577	Leto Lizardman	35	1781	105	0	30	76309,93162,-3558;76832,90261,-3426;80601,91830,-3570;80283,92239,-3628;83833,91599,-3438;84429,93808,-3396;86943,94647,-3472;86780,91540,-3360
100	20780	Bloody Axe Elite	35	1799	106	0	40	76309,93162,-3558;76832,90261,-3426;80601,91830,-3570;80283,92239,-3628;83833,91599,-3438;84429,93808,-3396;86943,94647,-3472;86780,91540,-3360
100	20578	Leto Lizardman Archer	36	1941	117	0	27	80601,91830,-3570;84429,93808,-3396;86943,94647,-3472;86780,91540,-3360;88802,92046,-3316;91371,91936,-3342;94738,91606,-3484;95237,88178,-3688
100	20579	Leto Lizardman Soldier	37	2030	125	0	31	88802,92046,-3316;91371,91936,-3342;94738,91606,-3484;95237,88178,-3688;92532,88177,-3478;95121,84502,-3712;92494,84252,-3676;94083,81030,-3638
100	20580	Leto Lizardman Warrior	38	3906	242	0	35	95121,84502,-3712;92494,84252,-3676;94083,81030,-3638;96706,78241,-3626;94220,76748,-3560;91939,73253,-3572;89632,74954,-3568;90868,78809,-3552
100	20581	Leto Lizardman Shaman	39	2212	141	0	26	94220,76748,-3560;91939,73253,-3572;89632,74954,-3568;90868,78809,-3552;89801,78633,-3584;88256,81820,-3448;86092,76960,-3574;82177,76472,-3638
100	20582	Leto Lizardman Overlord	40	4414	284	0	13	86092,76960,-3574;82177,76472,-3638;79082,76067,-3558;79808,81486,-3514;83382,79936,-3588;83014,83825,-3364
100	20763	Lord of the Plains	40	3869	250	0	14	92532,88177,-3478;95121,84502,-3712;92494,84252,-3676;94083,81030,-3638;96706,78241,-3626;91939,73253,-3572;89632,74954,-3568;90868,78809,-3552
101	22017	Bandit Sweeper	30	1281	70	0	9	111952,-158230,-1810;112531,-157603,-1701;113338,-160364,-1508;113573,-159735,-1599;113723,-160655,-1497;113727,-160116,-1521;114649,-160819,-1422;116504,-160105,-1007
101	22018	Bandit Hound	31	1404	78	0	7	111199,-157766,-1963;111397,-157324,-1911;112362,-158372,-1762;112906,-158535,-1695;113144,-160023,-1562;114518,-162156,-1271;117218,-160059,-998
101	22019	Bandit Watchman	32	1449	81	0	4	108766,-154927,-2146;108801,-156573,-2181;109258,-154754,-2047;111901,-157551,-1820
101	22020	Snow Lynx	33	1515	87	0	13	108238,-155495,-2201;108569,-155903,-2193;108671,-149762,-2467;108961,-148877,-2703;109375,-150093,-2373;109379,-150630,-2286;109392,-149222,-2581;109726,-146897,-3158
101	22021	Bandit Undertaker	34	1593	93	0	2	116232,-156355,-1908;116332,-157847,-1708
101	22022	Bandit Assassin	35	1735	103	0	5	107470,-149727,-2466;107915,-151402,-2225;109898,-149490,-2487;110220,-151117,-2219;117137,-156339,-1956
101	22024	Bandit Inspector	37	1855	114	0	6	108650,-154326,-2166;108982,-151257,-2221;109357,-147746,-3051;110065,-157416,-2062;110751,-157163,-2030;110789,-147313,-3156
102	18344	Ancient Egg	80	0	0	0	24	14439,-18562,-3032;15741,-17204,-2970;18804,-17782,-3248;19022,-19734,-3254;21000,-20072,-3076;23274,-21063,-2550;24717,-19064,-2434;27112,-19280,-2314
102	18345	Sprigant	80	0	0	0	36	14439,-18562,-3032;15741,-17204,-2970;18804,-17782,-3248;19022,-19734,-3254;21000,-20072,-3076;23274,-21063,-2550;24717,-19064,-2434;26867,-17271,-2514
102	18346	Sprigant	80	0	0	0	40	15741,-17204,-2970;18804,-17782,-3248;19022,-19734,-3254;21000,-20072,-3076;23274,-21063,-2550;24717,-19064,-2434;27112,-19280,-2314;26867,-17271,-2514
102	22225	Deinonychus	83	14514	2715	0	11	19022,-19734,-3254;21000,-20072,-3076;23274,-21063,-2550;27112,-19280,-2314;26867,-17271,-2514;22727,-16101,-2776;15390,-15032,-3158;15811,-12795,-3060
102	22221	Pachycephalosaurus	84	14514	2715	0	70	6123,-20956,-3422;6821,-18775,-3562;4711,-19438,-3502;7413,-16483,-3486;5134,-16679,-3612;3199,-17384,-3362;2608,-14093,-3286;4208,-14377,-3604
102	22224	Ornithomimus	84	14514	2715	0	9	19022,-19734,-3254;21000,-20072,-3076;27112,-19280,-2314;26867,-17271,-2514;15390,-15032,-3158;15811,-12795,-3060;20523,-13770,-2854;16281,-9463,-2926
102	22210	Pachycephalosaurus	85	14514	2715	0	8	6988,-13397,-3762;4552,-12014,-3574;5525,-12471,-3692;2909,-9872,-3566;6142,-9631,-3652;4057,-7132,-3246;6776,-7684,-3616;6473,-9367,-3648
102	22213	Wild Strider	85	14514	2715	0	8	6988,-13397,-3762;4552,-12014,-3574;5525,-12471,-3692;2909,-9872,-3566;6142,-9631,-3652;4057,-7132,-3246;6776,-7684,-3616;6473,-9367,-3648
102	22214	Elroki	85	14514	2715	0	6	5527,-19686,-3568;6057,-17409,-3672;3728,-17786,-3584;3473,-15512,-3508;5610,-14337,-3656;7392,-14637,-3688
102	22222	Wild Strider	85	14514	2715	0	66	6123,-20956,-3422;6821,-18775,-3562;4711,-19438,-3502;7413,-16483,-3486;5134,-16679,-3612;3199,-17384,-3362;2608,-14093,-3286;4208,-14377,-3604
102	22196	Velociraptor	86	24829	2715	0	6	14439,-18562,-3032;21000,-20072,-3076;23274,-21063,-2550;27052,-15258,-2608;20826,-16510,-2922;21937,-11416,-2742
102	22198	Velociraptor	86	24829	2715	0	53	15590,-17440,-3158;18106,-17246,-3148;19633,-18125,-3214;18862,-19507,-3292;20881,-18757,-3216;23186,-20161,-2686;23826,-18715,-2748;24538,-17756,-2792
102	22218	Velociraptor	86	24829	2715	0	77	15741,-17204,-2970;18804,-17782,-3248;19022,-19734,-3254;24717,-19064,-2434;27112,-19280,-2314;26867,-17271,-2514;22727,-16101,-2776;20826,-16510,-2922
102	22223	Velociraptor	86	24829	2715	0	39	14439,-18562,-3032;15741,-17204,-2970;18804,-17782,-3248;19022,-19734,-3254;21000,-20072,-3076;23274,-21063,-2550;24717,-19064,-2434;27112,-19280,-2314
102	22199	Pterosaur	87	24829	2715	0	40	18804,-17782,-3248;21000,-20072,-3076;23274,-21063,-2550;24717,-19064,-2434;26867,-17271,-2514;27052,-15258,-2608;22727,-16101,-2776;20826,-16510,-2922
102	22215	Tyrannosaurus	87	727609	81666	0	12	23274,-21063,-2550;24717,-19064,-2434;26867,-17271,-2514;27052,-15258,-2608;22727,-16101,-2776;20826,-16510,-2922;26584,-12951,-2512;21937,-11416,-2742
102	22216	Tyrannosaurus	87	727609	81666	0	4	20523,-13770,-2854;24430,-11637,-2564;22217,-12745,-2675;20880,-14607,-2821
102	22217	Tyrannosaurus	87	727609	81666	0	3	26776,-16792,-2720;16417,-14933,-3144;19916,-9610,-2804
103	20024	Langk Lizardman Warrior	17	618	26	0	2	-46208,199341,-3496;-46032,199604,-3499
103	20055	Wandering Eye	21	764	35	0	1	-47611,197622,-3240
103	21013	Ol Mahum Van Archer	32	1920	108	0	5	-44120,192104,-2979;-39789,194522,-3337;-38746,195058,-3371;-39110,197220,-3399;-37823,197083,-2841
103	21014	Lesser Warlike Tyrant	33	1987	114	0	11	-41877,192484,-3152;-37871,194960,-3164;-42286,193693,-3045;-37827,197707,-2949;-34374,198874,-3304
103	21015	Ol Mahum Van Leader	34	2040	119	0	18	-41877,192484,-3152;-37871,194960,-3164;-34402,195609,-3392;-42286,193693,-3045;-37827,197707,-2949;-34374,198874,-3304
103	21016	Warlike Tyrant	35	2192	130	0	2	-34374,198874,-3304
104	20029	Ruin Zombie Leader	16	807	33	0	4	-49575,123213,-2843;-48725,121904,-2899;-47330,121950,-3002;-46613,120660,-3320
104	20035	Tracker Skeleton	17	605	25	0	5	-49702,121490,-3508;-48694,120066,-3508;-48302,118773,-3133;-47972,117861,-3264;-47309,119580,-3190
104	20042	Tracker Skeleton Leader	18	652	28	0	9	-49621,120566,-3008;-48597,120641,-3129;-47339,118574,-3156;-47277,122641,-2924;-46288,122196,-2942;-45302,117936,-3558;-43820,117596,-3558;-43402,117090,-3557
104	20045	Skeleton Scout	19	698	31	0	10	-49198,120956,-3508;-48073,120915,-3130;-47360,120516,-3259;-46184,119888,-3403;-46149,118056,-3524;-45672,116179,-3551;-45063,118837,-3481;-43901,116860,-3570
104	20359	Ratman Warrior	19	678	30	0	6	-49531,125430,-2963;-48112,123165,-2843;-47999,128412,-2544;-43741,127604,-2976;-43223,128901,-2838;-41229,128177,-2882
104	20050	Arachnid Predator	20	799	35	0	6	-49304,124364,-2930;-47311,124911,-2877;-45577,128975,-2844;-45009,125846,-2875;-44113,129564,-2826;-41806,130995,-2885
104	20054	Ruin Spartoi	21	764	35	0	6	-46544,116229,-3551;-45672,117134,-3554;-43498,118299,-3554;-42938,118889,-3559;-41194,116113,-3157;-41011,114456,-3360
104	20055	Wandering Eye	21	764	35	0	1	-42886,131376,-2837
104	20060	Raging Spartoi	22	837	40	0	3	-44038,115979,-3623;-43313,119048,-3551;-42778,118637,-3552
104	20921	Maille Lizardman Guard	24	429	21	0	1	-33961,117697,-2505
105	20514	Shield Skeleton	15	534	22	0	4	-24682,142737,-3758;-24474,140908,-3992;-24271,143472,-4016;-23967,142209,-3761
105	20515	Skeleton Infantryman	16	570	23	0	3	-23688,144504,-3819;-22903,142388,-4008;-22500,141676,-4008
105	20506	Ruin Imp	17	605	25	0	2	-23894,139245,-3691;-22112,141254,-3893
105	20411	Scavenger Bat	18	640	28	0	1	-24539,141791,-3733
105	20359	Ratman Warrior	19	678	30	0	3	-23089,130525,-3664;-24944,131116,-3464;-21981,133933,-3967
105	20457	Zombie Soldier	19	958	43	0	28	-22192,142410,-3896;-22153,141796,-3896;-21819,142709,-3897;-21148,140111,-3896;-21056,140955,-3896;-20978,141680,-3896;-20476,140534,-3896;-20281,145259,-3769
105	20505	Ruin Bat	20	712	32	0	7	-18332,144118,-3820;-17923,142730,-3896;-17346,144667,-3861;-17047,142547,-3972;-12464,140800,-3940;-11753,141572,-3697;-11357,140978,-3940
105	20055	Wandering Eye	21	764	35	0	1	-21040,131406,-3709
105	20507	Ruin Imp Elder	21	779	36	0	13	-20904,141573,-3896;-20704,140045,-3896;-20303,141884,-3896;-19972,140176,-3896;-19449,139132,-3897;-18573,145360,-3883;-16948,140224,-3875;-16535,140758,-3875
105	20059	Hungry Eye	22	821	39	0	1	-21295,133761,-3968
105	20458	Zombie Warrior	22	1184	56	0	13	-20696,141176,-3896;-20430,143133,-3852;-20275,144205,-3820;-20083,140864,-3896;-19936,142716,-3896;-18452,141197,-3892;-17226,140921,-3875;-15879,141562,-3846
105	20401	Veelan Bugbear	23	878	42	0	8	-17595,143326,-3910;-17450,142547,-3972;-17147,143081,-3972;-16235,141102,-3976;-15530,141280,-3976;-12848,137416,-3952;-12345,137594,-3952;-12042,138128,-3952
105	20402	Veelan Bugbear Warrior	24	954	47	0	7	-13050,138484,-3952;-12848,137772,-3952;-12747,138306,-3952;-12647,137416,-3952;-12646,137772,-3952;-12646,138128,-3952;-11453,140335,-3697
106	22136	Gatekeeper Zombie	83	883	100	0	3	35390,-49898,-763;35417,-49638,-763;35694,-50042,-763
107	18119	Corpse of Deadman	63	0	0	0	3	48801,-47523,-3785;49305,-47345,-3785;49707,-47378,-3392
107	21568	Devil Bat	68	10440	1009	0	3	49728,-48097,-3387;50321,-47384,-3382;50686,-47086,-3396
107	21571	Ghost of Rebellion Soldier	69	10718	1049	0	2	49821,-47218,-3392;50118,-47169,-3392
107	21572	Bone Sweeper	69	10282	1006	0	1	50543,-47113,-3400
107	21573	Atrox	69	11456	1121	0	3	48499,-48057,-3785;48700,-48057,-3785;50667,-47307,-3380
107	21577	Ghost of Guillotine	70	8195	813	0	2	49560,-48171,-3387;50578,-47504,-3369
108	18119	Corpse of Deadman	63	0	0	0	1	48902,-48413,-3785
108	21571	Ghost of Rebellion Soldier	69	10718	1049	0	2	49338,-48340,-3287;49805,-48748,-3079
109	18119	Corpse of Deadman	63	0	0	0	3	49406,-47167,-3785;49961,-47068,-3392;50412,-46762,-3397
109	21567	Bone Slayer	68	12175	1176	0	2	48679,-41409,-2210;49239,-41885,-2157
109	21570	Ghost of Betrayer	69	7557	739	0	1	49500,-41375,-2258
109	21571	Ghost of Rebellion Soldier	69	10718	1049	0	7	48930,-45176,-3365;49031,-45354,-3365;50227,-43097,-2632;50499,-43819,-2857;51344,-44044,-3454;51849,-45290,-3454;52376,-45304,-3280
109	21572	Bone Sweeper	69	10282	1006	0	3	48871,-41838,-2168;49583,-45329,-2974;50594,-45885,-3173
109	21573	Atrox	69	11456	1121	0	6	46604,-39906,-2026;47044,-42034,-1767;47762,-42531,-1884;49559,-41630,-2919;51047,-42584,-2539;51492,-43423,-2749
109	21574	Bone Grinder	70	12902	1279	0	8	46687,-40857,-1973;46839,-42134,-1830;47068,-41622,-1771;47676,-42661,-1852;47922,-42001,-1975;48165,-44671,-2370;48260,-43792,-2556;48852,-42343,-2244
109	21576	Ghost of Guillotine	70	9350	927	0	11	47375,-42096,-1714;47388,-41204,-2017;48806,-42122,-2506;48899,-41193,-2196;49458,-40740,-2919;49526,-40884,-2246;49555,-41317,-2253;49965,-43461,-2667
109	21577	Ghost of Guillotine	70	8195	813	0	4	48226,-44998,-3365;49031,-44998,-3365;49232,-43930,-3365;49534,-45176,-3365
109	21578	Behemoth Zombie	71	10308	1034	0	1	46559,-39483,-1938
109	21579	Ghost of Rebellion Leader	71	10843	1088	0	4	46596,-39314,-1887;47814,-41651,-2013;48404,-41766,-2506;48883,-41541,-2187
109	21580	Bone Caster	71	10154	1019	0	4	46832,-39995,-2015;47788,-44267,-2391;48096,-43849,-2518;48418,-45335,-2632
109	21581	Bone Puppeteer	71	11105	1114	0	1	46665,-40387,-2061
109	21582	Vampire Soldier	71	11891	1193	0	14	46351,-40855,-2272;47055,-41033,-2272;47609,-40707,-2121;48325,-44464,-3365;48627,-44642,-3365;48627,-44286,-3365;48628,-44998,-3365;49150,-40870,-2244
109	21599	Requiem Priest	71	12750	1279	0	1	46341,-39761,-1990
109	21586	Vampire Adept	72	11374	1156	0	3	45900,-39711,-1920;46808,-39564,-1929;46848,-40472,-2086
109	21587	Vampire Warrior	72	11852	1204	0	1	46406,-40009,-2014
109	21591	Vampire Magister	73	11462	1179	0	2	46903,-39851,-1951;47085,-40359,-2059
109	21594	Vampire Warlord	73	12571	1294	0	2	46218,-39990,-1991;46893,-41669,-1779
110	20555	Giant Fungus	40	2327	150	0	20	61514,11148,-3668;61082,15746,-3857;62961,17440,-3328;62676,21142,-3908;62517,24358,-3860;61716,27371,-3808;57402,30692,-3816;59748,29808,-3808
110	20556	Giant Monstereye	41	2444	160	0	37	61514,11148,-3668;58847,12031,-4322;58523,17465,-4756;61082,15746,-3857;62961,17440,-3328;62676,21142,-3908;59875,21358,-4540;55871,25050,-5184
110	20557	Dire Wyrm	42	2590	173	0	34	61514,11148,-3668;58847,12031,-4322;58523,17465,-4756;61082,15746,-3857;62961,17440,-3328;62676,21142,-3908;59875,21358,-4540;58885,25875,-4588
110	20558	Rotting tree	43	2662	180	0	40	58847,12031,-4322;55953,12877,-5224;54286,17478,-5388;58523,17465,-4756;59875,21358,-4540;55717,21030,-5328;53010,23851,-5376;55871,25050,-5184
110	20559	Rotting Golem	44	3942	270	0	16	55953,12877,-5224;54286,17478,-5388;55717,21030,-5328;53010,23851,-5376;55871,25050,-5184;54285,27538,-5146;52427,26652,-5118
110	20560	Trisalim Spider	45	2916	203	0	14	52581,14369,-5566;50576,17222,-5302;51478,20327,-5450;49877,22679,-5472;52427,26652,-5118;48706,24862,-4798;45325,23916,-4942
110	20561	Trisalim Tarantula	46	3452	245	0	29	55953,12877,-5224;52581,14369,-5566;50576,17222,-5302;54286,17478,-5388;55717,21030,-5328;51478,20327,-5450;49877,22679,-5472;53010,23851,-5376
110	20562	Spore Zombie	47	3591	257	0	16	52581,14369,-5566;50576,17222,-5302;51478,20327,-5450;49877,22679,-5472;48706,24862,-4798;45325,23916,-4942
110	27166	Abyssal Jewel 2	60	0	0	0	1	63707,31164,-3736
111	20678	Tortured Undead	53	4085	321	0	12	175780,20300,-3134;177043,17330,-3176;177055,23494,-3176
111	20999	Roving Soul	53	4943	389	0	12	175780,20300,-3134;177043,17330,-3176;177055,23494,-3176
111	20668	Grave Guard	54	4283	341	0	14	181576,23181,-3054;181577,17458,-3066
111	21000	Soul of Ruins	54	4325	345	0	26	175780,20300,-3134;177043,17330,-3176;177055,23494,-3176;181576,23181,-3054;181577,17458,-3066
111	20669	Taik Orc Supply Leader	55	5340	431	0	36	181576,23181,-3054;181577,17458,-3066;180254,15860,-3054;182250,15896,-3054;180274,18276,-3054;182254,18300,-3054;180250,22292,-3054;182246,22328,-3054
111	18001	Blood Queen	60	4536	394	0	19	185433,16928,-3460;185653,23398,-3414;185104,28660,-3408;185171,11496,-2648
111	20670	Crimson Drake	61	5465	481	0	23	185433,16928,-3460;185653,23398,-3414;185104,28660,-3408;185171,11496,-2648
111	20671	Kadios	62	5702	508	0	21	185433,16928,-3460;185653,23398,-3414;185104,28660,-3408;185171,11496,-2648
111	20672	Trives	63	5772	521	0	14	189277,18000,-3484;188509,22646,-3618;191397,21805,-3504;190221,24087,-3632;192222,19307,-3620
111	20673	Falibati	64	6016	551	0	14	189277,18000,-3484;188509,22646,-3618;191397,21805,-3504;190221,24087,-3632;192222,19307,-3620
111	20674	Doom Knight	65	8649	804	0	15	189277,18000,-3484;188509,22646,-3618;191397,21805,-3504;190221,24087,-3632;192222,19307,-3620
112	21508	Splinter Stakato	66	8452	796	0	7	74477,-55313,-3099;76020,-55428,-3096;76531,-54464,-3130;75577,-53001,-3078;74481,-53636,-3109;73293,-53002,-3147;74756,-52044,-3110
112	21509	Splinter Stakato Worker	67	7445	709	0	6	74477,-55313,-3099;76020,-55428,-3096;73293,-53002,-3147;74655,-51143,-3062;75755,-54436,-3079
112	21510	Splinter Stakato Soldier	68	8972	867	0	8	74477,-55313,-3099;76020,-55428,-3096;75577,-53001,-3078;74481,-53636,-3109;73293,-53002,-3147;74756,-52044,-3110;74655,-51143,-3062;75755,-54436,-3079
112	21511	Splinter Stakato Drone	69	9944	973	0	8	74477,-55313,-3099;76531,-54464,-3130;75577,-53001,-3078;74481,-53636,-3109;73293,-53002,-3147;74756,-52044,-3110;75755,-54436,-3079
112	21512	Splinter Stakato Drone	70	12636	1253	0	1	75755,-54436,-3079
112	21513	Needle Stakato	70	9507	943	0	38	78270,-50337,-2303;78060,-51660,-2266;79077,-52294,-2290;80361,-51570,-2280;80042,-50456,-2257;81820,-50932,-2314;82450,-52049,-2321;83776,-52178,-2344
112	21514	Needle Stakato Worker	71	8360	839	0	42	78270,-50337,-2303;79077,-52294,-2290;80361,-51570,-2280;81820,-50932,-2314;83776,-52178,-2344;83965,-50785,-2405;85167,-53835,-2220;85537,-55728,-2279
112	21515	Needle Stakato Soldier	72	10059	1022	0	41	78270,-50337,-2303;79077,-52294,-2290;80361,-51570,-2280;80042,-50456,-2257;81820,-50932,-2314;82450,-52049,-2321;83776,-52178,-2344;83965,-50785,-2405
112	22105	Spiked Stakato	72	35036	3560	0	13	80505,-48787,-5120;77698,-46557,-5134;77745,-47497,-5134;77134,-47821,-5134;77094,-50421,-5640;77206,-51135,-5640;77623,-51702,-5640;77964,-52392,-5666
112	21516	Needle Stakato Drone	73	10340	1064	0	49	78270,-50337,-2303;78060,-51660,-2266;80361,-51570,-2280;80042,-50456,-2257;81820,-50932,-2314;82450,-52049,-2321;83776,-52178,-2344;83965,-50785,-2405
112	22106	Spiked Stakato Worker	73	34244	3524	0	10	80150,-49660,-5131;77395,-46439,-5134;77418,-47625,-5134;76624,-50577,-5640;76466,-52168,-5640;77134,-52317,-5640;78309,-50609,-5666;76927,-49889,-5640
112	21517	Needle Stakato Drone	74	14121	1472	0	9	78956,-51304,-2372;82980,-50775,-2320;81177,-55202,-2308;77722,-58286,-2392;77306,-61517,-2408;81004,-60058,-2264;85476,-54756,-2424
112	22107	Spiked Stakato Guard	74	36709	3824	0	6	79518,-48982,-5132;77265,-46736,-5134;77338,-50398,-5640;76908,-50850,-5640;76724,-51346,-5666;80892,-51699,-5640
112	22108	Female Spiked Stakato	74	36709	3824	0	9	79559,-49593,-5134;79794,-48733,-5129;77692,-47045,-5122;76912,-47571,-5134;77609,-50287,-5640;77278,-50913,-5666;76919,-51668,-5640;80861,-52210,-5666
112	22109	Male Spiked Stakato	74	36709	3824	0	5	79867,-48997,-5148;77374,-46984,-5123;77269,-51491,-5640;77829,-50755,-5666;81110,-51811,-5640
112	22110	Male Spiked Stakato	74	36709	3824	0	5	79841,-47801,-5134;78151,-46602,-5143;77914,-50313,-5640;79672,-51267,-5631;77235,-51564,-5640
112	22112	Cannibalistic Stakato Follower	74	36709	3824	0	24	85350,-52698,-5134;85665,-53624,-5134;82689,-53954,-4645;82189,-53465,-4645;82924,-49575,-4643;82061,-49196,-4645;79870,-48105,-5134;80784,-48848,-5134
112	22111	Spiked Stakato Sorcerer	75	34083	3596	0	5	79577,-48711,-5134;80187,-48861,-5134;77597,-51183,-5640;77474,-50832,-5640;80722,-51879,-5640
112	22113	Cannibalistic Stakato Leader	75	34083	3596	0	11	85097,-54066,-5121;82348,-53100,-4645;79255,-49489,-5134;76912,-47571,-5134;78100,-51921,-5640;78217,-51065,-5640;80268,-51663,-5640;75730,-54556,-5640
112	22114	Cannibalistic Stakato Leader	75	34083	3596	0	2	82262,-49703,-4645;80190,-48457,-5134
112	22115	Spiked Stakato Soldier	76	35499	3792	0	15	85378,-54084,-5134;82727,-52990,-4645;82564,-49693,-4636;82847,-49837,-4671;75053,-54708,-5640;75752,-54942,-5640;76246,-55182,-5640;76089,-54582,-5640
112	22116	Spiked Stakato Drone	77	36760	3976	0	14	85087,-52843,-5134;85604,-53033,-5134;82859,-53131,-4645;82527,-49333,-4645;83118,-49247,-4645;75368,-54954,-5640;75158,-53942,-5640;74692,-54049,-5640
112	22117	Spiked Stakato Captain	78	34747	3804	0	5	85230,-52141,-5134;74872,-53003,-5632;74963,-52578,-5632;82645,-54047,-4639;82061,-49196,-4645
112	22118	Spiked Stakato Nurse	79	34117	3876	0	7	85515,-53775,-5134;82185,-48482,-4654;82289,-48715,-4660;74647,-54570,-5640;82006,-53384,-4645;75257,-54421,-5640;75519,-53801,-5666
112	22119	Spiked Stakato Nurse	79	34117	3876	0	2	85509,-53212,-5134;74440,-54905,-5640
112	22120	Spiked Stakato Baby	79	34117	3876	0	16	84638,-53471,-5134;84880,-53294,-5134;82748,-53528,-4645;82729,-48511,-4645;82803,-49096,-4645;75497,-53841,-5640;75118,-53635,-5636;74832,-54300,-5640
112	22121	Spiked Stakato Shaman	80	35862	4232	0	4	84544,-53663,-5134;82134,-53506,-4645;82791,-48894,-4645;75388,-55313,-5640
113	20679	Marsh Stalker	54	4199	335	0	3	166386,56890,-4142;168081,51381,-4131;168584,48699,-3837
113	20646	Halingka	55	7184	580	0	16	174449,55384,-4259;178896,54607,-3900
113	20680	Marsh Drake	55	4443	359	0	1	165904,57858,-4106
113	21017	Fallen Orc	55	4399	355	0	1	164752,57793,-3741
113	20647	Yintzu	56	7210	592	0	16	174449,55384,-4259;178896,54607,-3900
113	21018	Ancient Gargoyle	56	5536	455	0	2	166629,53566,-4209;167589,52149,-4171
113	20648	Paliote	57	8188	680	0	16	174449,55384,-4259;178896,54607,-3900
113	21019	Fallen Orc Archer	57	6093	506	0	5	166764,54261,-4182;167998,50826,-4112;168125,52926,-4209;168189,49693,-4095;168924,49946,-3988
113	20649	Hamrut	58	8150	688	0	9	174771,61840,-4300
113	21020	Fallen Orc Shaman	58	6898	583	0	4	166582,52110,-4272;167427,50062,-4096;167553,52645,-4196;168292,48844,-3859
113	20650	Kranrot	59	8820	754	0	9	174771,61840,-4300
113	21021	Sharp Talon Tiger	59	6353	543	0	8	166418,56268,-4114;166626,55748,-4107;166727,58484,-4161;167521,56290,-4115;168085,53949,-4177;168086,56838,-4163;169524,58461,-3930;169596,59553,-3907
113	20651	Gamlin	60	8194	710	0	9	174771,61840,-4300
113	21022	Fallen Orc Captain	60	6462	561	0	6	167387,55349,-4106;168013,59177,-3925;168296,56290,-4166;168392,57270,-4161;168436,55552,-4161;169649,57957,-4032
113	21058	Beast Lord	60	15760	1368	0	3	174449,55384,-4259;174771,61840,-4300;178896,54607,-3900
113	20966	Black Shadow	74	7747	808	1	7	174410,55831,-5872
113	20973	Forgotten Ancient People	77	8479	918	1	11	174410,55831,-5872;179070,54515,-5872;182696,51905,-5912
113	20969	Giant's Shadow	79	6357	723	1	12	179070,54515,-5872;182696,51905,-5912
114	20093	Orc Fighter	10	363	12	0	3	-103013,246196,-3501
114	20096	Orc Lieutenant	11	391	15	0	12	-103013,246196,-3501;-108739,252351,-3199;-106707,246903,-3328
114	20098	Orc Fighter Leader	12	447	17	0	8	-108739,252351,-3199;-106707,246903,-3328
114	20101	Crasher	14	705	27	0	5	-115895,244947,-3231
114	20106	Talon Spider	16	570	23	0	12	-114942,249410,-3075;-115895,244947,-3231;-117815,240271,-3014
114	20108	Blade Spider	17	618	26	0	14	-114942,249410,-3075;-115895,244947,-3231;-117815,240271,-3014
115	20947	Connabi	54	3718	296	0	43	91588,63397,-3460;93024,66874,-3504;88943,66533,-3650;84988,66967,-3336;79827,67360,-3206
115	20953	Pobby	57	4226	351	0	28	91588,63397,-3460;92695,53170,-3614;92499,53262,-3616;92804,49294,-3720;94474,45834,-3528;91796,45515,-3568;91158,41967,-3464
115	20950	Innersen	60	4683	406	0	16	92695,53170,-3614;92499,53262,-3616;92804,49294,-3720;94474,45834,-3528;91796,45515,-3568;91158,41967,-3464
116	21001	Wretched Archer	55	5856	473	0	8	181604,-10286,-3350;179004,-9551,-3348
116	21002	Doom Scout	56	5163	424	0	6	181604,-10286,-3350;179004,-9551,-3348
116	21003	Grave Lich	57	4725	393	0	10	181604,-10286,-3350;179004,-9551,-3348
116	21004	Dismal Pole	58	5239	443	0	9	173663,-8803,-3064
116	21005	Grave Predator	59	5732	490	0	12	173663,-8803,-3064
116	21006	Doom Servant	60	5447	473	0	9	173663,-8803,-3064
116	21009	Doom Trooper	63	7966	719	0	7	184673,-7446,-2500
116	21010	Doom Warrior	64	6380	584	0	5	184673,-7446,-2500
116	20674	Doom Knight	65	8649	804	0	7	184673,-7446,-2500
116	20974	Spiteful Soul Leader	65	11772	1094	0	3	184673,-7446,-2500;173663,-8803,-3064
117	20380	Stone Guardian	16	807	33	0	12	-63667,73936,-3304;-63537,74957,-3240;-62840,70867,-3184;-62282,75248,-3352;-62054,71848,-3288;-56196,72422,-2968;-55462,75507,-3080;-55265,73546,-2872
117	20034	Prowler	17	618	26	0	34	-65110,76382,-3304;-64998,77269,-3312;-64722,77488,-3304;-64706,79350,-3328;-64372,76990,-3280;-64071,78677,-3320;-63815,82565,-3440;-63392,79425,-3352
117	20038	Venomous Spider	18	704	31	0	40	-67577,77001,-3344;-67218,76897,-3344;-66744,74839,-3336;-66575,74604,-3328;-66549,72640,-3328;-66124,75034,-3288;-66031,75700,-3296;-65886,76280,-3280
117	20418	Crystalline Beast	18	633	28	0	15	-65072,73565,-3296;-64899,72884,-3336;-64798,79004,-3328;-64435,76615,-3296;-64336,72301,-3240;-64234,78104,-3304;-64176,76085,-3280;-63945,82582,-3440
117	20776	Dark Succubus	20	783	35	0	4	-69319,77769,-3328;-66926,81746,-3352;-66689,80503,-3336;-66595,80868,-3328
118	22105	Spiked Stakato	72	35036	3560	0	16	86804,-43686,-4133;87249,-42537,-4130;87061,-44127,-4133;85184,-47249,-4645;85051,-46894,-4645;85050,-46093,-4645;84863,-50158,-5134;83211,-45459,-4671
118	22106	Spiked Stakato Worker	73	34244	3524	0	21	87735,-43072,-4133;87844,-43867,-4133;87986,-43635,-4133;87510,-42718,-4133;85562,-46359,-4645;86361,-46179,-4645;86263,-46846,-4645;85975,-47389,-4641
118	22107	Spiked Stakato Guard	74	36709	3824	0	8	86773,-43321,-4133;88411,-43263,-4133;85457,-46891,-4645;86330,-50496,-5160;82664,-46579,-4645;83959,-42638,-4645;80638,-44911,-5134;77351,-42277,-5134
118	22108	Female Spiked Stakato	74	36709	3824	0	14	87490,-43281,-4133;88183,-43041,-4133;87311,-43770,-4133;85069,-46432,-4645;85370,-45837,-4645;86086,-45882,-4644;85665,-50482,-5128;82683,-44695,-4645
118	22109	Male Spiked Stakato	74	36709	3824	0	13	87614,-44053,-4133;88199,-43858,-4133;86469,-46482,-4645;86312,-47010,-4645;85675,-47232,-4638;85538,-50833,-5131;86010,-50088,-5134;83124,-44733,-4645
118	22110	Male Spiked Stakato	74	36709	3824	0	6	88723,-43043,-4132;89194,-43136,-4013;86316,-47062,-4645;80495,-45688,-5134;85825,-50948,-5134;85038,-42488,-4618
118	22112	Cannibalistic Stakato Follower	74	36709	3824	0	14	87120,-43137,-4133;85788,-45959,-4645;85517,-47350,-4645;89237,-46625,-4645;84777,-50308,-5134;85874,-50246,-5134;87733,-50283,-5134;88279,-49995,-5134
118	22111	Spiked Stakato Sorcerer	75	34083	3596	0	6	87774,-43358,-4133;85790,-46464,-4645;84960,-50727,-5134;82678,-45207,-4637;82361,-44541,-4645;79726,-45582,-5134
118	22113	Cannibalistic Stakato Leader	75	34083	3596	0	10	86983,-42870,-4133;85681,-46738,-4645;89122,-46378,-4645;85031,-49916,-5134;88772,-49786,-5134;88579,-53919,-5134;82965,-48551,-4645;82442,-45082,-4645
118	22114	Cannibalistic Stakato Leader	75	34083	3596	0	6	87556,-43382,-4133;89446,-46824,-4645;87879,-52981,-5134;80878,-44202,-5134;85923,-47128,-4635;85937,-49671,-5150
118	22115	Spiked Stakato Soldier	76	35499	3792	0	7	88844,-46013,-4645;88330,-46321,-4645;89111,-46891,-4645;89398,-49937,-5134;88109,-50463,-5134;88684,-53700,-5134;83175,-48704,-4645
118	22116	Spiked Stakato Drone	77	36760	3976	0	4	88800,-46164,-4641;88359,-50782,-5134;89137,-50304,-5130;87410,-52981,-5134
118	22117	Spiked Stakato Captain	78	34747	3804	0	3	88026,-52560,-5134;83646,-48257,-4645;88279,-46255,-4645
118	22118	Spiked Stakato Nurse	79	34117	3876	0	3	88955,-46903,-4645;88753,-50815,-5134;88237,-53623,-5119
118	22119	Spiked Stakato Nurse	79	34117	3876	0	3	89025,-47395,-4645;82680,-48169,-4645;87883,-50051,-5134
118	22120	Spiked Stakato Baby	79	34117	3876	0	6	88915,-46446,-4645;89264,-47124,-4633;89017,-49927,-5134;88929,-50597,-5134;87964,-53275,-5134;87626,-53531,-5118
118	22121	Spiked Stakato Shaman	80	35862	4232	0	2	88558,-46681,-4645;89294,-50470,-5134
119	18119	Corpse of Deadman	63	0	0	0	2	61044,-46919,-2646;61586,-46424,-2561
119	21508	Splinter Stakato	66	8452	796	0	36	71844,-52377,-3147;73441,-50241,-2997;72382,-50949,-2989;72918,-47124,-3161;73841,-45735,-3156;73294,-44478,-3212;72272,-43906,-3238;71044,-44712,-3165
119	21509	Splinter Stakato Worker	67	7445	709	0	37	71844,-52377,-3147;72382,-50949,-2989;72918,-47124,-3161;73841,-45735,-3156;73294,-44478,-3212;71044,-44712,-3165;71913,-42917,-3196;72261,-41184,-3160
119	21510	Splinter Stakato Soldier	68	8972	867	0	49	71844,-52377,-3147;74344,-50199,-2965;73441,-50241,-2997;72382,-50949,-2989;72918,-47124,-3161;73841,-45735,-3156;73294,-44478,-3212;72272,-43906,-3238
119	21566	Skull Animator	68	10186	984	0	1	60689,-51954,-2946
119	21511	Splinter Stakato Drone	69	9944	973	0	36	71844,-52377,-3147;74344,-50199,-2965;73441,-50241,-2997;72382,-50949,-2989;72918,-47124,-3161;73841,-45735,-3156;72272,-43906,-3238;71044,-44712,-3165
119	21571	Ghost of Rebellion Soldier	69	10718	1049	0	1	60815,-48087,-2739
119	21512	Splinter Stakato Drone	70	12636	1253	0	9	73791,-51277,-3105;72138,-45335,-3308;73352,-42365,-3268;76289,-43279,-3260;79638,-42266,-3272;82436,-41568,-3220;81595,-44770,-3216
119	21513	Needle Stakato	70	9507	943	0	27	87613,-57162,-2322;89119,-57847,-2393;90158,-60281,-2258;88338,-61508,-2284;86988,-60532,-2306;87778,-58765,-2315;85802,-58767,-2299;84249,-61759,-2295
119	21577	Ghost of Guillotine	70	8195	813	0	2	60680,-47924,-3247;61267,-47500,-2832
119	21514	Needle Stakato Worker	71	8360	839	0	45	87613,-57162,-2322;89119,-57847,-2393;90158,-60281,-2258;88338,-61508,-2284;86988,-60532,-2306;87778,-58765,-2315;85802,-58767,-2299;85688,-60150,-2366
119	21581	Bone Puppeteer	71	11105	1114	0	1	61564,-45859,-2537
119	21582	Vampire Soldier	71	11891	1193	0	1	61115,-48248,-2738
119	21515	Needle Stakato Soldier	72	10059	1022	0	39	87613,-57162,-2322;89119,-57847,-2393;90158,-60281,-2258;88338,-61508,-2284;86988,-60532,-2306;87778,-58765,-2315;85802,-58767,-2299;85688,-60150,-2366
119	22105	Spiked Stakato	72	35036	3560	0	3	76679,-47404,-5134;75417,-47404,-5134;75103,-47593,-5134
119	21516	Needle Stakato Drone	73	10340	1064	0	40	87613,-57162,-2322;89119,-57847,-2393;90158,-60281,-2258;88338,-61508,-2284;86988,-60532,-2306;87778,-58765,-2315;85802,-58767,-2299;85688,-60150,-2366
119	22106	Spiked Stakato Worker	73	34244	3524	0	1	75462,-47074,-5134
119	21517	Needle Stakato Drone	74	14121	1472	0	8	85117,-62871,-2372;88622,-60468,-2312;89482,-52088,-2577;92011,-53030,-2617;94663,-52573,-2613;85569,-59365,-2450;81279,-63326,-2386;90827,-55731,-2929
119	22107	Spiked Stakato Guard	74	36709	3824	0	2	75572,-46662,-5134;75311,-46398,-5134
119	22108	Female Spiked Stakato	74	36709	3824	0	2	74949,-47146,-5134;75337,-46709,-5125
119	22109	Male Spiked Stakato	74	36709	3824	0	1	74915,-47329,-5134
119	22110	Male Spiked Stakato	74	36709	3824	0	1	75061,-47368,-5134
119	22112	Cannibalistic Stakato Follower	74	36709	3824	0	1	75149,-46754,-5134
119	22111	Spiked Stakato Sorcerer	75	34083	3596	0	1	76997,-46885,-5131
120	20015	Marsh Zombie	13	654	26	0	16	-22050,43248,-3744;-21658,41814,-3480;-21421,42568,-3624;-20108,35277,-3048;-19827,35287,-3056;-19654,37971,-3088;-19561,35302,-3056;-19405,40848,-3768
120	20433	Festering Bat	13	462	18	0	43	-18183,32476,-3664;-28481,44827,-3640;-28423,42098,-3368;-28302,43970,-3648;-28274,42196,-3424;-27959,44445,-3632;-27426,39960,-3272;-27055,42366,-3520
120	20020	Marsh Zombie Lord	14	705	27	0	44	-28854,44935,-3592;-28755,41276,-3288;-28632,42713,-3432;-28501,44550,-3632;-28115,40599,-3280;-27976,47204,-3648;-27840,42088,-3432;-27813,44092,-3640
120	20379	Stone Soldier	14	705	27	0	19	-28839,45951,-3368;-27454,47223,-3664;-26995,46479,-3760;-25686,45772,-3760;-25238,45527,-3752;-22913,48403,-3768;-21453,45854,-3680;-21257,44567,-3752
120	20025	Lesser Dark Horror	15	545	22	0	20	-28008,45527,-3648;-27454,47647,-3704;-26346,45951,-3752;-25792,46799,-3768;-25104,47911,-3696;-22659,47366,-3760;-22487,46325,-3760;-22242,49208,-3776
120	20105	Dark Horror	16	576	23	0	4	-21941,47099,-3728;-21849,45838,-3736;-16359,46878,-3760;-16180,46715,-3768
120	27079	Black Willow Lurker	39	0	0	0	3	-20020,48368,-3768;-18327,44115,-3688;-13193,41359,-3776
121	20481	Bearded Keltir	1	35	2	0	12	-74384,254367,-3226;-86401,253927,-3618
121	20544	Elder Keltir	3	105	2	0	2	-86401,253927,-3618
121	20120	Wolf	4	141	4	0	3	-86401,253927,-3618
121	20121	Giant Toad	5	178	5	0	8	-95395,246014,-3602;-97038,247767,-3602
121	20131	Orc Grunt	7	249	8	0	6	-90318,255002,-3510;-91428,252936,-3410;-94347,250566,-3487
121	20006	Orc Archer	8	293	10	0	7	-94516,253792,-3362;-94347,250566,-3487;-97409,254699,-3486;-100385,248462,-3488
121	20326	Goblin Scout	8	284	10	0	15	-90318,255002,-3510;-91428,252936,-3410;-94516,253792,-3362;-94347,250566,-3487;-97409,254699,-3486;-96909,250724,-3512;-100367,252981,-3387
121	20132	Werewolf	9	321	11	0	10	-96909,250724,-3512;-100385,248462,-3488
121	20093	Orc Fighter	10	363	12	0	14	-97409,254699,-3486;-96909,250724,-3512;-100367,252981,-3387;-103412,250264,-3387;-100385,248462,-3488
121	20096	Orc Lieutenant	11	391	15	0	8	-100367,252981,-3387;-103412,250264,-3387
121	20098	Orc Fighter Leader	12	447	17	0	11	-104375,226338,-3489;-103412,250264,-3387
121	20342	Werewolf Chieftain	12	436	16	0	17	-104375,226338,-3489;-101804,223236,-3380
121	20016	Stone Golem	13	654	26	0	8	-104375,226338,-3489;-101804,223236,-3380;-103495,227153,-3564
121	20101	Crasher	14	705	27	0	8	-114557,220188,-2892;-105225,224600,-3533;-103495,227153,-3564
121	20103	Giant Spider	15	545	22	0	8	-114557,220188,-2892;-116557,224398,-2892;-105225,224600,-3533
121	20106	Talon Spider	16	570	23	0	3	-116557,224398,-2892
122	20432	Elpy	1	35	2	0	8	-81412,246563,-3596;-81717,241040,-3639
122	20481	Bearded Keltir	1	35	2	0	19	-81412,246563,-3596;-82559,250148,-3596;-86479,251342,-3516;-84312,252645,-3597;-81717,241040,-3639;-88053,241579,-3602;-90123,241149,-3602
122	20545	Young Keltir	1	35	2	0	3	-87140,251482,-3608;-86529,251952,-3624;-84860,251242,-3592
122	20544	Elder Keltir	3	105	2	0	27	-81412,246563,-3596;-82559,250148,-3596;-84312,252645,-3597;-81717,241040,-3639;-85812,239010,-3619;-88053,241579,-3602;-90123,241149,-3602;-91678,243859,-3602
122	20120	Wolf	4	141	4	0	18	-82559,250148,-3596;-85812,239010,-3619;-88053,241579,-3602;-90123,241149,-3602;-91678,243859,-3602;-88801,237915,-3521
122	20121	Giant Toad	5	178	5	0	5	-92890,245986,-3602
122	20442	Elder Wolf	5	176	5	0	4	-88801,237915,-3521
123	20016	Stone Golem	13	654	26	0	11	-101295,214147,-3135;-104508,216591,-3132
123	20101	Crasher	14	705	27	0	16	-101295,214147,-3135;-104508,216591,-3132;-108290,216342,-3092;-111947,217751,-2949
123	20103	Giant Spider	15	545	22	0	7	-108290,216342,-3092;-111947,217751,-2949
124	20781	Delu Lizardman Shaman	35	1781	105	0	3	68440,165830,-3560;68742,165652,-3560;68943,166008,-3560
124	20939	Tanor Silenos Warrior	46	2752	195	0	43	37774,162582,-3369;45570,162256,-2867;53856,162901,-2543;61390,161619,-3079;64482,150253,-3239;64515,143913,-3239;39812,162687,-3124;35956,164762,-3378
124	20944	Nightmare Lord	47	2000	143	0	48	45570,162256,-2867;53856,162901,-2543;61390,161619,-3079;64482,150253,-3239;64515,143913,-3239;46531,162637,-2826;48189,165398,-2479;54150,164660,-2302
124	20941	Tanor Silenos Chieftain	50	3252	245	0	22	61390,161619,-3079;64482,150253,-3239;63371,160910,-3252;67930,143126,-3396;66362,147771,-3396;66338,151326,-3396;67236,158100,-3396
125	20804	Crokian Lad	41	5148	336	0	19	117238,183661,-3594;113260,184699,-3509;112290,181148,-3494
125	20805	Dailaon Lad	42	5580	372	0	33	105518,178659,-3537;106488,176346,-3472;109138,171016,-3495;117238,183661,-3594;113260,184699,-3509;112290,181148,-3494
125	20806	Crokian Lad Warrior	43	5356	362	0	32	105518,178659,-3537;106488,176346,-3472;109138,171016,-3495;117238,183661,-3594;113260,184699,-3509;112290,181148,-3494;114546,173152,-3586;114359,185297,-3463
125	20807	Farhite Lad	44	5634	386	0	24	109138,171016,-3495;121537,182303,-3464;120254,178473,-3514;121818,175408,-3614;119212,173071,-3614;116905,175948,-3564;114546,173152,-3586;111986,172674,-3594
125	20808	Nos Lad	45	6974	484	0	20	121537,182303,-3464;120254,178473,-3514;121818,175408,-3614;119212,173071,-3614;116905,175948,-3564;114546,173152,-3586;111986,172674,-3594
125	20991	Swamp Tribe	45	10278	714	0	11	121537,182303,-3464;120254,178473,-3514;121818,175408,-3614;119212,173071,-3614;116905,175948,-3564;114546,173152,-3586
126	20331	Monster Eye Tracker	10	296	10	0	5	140277,-172228,-1779;140449,-172348,-1781;142039,-170721,-1777;143439,-172225,-1777;144171,-169712,-1777
126	20330	Mineshaft Bat	11	326	12	0	6	141004,-171900,-1777;141741,-169937,-1773;142012,-171900,-1777;142815,-172612,-1777;142991,-171918,-1777;144140,-170875,-1777
126	20425	Akaste Bone Soldier	12	363	13	0	5	141529,-170921,-1777;141946,-172742,-1779;142332,-171952,-1777;142659,-170816,-1777;144076,-170291,-1777
126	20540	Gemstone Beast	12	352	13	0	5	139904,-171165,-1777;140299,-172078,-1777;141987,-172315,-1777;143199,-171215,-1777;143498,-171774,-1777
126	20346	Darkstone Golem	13	545	21	0	3	141213,-171930,-1777;141442,-172185,-1776;141485,-170368,-1777
126	20423	Akaste Bone Archer	14	428	17	0	6	140778,-170157,-1777;141930,-172883,328;144538,-170266,-1777;144598,-176149,-1523;149040,-171092,360;150635,-170333,366
126	20435	Opal Beast	15	449	18	0	11	141992,-172658,364;142031,-172349,328;142031,-171562,364;142177,-170507,-1777;144475,-174458,-1521;144705,-174171,-1520;144891,-175507,-1521;145383,-174603,-1521
126	20449	Will-O-Wisp	15	533	22	0	7	141930,-172171,328;142234,-172875,336;142335,-172697,336;144937,-176182,-1523;147043,-175778,-1520;148559,-169909,366;149431,-170695,366
126	20389	Boogle Ratman	16	475	19	0	17	140490,-169326,-1777;142032,-172163,336;142171,-169662,364;142638,-171912,-1777;142716,-169477,364;143000,-169039,-1777;143147,-170303,-1777;144219,-169825,335
126	20422	Akaste Bone Warlord	17	612	26	0	17	141831,-170443,-1777;142316,-171648,364;142329,-172749,364;142667,-169673,-1777;142685,-169126,-1777;142706,-169812,364;143249,-169817,364;143542,-169880,-1774
126	20483	Corpse Candle	17	604	25	0	16	146789,-173846,2216;146809,-171044,2254;147090,-174574,2254;147859,-169151,2010;147998,-174202,2216;148151,-176822,110;148159,-172025,2254;148162,-168973,2010
126	20541	Ore Bat	17	499	21	0	12	147193,-173490,2216;147197,-171040,2254;147395,-174202,2216;147572,-177158,110;147871,-176665,110;147873,-171920,2254;148000,-173490,2216;148061,-169151,2010
126	20390	Boogle Ratman Leader	18	533	23	0	12	146943,-171516,2254;147090,-175269,2254;147637,-170620,2252;147661,-168889,2014;147698,-173312,2216;147828,-172379,2254;147998,-177805,110;148221,-173941,2254
126	20511	Pitchstone Golem	19	799	36	0	16	146790,-173490,2216;147252,-172418,2254;147371,-173561,2254;147457,-169863,2197;147460,-172882,2267;147467,-171508,2254;147563,-177644,68;147847,-176396,110
127	18001	Blood Queen	60	4536	394	0	4	178415,7332,-2676;178408,11230,-2618
127	20670	Crimson Drake	61	5465	481	0	3	178415,7332,-2676;178408,11230,-2618
127	20671	Kadios	62	5702	508	0	3	178415,7332,-2676;178408,11230,-2618
127	20672	Trives	63	5772	521	0	11	180585,7344,-2676;180600,11228,-2618;187562,8704,-2608;183984,6743,-2596
127	20673	Falibati	64	6016	551	0	14	180585,7344,-2676;180600,11228,-2618;187562,8704,-2608;183984,6743,-2596
127	20674	Doom Knight	65	8649	804	0	13	180585,7344,-2676;180600,11228,-2618;187562,8704,-2608;183984,6743,-2596
128	20363	Maraku Werewolf	9	321	11	0	4	-17825,-121065,-2162
128	20320	Goblin Tomb Raider Leader	12	427	16	0	13	-12906,-116108,-2202;-17064,-117200,-2302;-18094,-121185,-2252
128	20333	Greystone Golem	13	654	26	0	17	-12906,-116108,-2202;-17064,-117200,-2302;-18094,-121185,-2252;-15804,-110293,-2136
128	20428	Evil Eye Patroller	14	498	19	0	14	-12906,-116108,-2202;-17064,-117200,-2302;-18094,-121185,-2252
129	21257	Evil Eye Seer	18	646	28	0	4	-2553,-77625,-2554
129	21117	Kasha Imp	19	678	30	0	4	-2553,-77625,-2554
129	21119	Hobgoblin	21	764	35	0	17	-11300,-74984,-2242;-2553,-77625,-2554;-7752,-77194,-2688;-4440,-88644,-1968;-4682,-88089,-2364
129	21120	Kasha Imp Turen	22	996	47	0	11	-11300,-74984,-2242;-7752,-77194,-2688;-4440,-88644,-1968
129	21121	Kasha Dire Wolf	23	895	43	0	25	-11300,-74984,-2242;-7752,-77194,-2688;-4440,-88644,-1968;1022,-85612,-2082;896,-82915,-2608;828,-80911,-2642;2193,-78219,-2122;1573,-74534,-1904
129	21122	Kasha Bugbear	24	954	47	0	15	1022,-85612,-2082;896,-82915,-2608;828,-80911,-2642;2193,-78219,-2122;1573,-74534,-1904;3586,-83283,-2336
129	21123	Baar Dre Vanul Destroyer	25	1267	63	0	17	1022,-85612,-2082;896,-82915,-2608;828,-80911,-2642;2193,-78219,-2122;1573,-74534,-1904;3586,-83283,-2336
130	20292	Enku Orc Shaman	20	813	36	0	10	10530,141148,-1980;11739,134904,-3358;12127,139945,-2243;12867,138279,-3024;13684,136736,-3388;13800,134737,-3270;13885,136736,-3388;14272,135885,-3451
130	20291	Enku Orc Champion	21	927	43	0	7	10695,136579,-3091;11292,135506,-3123;11965,137224,-3184;13683,137804,-3388;15176,134456,-2776;17965,134723,-2808;18247,138008,-3290
130	20224	Ol Mahum Ranger	22	1059	50	0	3	16205,135852,-3257;17742,136262,-3312;21322,136898,-3353
130	20265	Monster Eye Searcher	22	1526	72	0	2	18327,141472,-3214;19370,137122,-3553
130	20062	Tumran Bugbear	23	878	42	0	4	16235,136834,-3292;17706,138656,-3304;19396,139463,-3388;20155,137471,-3634
130	21102	Watchman of the Plains	30	1335	73	0	5	9128,144806,-3167;10415,145941,-2604;11732,148215,-3074;13227,144416,-3016;14118,147967,-3169
130	21103	Roughly Hewn Rock Golem	31	1397	78	0	3	10530,147789,-2889;11700,145756,-2705;12549,146554,-2786
130	21104	Delu Lizardman Supplier	32	1754	99	0	4	11187,150455,-3310;11684,146785,-2817;12550,145316,-2882;13714,146063,-3035
131	20030	Langk Lizardman	15	534	22	0	2	-79619,158256,-3154;-75912,157019,-2718
132	20583	Timak Orc	40	2327	150	0	18	72619,80743,-3454;72435,81001,-3524;70273,87136,-3358;70333,86489,-3340;74822,85724,-3354;73515,90137,-3332
132	20584	Timak Orc Archer	41	3152	206	0	25	73374,68881,-3652;74957,74328,-3526;74933,74814,-3586;70147,75123,-3530;70230,76786,-3712;71338,71910,-3704;72619,80743,-3454;72435,81001,-3524
132	20585	Timak Orc Soldier	42	3114	207	0	51	70394,61547,-3468;72802,64162,-3514;71306,68181,-3732;73374,68881,-3652;74957,74328,-3526;74933,74814,-3586;70147,75123,-3530;70230,76786,-3712
132	20586	Timak Orc Warrior	43	2984	202	0	41	66979,43703,-3514;67504,49052,-3646;67568,49550,-3736;68830,54294,-3514;69356,54237,-3578;71220,50381,-3510;70856,57785,-3344;70394,61547,-3468
132	20587	Timak Orc Shaman	44	2815	193	0	21	66979,43703,-3514;67504,49052,-3646;67568,49550,-3736;68830,54294,-3514;69356,54237,-3578;71220,50381,-3510;70856,57785,-3344;70394,61547,-3468
132	20588	Timak Orc Overlord	45	3701	257	0	13	66979,43703,-3514;67504,49052,-3646;67568,49550,-3736;68830,54294,-3514;69356,54237,-3578;71220,50381,-3510;70856,57785,-3344
132	20767	Timak Orc Troop Leader	45	4801	334	0	48	66979,43703,-3514;67504,49052,-3646;68830,54294,-3514;71220,50381,-3510;70856,57785,-3344;70394,61547,-3468;72802,64162,-3514;71306,68181,-3732
133	20809	Ghost of the Tower	60	12135	1053	0	12	113343,14753,-5004;115968,14729,-5003;115958,17421,-5036;113331,17388,-5044
133	20810	Seer of Hallate	60	12135	1053	0	28	113343,14753,-5004;115968,14729,-5003;115958,17421,-5036;113331,17388,-5044;114648,16079,-3544;113409,14810,-3564;113392,17343,-3544;115930,17350,-3548
133	20811	Ghastly Warrior	61	14307	1257	0	12	113343,14753,-5004;115968,14729,-5003;115958,17421,-5036;113331,17388,-5044
133	20812	Archer of Despair	61	14125	1242	0	14	114648,16079,-3544;113409,14810,-3564;113392,17343,-3544;115930,17350,-3548;115906,14852,-3548
133	20813	Crendion	62	12828	1143	0	14	114648,16079,-3544;113409,14810,-3564;113392,17343,-3544;115930,17350,-3548;115906,14852,-3548
133	20814	Blader of Despair	62	14814	1320	0	12	113343,14753,-5004;115968,14729,-5003;115958,17421,-5036;113331,17388,-5044
133	20815	Hound Dog of Hallate	63	18332	1652	0	28	114648,16079,-3544;113409,14810,-3564;113392,17343,-3544;115930,17350,-3548;115906,14852,-3548;112654,16058,-588;112839,15207,-576;113111,16856,-584
133	20816	Hallate's Royal Guard	63	15295	1380	0	16	114647,16067,-2060;113345,14740,-2056;115957,14774,-2064;115974,17354,-2060
133	21075	Slaughter Bathin	63	13990	1262	0	5	113409,14810,-3564;113392,17343,-3544;115930,17350,-3548;115906,14852,-3548
133	20817	Corrupt Sage	64	15945	1458	0	14	114647,16067,-2060;113345,14740,-2056;115957,14774,-2064;115974,17354,-2060
133	20818	Hallate's Warrior	64	14778	1353	0	19	112654,16058,-588;112839,15207,-576;113111,16856,-584;113892,17589,-588;115497,17591,-576;116405,16862,-584;116631,16046,-592;116180,15225,-580
133	20819	Archer of Abyss	65	14668	1362	0	10	112654,16058,-588;112839,15207,-576;113111,16856,-584;113892,17589,-588;115497,17591,-576;116405,16862,-584;116631,16046,-592;116180,15225,-580
133	20820	Hallate's Knight	65	29240	2716	0	16	114647,16067,-2060;113345,14740,-2056;115957,14774,-2064;115974,17354,-2060
133	20977	Elmoradan's Lady	65	15026	1396	0	2	113124,13680,-641;115620,18265,-641
133	20821	Erin Ediunce	66	21339	2008	0	15	112654,16058,-588;112839,15207,-576;113111,16856,-584;113892,17589,-588;115497,17591,-576;116405,16862,-584;116631,16046,-592;116180,15225,-580
133	20822	Hallate's Maid	66	19856	1868	0	14	114647,16067,-2060;113345,14740,-2056;115957,14774,-2064;115974,17354,-2060
133	20823	Platinum Tribe Soldier	67	23056	2196	0	13	113368,16067,2012;114677,14743,2004;115803,14964,2008;114658,16066,2012;114658,17376,2012;113499,17170,2012
133	20824	Hallate's Commander	67	20736	1972	0	17	113476,16850,988;114665,16494,988;115925,15866,988;116334,14373,988;115568,13868,988;113737,13878,996;112948,14381,996;112925,17804,996
133	20825	Hallate's Inspector	68	21655	2092	0	16	113476,16850,988;114665,16494,988;115925,15866,988;116334,14373,988;115568,13868,988;113737,13878,996;112948,14381,996;112925,17804,996
133	20826	Platinum Tribe Archer	68	22950	2217	0	12	113368,16067,2012;114677,14743,2004;115803,14964,2008;114658,16066,2012;114658,17376,2012;113499,17170,2012
133	20980	Hallate's Follower Mul	68	15212	1470	0	2	113664,15025,932;115973,15260,932
133	20827	Platinum Tribe Warrior	69	23963	2344	0	15	113368,16067,2012;114677,14743,2004;115803,14964,2008;114658,16066,2012;114658,17376,2012;113499,17170,2012
133	21061	Hallate's Guardian	69	25584	2500	0	17	113476,16850,988;114665,16494,988;115925,15866,988;116334,14373,988;115568,13868,988;113737,13878,996;112948,14381,996;112925,17804,996
133	20828	Platinum Tribe Shaman	70	29405	2915	0	8	114359,16095,3056;114243,14613,3096;113150,15418,3095;113024,16453,3020;114478,17471,3094;115565,15108,3012;114624,18490,3095
133	21062	Messenger Angel	70	0	0	0	10	114184,14862,4107;115261,14564,4105;115833,15575,4105;114670,16054,4107;115155,17251,4108;116114,16672,4106
133	21078	Magus Valac	70	16962	1682	0	3	114359,16095,3056;114483,17487,3024;115565,15108,3012
133	20829	Platinum Tribe Overlord	71	42246	4235	0	9	114359,16095,3056;113150,15418,3095;113024,16453,3020;114478,17471,3094;115565,15108,3012;114624,18490,3095
133	21064	Platinum Guardian Archer	71	32037	3212	0	7	114184,14862,4107;115261,14564,4105;115833,15575,4105;114670,16054,4107;115155,17251,4108;116114,16672,4106
133	20830	Guardian Angel	72	0	0	0	20	114359,16095,3056;114243,14613,3096;113150,15418,3095;114478,17471,3094;115565,15108,3012;114624,18490,3095;113378,16122,5115;113536,17155,5118
133	21065	Platinum Guardian Warrior	72	30181	3065	0	10	114184,14862,4107;115261,14564,4105;115833,15575,4105;114670,16054,4107;115155,17251,4108;116114,16672,4106
133	20831	Seal Angel	73	0	0	0	10	114687,16080,6058;115569,13828,6044;116364,14361,6048;114648,13646,6048;116360,17764,6056;114651,18498,6056;113716,18308,6056;112930,17774,6048
133	20983	Binder	73	20684	2128	0	3	113272,16063,5040;114629,17463,5040;116016,16068,5036
133	21066	Platinum Guardian Shaman	73	32645	3360	0	22	113378,16122,5115;114357,17162,5116;115584,17251,5115;115981,16053,5113;115524,14771,5044;114683,15216,5109;114401,17854,7065;114880,14272,7061
133	21067	Guardian Archangel	74	0	0	0	19	114401,17854,7065;114880,14272,7061;113525,17182,7064;115755,14948,7060;115193,16587,7056;113719,15114,7048;114637,16062,8052;114612,17074,8064
133	21069	Platinum Guardian Prefect	74	44545	4640	0	22	113378,16122,5115;113536,17155,5118;114357,17162,5116;115981,16053,5113;115524,14771,5044;114683,15216,5109;113760,14804,5110;114687,16080,6058
133	21070	Seal Archangel	75	0	0	0	10	114687,16080,6058;115569,13828,6044;116364,14361,6048;114648,13646,6048;116360,17764,6056;114651,18498,6056;113716,18308,6056;112930,17774,6048
133	21072	Platinum Guardian Chief	75	33761	3560	0	13	114401,17854,7065;114880,14272,7061;113525,17182,7064;115755,14948,7060;115193,16587,7056;113719,15114,7048;114637,16062,8052;115628,16024,8056
133	21081	Power Angel Amon	75	17774	1874	0	2	114401,17854,7065;113719,15114,7048
134	21278	Antelope	68	4304	416	0	1	154266,-57607,-3273
134	21281	Antelope	68	3026	292	0	1	154266,-57607,-3273
134	21282	Bandersnatch	69	4520	442	0	1	154266,-57607,-3273
135	27321	Bruin Lizardman	20	0	0	0	5	93706,-137005,-2949;93813,-137539,-2989;93889,-137494,-2989;94064,-137600,-2979;94324,-137725,-2954
136	20500	Turek Orc Sentinel	25	1844	92	0	3	-93700,117821,-3226
136	20499	Turek Orc Footman	26	1964	98	0	10	-97068,114766,-3336;-96850,119015,-3284;-93700,117821,-3226;-90513,116061,-3236
136	20496	Turek Orc Archer	27	2152	110	0	11	-97068,114766,-3336;-96850,119015,-3284;-93700,117821,-3226;-90513,116061,-3236
136	20498	Turek Orc Supplier	27	2070	106	0	16	-99534,102153,-3342;-99529,106314,-3365;-97068,114766,-3336;-96850,119015,-3284;-93700,117821,-3226;-90513,116061,-3236
136	20497	Turek Orc Skirmisher	28	2234	116	0	16	-99534,102153,-3342;-99529,106314,-3365;-97068,114766,-3336;-96850,119015,-3284;-93700,117821,-3226;-90513,116061,-3236
136	20501	Turek Orc Shaman	29	2312	124	0	24	-99534,102153,-3342;-99529,106314,-3365;-97068,114766,-3336;-93700,117821,-3226;-90513,116061,-3236;-97167,110623,-3512;-97031,114330,-3462;-97184,117980,-3306
136	20495	Turek Orc Warlord	30	2780	152	0	13	-99534,102153,-3342;-97167,110623,-3512;-97031,114330,-3462;-97184,117980,-3306;-93909,117694,-3466;-91993,119335,-3334;-90984,115172,-3394
136	20546	Turek Orc Elder	34	1714	100	0	8	-97167,110623,-3512;-97031,114330,-3462;-97184,117980,-3306;-93909,117694,-3466;-91993,119335,-3334;-90984,115172,-3394
137	20563	Manashen Gargoyle	40	2769	179	0	5	83539,12457,-5284
137	20564	Enchanted Monstereye	41	2493	163	0	7	83539,12457,-5284;81482,15546,-5248
137	20565	Enchanted Stone Golem	42	3627	242	0	7	83539,12457,-5284;81482,15546,-5248
137	27098	Ghost Fire	42	0	0	0	4	81394,18546,-5198
137	20566	Enchanted Iron Golem	43	3802	257	0	10	81482,15546,-5248;81604,18912,-5256
137	20567	Enchanted Gargoyle	44	3350	229	0	3	81604,18912,-5256
137	20235	Shackle	45	2974	207	0	7	81604,18912,-5256
137	20569	Formor Elder	46	3200	227	0	4	76201,17710,-3810
137	20570	Tarlk Bugbear	47	3212	230	0	3	76201,17710,-3810
137	20571	Tarlk Bugbear Warrior	48	3793	277	0	3	76201,17710,-3810
138	21520	Eye of Splendor	60	7466	648	0	7	66918,-72319,-3644;68699,-72283,-3652;70088,-72798,-3636;70602,-70396,-3652;73879,-70692,-3580;72641,-74747,-3644
138	21521	Claws of Splendor	60	7340	637	0	20	75273,-75920,-3484;70426,-77532,-3828;68228,-75354,-3736;68876,-79230,-3712;68471,-81708,-3436;69624,-83296,-3396;70673,-84741,-3176;74126,-82686,-3412
138	21523	Flash of Splendor	61	7529	663	0	46	66918,-72319,-3644;68699,-72283,-3652;70088,-72798,-3636;70602,-70396,-3652;73879,-70692,-3580;72641,-74747,-3644;75273,-75920,-3484;73671,-76193,-3548
138	21524	Blade of Splendor	61	8028	707	0	48	66918,-72319,-3644;68699,-72283,-3652;70088,-72798,-3636;70602,-70396,-3652;73879,-70692,-3580;72641,-74747,-3644;75273,-75920,-3484;73671,-76193,-3548
138	21526	Wisdom of Splendor	62	9220	822	0	27	66918,-72319,-3644;68699,-72283,-3652;70088,-72798,-3636;70602,-70396,-3652;73879,-70692,-3580;72641,-74747,-3644;75273,-75920,-3484;70426,-77532,-3828
138	21527	Anger of Splendor	63	8132	734	0	12	79357,-80719,-3840;82352,-79301,-3850;79660,-78563,-3849;80163,-76731,-3838;78727,-74654,-3187;80302,-71249,-3393;82546,-71568,-3349;84162,-72652,-3399
138	21529	Soul of Splendor	63	7377	666	0	15	69624,-83296,-3396;70576,-87000,-3048;69229,-87267,-2892;74126,-82686,-3412;74550,-86006,-3276;76073,-84360,-3384;77990,-85268,-3468;79572,-87450,-3400
138	21541	Pilgrim of Splendor	63	9944	898	0	8	74126,-82686,-3412;76073,-84360,-3384;77990,-85268,-3468;79572,-87450,-3400;79357,-80719,-3840;82352,-79301,-3850;79660,-78563,-3849;80163,-76731,-3838
138	21530	Victory of Splendor	64	8006	733	0	22	83110,-86363,-3171;83221,-83235,-3399;84696,-84508,-3427;87652,-84177,-3491;85972,-80127,-3509;89444,-74067,-3508;89530,-77806,-3610;92798,-82610,-2706
138	21531	Punishment of Splendor	64	8837	809	0	22	83110,-86363,-3171;83221,-83235,-3399;84696,-84508,-3427;87652,-84177,-3491;85972,-80127,-3509;89444,-74067,-3508;89530,-77806,-3610;92798,-82610,-2706
138	21532	Shout of Splendor	65	9456	879	0	25	83110,-86363,-3171;83221,-83235,-3399;84696,-84508,-3427;87652,-84177,-3491;85972,-80127,-3509;89444,-74067,-3508;89530,-77806,-3610;92798,-82610,-2706
138	21533	Alliance of Splendor	65	7767	722	0	25	83110,-86363,-3171;83221,-83235,-3399;84696,-84508,-3427;87652,-84177,-3491;85972,-80127,-3509;89444,-74067,-3508;89530,-77806,-3610;92798,-82610,-2706
138	21535	Signet of Splendor	66	9331	878	0	15	80700,-92457,-2939;82381,-91065,-2931;83933,-89806,-2620;85984,-89575,-2647;87971,-89118,-2680;90189,-91710,-2593;92240,-91049,-2592;93688,-91062,-2596
138	21536	Crown of Splendor	66	9487	893	0	12	80700,-92457,-2939;82381,-91065,-2931;83933,-89806,-2620;85984,-89575,-2647;87971,-89118,-2680;90189,-91710,-2593;92240,-91049,-2592;93688,-91062,-2596
138	21537	Fang of Splendor	67	8905	848	0	19	80700,-92457,-2939;82641,-92166,-2935;82381,-91065,-2931;83933,-89806,-2620;84642,-91578,-2554;85984,-89575,-2647;87971,-89118,-2680;90189,-91710,-2593
138	21539	Wailing of Splendor	67	9685	922	0	14	80700,-92457,-2939;82641,-92166,-2935;82381,-91065,-2931;83933,-89806,-2620;84642,-91578,-2554;85984,-89575,-2647;87971,-89118,-2680;90189,-91710,-2593
138	21544	Judge of Splendor	67	11331	1079	0	8	87652,-84177,-3491;85972,-80127,-3509;89530,-77806,-3610;72472,-90179,-3141;75564,-91630,-3197;78814,-91856,-3213;90189,-91710,-2593;96300,-90347,-2596
138	27214	Guardian of Forbidden Knowledge	76	0	0	0	10	93945,-88602,-3756
138	27215	Guardian of Forbidden Knowledge	76	0	0	0	10	80061,-72858,-4421
139	21350	Varka Silenos Recruit	77	19702	2132	0	34	121388,-38689,-3854;119880,-36460,-3244;125721,-37947,-3742;127666,-39744,-3506;129504,-45160,-3298;129802,-41307,-3298
139	21351	Varka Silenos Footman	77	16974	1836	0	28	121388,-38689,-3854;119880,-36460,-3244;125721,-37947,-3742;127666,-39744,-3506;129504,-45160,-3298;129802,-41307,-3298
139	21352	Grazing Antelope	77	18030	1950	0	36	121388,-38689,-3854;119880,-36460,-3244;125721,-37947,-3742;127666,-39744,-3506;129504,-45160,-3298;129802,-41307,-3298
139	21353	Varka Silenos Scout	78	19812	2168	0	12	118676,-42952,-3038;120536,-42457,-3054;122272,-43176,-3126;123112,-41934,-3318;124374,-43553,-3246;117551,-41184,-3650
139	21354	Varka Silenos Hunter	78	19632	2148	0	16	118676,-42952,-3038;120536,-42457,-3054;122272,-43176,-3126;123112,-41934,-3318;124374,-43553,-3246;122870,-44758,-3078;117551,-41184,-3650
139	21355	Varka Silenos Shaman	79	18506	2104	0	12	118676,-42952,-3038;120536,-42457,-3054;122272,-43176,-3126;123112,-41934,-3318;124374,-43553,-3246;117551,-41184,-3650
139	21356	Grazing Nepenthes	79	18500	2102	0	14	118676,-42952,-3038;120536,-42457,-3054;122272,-43176,-3126;123112,-41934,-3318;124374,-43553,-3246;122870,-44758,-3078;117551,-41184,-3650
139	21357	Varka Silenos Priest	80	19539	2306	0	8	122802,-45844,-2970;121399,-46218,-2694;119379,-45951,-2674;119737,-47006,-2678
139	21358	Varka Silenos Warrior	80	20479	2418	0	12	122802,-45844,-2970;121399,-46218,-2694;119379,-45951,-2674;119737,-47006,-2678;123988,-47052,-2878
139	21359	Grazing Bandersnatch	80	18967	2266	0	10	122802,-45844,-2970;121399,-46218,-2694;119379,-45951,-2674;119737,-47006,-2678;123988,-47052,-2878
139	21360	Varka Silenos Medium	80	30214	3608	0	10	121399,-46218,-2694;119379,-45951,-2674;119737,-47006,-2678;123988,-47052,-2878
139	21369	Varka's Commander	80	30331	3622	0	6	121388,-38689,-3854;127666,-39744,-3506;123112,-41934,-3318
139	21371	Varka's Head Magus	80	23500	2942	0	2	121399,-46218,-2694
140	21350	Varka Silenos Recruit	77	19702	2132	0	8	115589,-35620,-3148;113128,-37070,-3208;111857,-39298,-3314;111980,-41565,-3342
140	21351	Varka Silenos Footman	77	16974	1836	0	14	115589,-35620,-3148;113128,-37070,-3208;111857,-39298,-3314;111980,-41565,-3342
140	21352	Grazing Antelope	77	18030	1950	0	8	115589,-35620,-3148;113128,-37070,-3208;111857,-39298,-3314;111980,-41565,-3342
140	21353	Varka Silenos Scout	78	19812	2168	0	12	127258,-57441,-3550;124433,-60932,-3414;116409,-43489,-3602
140	21354	Varka Silenos Hunter	78	19632	2148	0	10	127258,-57441,-3550;124433,-60932,-3414;116409,-43489,-3602
140	21355	Varka Silenos Shaman	79	18506	2104	0	8	127258,-57441,-3550;124433,-60932,-3414;116409,-43489,-3602
140	21356	Grazing Nepenthes	79	18500	2102	0	12	127258,-57441,-3550;124433,-60932,-3414;116409,-43489,-3602
140	21357	Varka Silenos Priest	80	19539	2306	0	18	117255,-45833,-3658;117518,-47661,-3662;118131,-49330,-3546;119853,-49778,-3518;121665,-49656,-3370;125128,-50600,-2502;123780,-52457,-2402
140	21358	Varka Silenos Warrior	80	20479	2418	0	20	117255,-45833,-3658;117518,-47661,-3662;118131,-49330,-3546;119853,-49778,-3518;121665,-49656,-3370;125128,-50600,-2502;123780,-52457,-2402
140	21359	Grazing Bandersnatch	80	18967	2266	0	18	117255,-45833,-3658;117518,-47661,-3662;118131,-49330,-3546;119853,-49778,-3518;121665,-49656,-3370;125128,-50600,-2502;123780,-52457,-2402
140	21360	Varka Silenos Medium	80	30214	3608	0	18	117255,-45833,-3658;117518,-47661,-3662;118131,-49330,-3546;119853,-49778,-3518;121665,-49656,-3370;125128,-50600,-2502;123780,-52457,-2402
140	21361	Varka Silenos Magus	80	18299	2212	0	20	121973,-53745,-2394;120933,-57681,-2122;119157,-54984,-2318;117609,-52130,-2406;115852,-55841,-2494
140	21362	Varka Silenos Officer	80	21517	2600	0	16	121973,-53745,-2394;120933,-57681,-2122;119157,-54984,-2318;117609,-52130,-2406;115852,-55841,-2494
140	21363	Grazing Flava	80	19915	2434	0	22	121973,-53745,-2394;120933,-57681,-2122;119157,-54984,-2318;117609,-52130,-2406;115852,-55841,-2494
140	21364	Varka Silenos Seer	80	25234	3086	0	16	121973,-53745,-2394;120933,-57681,-2122;119157,-54984,-2318;117609,-52130,-2406;115852,-55841,-2494
140	21365	Varka Silenos Great Magus	80	21912	2710	0	34	114122,-48504,-2534;114217,-44918,-2706;114212,-42387,-2682;115178,-39494,-2386;112243,-43948,-2644;110347,-42577,-2466;113220,-55335,-2646;111183,-55324,-2734
140	21366	Varka Silenos General	80	24180	2992	0	24	114122,-48504,-2534;114217,-44918,-2706;114212,-42387,-2682;115178,-39494,-2386;110923,-44024,-2496;110347,-42577,-2466;113220,-55335,-2646;111183,-55324,-2734
140	21367	Grazing Elder Antelope	80	20888	2614	0	36	114122,-48504,-2534;114217,-44918,-2706;114212,-42387,-2682;115178,-39494,-2386;112243,-43948,-2644;110923,-44024,-2496;113220,-55335,-2646;111183,-55324,-2734
140	21368	Varka Silenos Great Seer	80	32253	4038	0	32	114122,-48504,-2534;114217,-44918,-2706;114212,-42387,-2682;115178,-39494,-2386;112243,-43948,-2644;110923,-44024,-2496;110347,-42577,-2466;113220,-55335,-2646
140	21369	Varka's Commander	80	30331	3622	0	4	127258,-57441,-3550;124433,-60932,-3414
140	21371	Varka's Head Magus	80	23500	2942	0	8	125128,-50600,-2502;123780,-52457,-2402;120933,-57681,-2122;119157,-54984,-2318
140	21373	Varka's Prophet	80	34378	4408	0	10	114122,-48504,-2534;114217,-44918,-2706;113220,-55335,-2646;111183,-55324,-2734;107756,-47930,-2050
141	21294	Canyon Antelope	68	13786	1332	0	16	167422,-49250,-3421;166797,-46344,-3312;169807,-53591,-3405;168812,-59954,-3695;173226,-61873,-3106
141	21295	Canyon Antelope Slave	69	14622	1430	0	17	167422,-49250,-3421;166797,-46344,-3312;169807,-53591,-3405;168812,-59954,-3695;173226,-61873,-3106;173474,-59147,-3191;175521,-60678,-3098;176993,-62300,-2944
141	21296	Canyon Bandersnatch	70	21732	2154	0	16	173474,-59147,-3191;175521,-60678,-3098;176993,-62300,-2944;175393,-54971,-3245;177616,-57593,-3102;168854,-42813,-3268;181665,-60419,-2896;182859,-58878,-2986
141	21297	Canyon Bandersnatch Slave	71	21826	2190	0	16	177616,-57593,-3102;181665,-60419,-2896;182859,-58878,-2986;189074,-58441,-2801;187444,-57168,-2820
141	21298	Eye of Restrainer	71	14046	1410	0	9	177298,-50603,-3232;168449,-40205,-3362;176555,-37572,-3215
141	21299	Buffalo Slave	72	22443	2280	0	11	177298,-50603,-3232;168449,-40205,-3362;168420,-38263,-3346;180486,-52818,-3209;174365,-35945,-3359
141	21300	Eye of Guide	72	22081	2241	0	11	177298,-50603,-3232;168420,-38263,-3346;168655,-36993,-3258;170156,-36727,-3258;176555,-37572,-3215
141	21301	Gaze of Nightmare	72	26496	2692	0	11	170156,-36727,-3258;170655,-39298,-3385;171832,-38548,-3431;180554,-51156,-3159;176555,-37572,-3215;175410,-42257,-3192
141	21302	Eye of Watchman	73	21315	2193	0	12	170156,-36727,-3258;170655,-39298,-3385;171832,-38548,-3431;180486,-52818,-3209;180554,-51156,-3159;175410,-42257,-3192;177842,-45694,-3261
141	21303	Homunculus	73	21555	2217	0	10	172405,-49756,-3314;177516,-43339,-3197;177842,-45694,-3261;180036,-46585,-3206
141	21304	Grendel Slave	74	31671	3300	0	9	172405,-49756,-3314;171955,-47526,-3314;180036,-46585,-3206;180069,-39597,-2969
141	21305	Eye of Pilgrim	74	23324	2430	0	9	171955,-47526,-3314;180082,-41552,-3021;180069,-39597,-2969
141	21306	Disciples of Protection	74	42206	4400	0	13	183627,-48812,-3038;184754,-50682,-2999;187696,-50220,-2833
141	21312	Eye of Ruler	74	32256	3363	0	5	180486,-52818,-3209;175410,-42257,-3192;180036,-46585,-3206;180082,-41552,-3021
141	21307	Elder Homunculus	75	29576	3120	0	16	183627,-48812,-3038;184754,-50682,-2999;187696,-50220,-2833;182678,-36587,-2856;189530,-37480,-2948
141	21308	Disciples of Punishment	75	39299	4145	0	42	187696,-50220,-2833;182678,-36587,-2856;189530,-37480,-2948;189326,-35132,-2837;191091,-35810,-2797;193314,-36849,-2738;191169,-42087,-2819;193898,-48545,-2807
141	21309	Disciples of Punishment	75	40961	4320	0	42	187696,-50220,-2833;182678,-36587,-2856;189530,-37480,-2948;191091,-35810,-2797;193314,-36849,-2738;191169,-42087,-2819;193898,-48545,-2807;192139,-50681,-2807
141	21310	Disciples of Authority	76	40354	4315	0	32	189530,-37480,-2948;189326,-35132,-2837;193314,-36849,-2738;191169,-42087,-2819;193898,-48545,-2807;192139,-50681,-2807
141	21311	Disciples of Authority	76	37206	3975	0	31	189530,-37480,-2948;189326,-35132,-2837;193314,-36849,-2738;191169,-42087,-2819;193898,-48545,-2807;192139,-50681,-2807
142	20659	Grave Wanderer	45	4123	287	0	22	161541,17142,-3656;162207,23463,-3524;160096,28942,-3448;165924,17881,-3404;167272,27848,-3612;165463,23308,-3368
142	20660	Archer of Greed	46	4048	287	0	21	161541,17142,-3656;162207,23463,-3524;160096,28942,-3448;165924,17881,-3404;167272,27848,-3612;165463,23308,-3368
142	20661	Hatar Ratman Thief	47	3823	274	0	23	161541,17142,-3656;162207,23463,-3524;160096,28942,-3448;165924,17881,-3404;167272,27848,-3612;165463,23308,-3368
142	20662	Hatar Ratman Boss	48	3987	291	0	30	162260,7536,-3814;158324,5554,-4160;155395,6223,-4228;155073,10993,-4060;160538,12690,-3848;167002,6626,-2780;167262,11008,-2740;167033,14325,-3316
142	20663	Hatar Hanishee	49	3492	258	0	24	162260,7536,-3814;158324,5554,-4160;155395,6223,-4228;155073,10993,-4060;160538,12690,-3848;167002,6626,-2780;167262,11008,-2740;167033,14325,-3316
142	20664	Deprive	50	3672	277	0	37	155555,1607,-4200;158989,1298,-4190;160426,2924,-4072;161628,1049,-3404;162739,3005,-3586;162260,7536,-3814;158324,5554,-4160;155395,6223,-4228
142	20665	Taik Orc Supply	51	4501	343	0	8	155555,1607,-4200;158989,1298,-4190;160426,2924,-4072;161628,1049,-3404;162739,3005,-3586
142	20667	Farcran	53	4813	378	0	9	155555,1607,-4200;158989,1298,-4190;160426,2924,-4072;161628,1049,-3404;162739,3005,-3586
143	20067	Monster Eye Watcher	25	992	50	0	23	-44942,180738,-3438;-43666,182584,-3575;-44439,185251,-3468;-42420,179604,-3454;-36601,171745,-3592;-34857,168868,-3592;-28210,198028,-3584;-26859,200961,-3614
143	20068	Monster Eye Destroyer	26	1078	54	0	13	-44942,180738,-3438;-43666,182584,-3575;-42762,184209,-3414;-42866,186877,-3444;-39024,176152,-3556;-6355,188481,-3517;-22580,200897,-3898;-11948,199531,-3506
143	20070	Lesser Basilisk	27	1124	58	0	38	-43666,182584,-3575;-44439,185251,-3468;-42762,184209,-3414;-42866,186877,-3444;-39880,185057,-3469;-42420,179604,-3454;-34857,168868,-3592;-34061,171128,-3757
143	20072	Basilisk	28	1189	62	0	42	-41545,185301,-3438;-37843,186465,-3469;-37147,189227,-3469;-33721,192944,-3469;-39024,176152,-3556;-36601,171745,-3592;-33845,174091,-4150;-36514,176342,-3703
143	20074	Androscorpio	29	1243	67	0	33	-37843,186465,-3469;-37147,189227,-3469;-33725,190768,-3469;-33721,192944,-3469;-34061,171128,-3757;-35718,174122,-4000;-36514,176342,-3703;-39294,179722,-3836
143	20075	Ant Larva	29	1139	61	0	31	-27988,174162,-4789;-29205,175183,-5186;-28958,176576,-5191;-27246,176588,-5263;-22634,190175,-5450;-22276,192426,-5366;-21477,192522,-5388;-20487,192377,-5469
143	20190	Skeleton Marauder	29	1306	70	0	10	-6355,188481,-3517;-5004,193194,-3363;-25169,197534,-3767;-19347,198655,-3990;-14832,198189,-3742
143	20077	Androscorpio Hunter	30	1308	72	0	37	-37843,186465,-3469;-37147,189227,-3469;-33725,190768,-3469;-33845,174091,-4150;-38908,182824,-3900;-36397,180240,-4074;-34024,179932,-4099;-30120,173330,-4069
143	20079	Ant	30	1308	72	0	65	-36397,180240,-4074;-9730,191331,-4055;-27988,174162,-4789;-29205,175183,-5186;-28958,176576,-5191;-27246,176588,-5263;-26174,177474,-5263;-25512,178110,-5263
143	20191	Skeleton Raider	30	1335	73	0	24	-6355,188481,-3517;-9002,186507,-3365;-7568,194178,-3948;-11161,193987,-3745;-9730,191331,-4055;-19855,195297,-4036;-24897,195438,-3808;-19347,198655,-3990
143	20080	Ant Captain	31	1425	79	0	71	-34024,179932,-4099;-11161,193987,-3745;-12337,190016,-4044;-26240,175947,-4092;-28958,176576,-5191;-27246,176588,-5263;-26174,177474,-5263;-28196,177515,-5190
143	20081	Ant Overseer	32	2400	134	0	47	-26174,177474,-5263;-24636,177527,-5263;-25512,178110,-5263;-27615,178598,-5191;-26884,177549,-5191;-20427,190371,-5460;-24448,187133,-5399;-23876,188456,-5393
143	20082	Ant Recruit	33	1451	83	0	36	-24636,177527,-5263;-23485,177059,-5263;-25512,178110,-5263;-27615,178598,-5191;-28811,178426,-5192;-20427,190371,-5460;-24448,187133,-5399;-21965,188523,-5476
143	20083	Granite Golem	33	2239	129	0	70	-35853,191656,-3469;-35510,184026,-3910;-36397,180240,-4074;-34024,179932,-4099;-7568,194178,-3948;-11161,193987,-3745;-13722,195580,-3759;-12922,192452,-3975
143	21014	Lesser Warlike Tyrant	33	1987	114	0	10	-53027,179721,-2942;-55739,181868,-2672;-48119,183002,-2902;-31870,198301,-3391;-31799,203512,-3183
143	20084	Ant Patrol	34	1667	97	0	68	-18742,178396,-5337;-24636,177527,-5263;-23485,177059,-5263;-25512,178110,-5263;-24581,179452,-5352;-28811,178426,-5192;-30070,180557,-5201;-20219,187775,-5546
143	20085	Puncher	34	2424	142	0	44	-35853,191656,-3469;-35510,184026,-3910;-13722,195580,-3759;-12922,192452,-3975;-12337,190016,-4044;-16636,188639,-4179;-20269,193081,-4146;-23409,193620,-4234
143	21015	Ol Mahum Van Leader	34	2040	119	0	11	-31870,198301,-3391;-30416,201308,-3272;-28576,203668,-3183;-31799,203512,-3183
143	20086	Ant Guard	35	1484	88	0	67	-18742,178396,-5337;-18893,181996,-5496;-24581,179452,-5352;-28811,178426,-5192;-30070,180557,-5201;-27767,180274,-5271;-26219,180961,-5341;-27264,182546,-5341
143	20087	Ant Soldier	35	3560	210	0	83	-35510,184026,-3910;-18394,180096,-5466;-17747,180884,-5464;-20017,183878,-5638;-25283,180485,-5352;-30070,180557,-5201;-31243,180773,-5201;-27767,180274,-5271
143	20192	Tyrant	35	1781	105	0	44	-33519,185537,-4099;-16636,188639,-4179;-20269,193081,-4146;-23409,193620,-4234;-25280,190956,-4053;-25590,187678,-4168;-29240,183622,-3961;-31114,179463,-4043
143	20745	Gigantiops	35	2681	159	0	33	-12337,190016,-4044;-16636,188639,-4179;-25590,187678,-4168;-29240,183622,-3961;-31114,179463,-4043;-28299,179707,-4071;-22415,178901,-4032;-30120,173330,-4069
143	21016	Warlike Tyrant	35	2192	130	0	12	-31870,198301,-3391;-30416,201308,-3272;-28576,203668,-3183;-31799,203512,-3183
143	20088	Ant Warrior Captain	36	3968	240	0	101	-16636,188639,-4179;-18742,178396,-5337;-18394,180096,-5466;-17747,180884,-5464;-19461,183314,-5549;-20017,183878,-5638;-25283,180485,-5352;-30070,180557,-5201
143	20193	Tyrant Kingpin	36	1922	116	0	18	-33519,185537,-4099;-25280,190956,-4053;-25590,187678,-4168;-29240,183622,-3961;-31114,179463,-4043;-28299,179707,-4071
143	20089	Noble Ant	37	1659	102	0	91	-18394,180096,-5466;-17747,180884,-5464;-19461,183314,-5549;-20017,183878,-5638;-24581,179452,-5352;-25283,180485,-5352;-27767,180274,-5271;-26219,180961,-5341
143	20090	Noble Ant Leader	38	3658	228	0	35	-19461,183314,-5549;-20017,183878,-5638;-27264,182546,-5341;-28116,182108,-5275;-28950,183142,-5275;-23866,182472,-5545;-23140,184104,-5648;-21665,186202,-5618
144	21100	Langk Lizardman Sentinel	19	691	31	0	2	-20539,213291,-3704;-18218,213876,-3704
144	20059	Hungry Eye	22	821	39	0	8	-21108,213660,-3706;-21043,212401,-3704;-19800,214526,-3704;-17434,215565,-3703;-12211,202490,-2770;-11980,201872,-2760;-11779,201872,-2768;-11678,202050,-2792
144	20357	Langk Lizardman Lieutenant	22	821	39	0	4	-21692,211867,-3285;-19511,215314,-3704;-16601,213921,-3704;-15149,213639,-3704
144	20063	Ol Mahum Shooter	24	963	47	0	5	-12384,202940,-2800;-12081,202406,-2776;-12081,203118,-2870;-11954,202830,-3504;-11377,202228,-2852
144	20066	Ol Mahum Captain	25	1052	53	0	7	-13214,204534,-2701;-12584,202228,-2712;-11578,202584,-2888;-11477,202050,-2816;-11075,202050,-2866;-10476,205377,-3566;-10463,203058,-3159
144	20067	Monster Eye Watcher	25	992	50	0	3	-19313,203668,-3660
144	20068	Monster Eye Destroyer	26	1078	54	0	4	-19313,203668,-3660;-19131,201799,-3898
144	20070	Lesser Basilisk	27	1124	58	0	2	-19313,203668,-3660
144	20072	Basilisk	28	1189	62	0	4	-19131,201799,-3898;-16009,200985,-3898
144	20190	Skeleton Marauder	29	1306	70	0	1	-16009,200985,-3898
144	27105	Mimi The Cat	39	0	0	0	1	-24003,207704,-3305
145	21001	Wretched Archer	55	5856	473	0	3	165533,-11258,-3088
145	21002	Doom Scout	56	5163	424	0	2	165533,-11258,-3088
145	21003	Grave Lich	57	4725	393	0	4	165533,-11258,-3088
145	21004	Dismal Pole	58	5239	443	0	27	170623,-11738,-2900;172881,-15061,-3028;169477,-14383,-2732;172114,-17729,-2984;173917,-20772,-3272
145	21005	Grave Predator	59	5732	490	0	32	170623,-11738,-2900;172881,-15061,-3028;169477,-14383,-2732;172114,-17729,-2984;173917,-20772,-3272
145	21006	Doom Servant	60	5447	473	0	31	170623,-11738,-2900;172881,-15061,-3028;169477,-14383,-2732;172114,-17729,-2984;173917,-20772,-3272
145	21009	Doom Trooper	63	7966	719	0	10	173277,-23788,-3244;170957,-21720,-2904
145	21010	Doom Warrior	64	6380	584	0	6	173277,-23788,-3244;170957,-21720,-2904
145	20674	Doom Knight	65	8649	804	0	10	173277,-23788,-3244;170957,-21720,-2904
146	20681	Vanor Silenos	45	3092	215	0	10	137467,20401,-3552;134607,24619,-3484;135076,28826,-3444;137098,31718,-3524
146	20682	Vanor Silenos Grunt	46	3077	218	0	18	137467,20401,-3552;134607,24619,-3484;135076,28826,-3444;137098,31718,-3524
146	20683	Vanor Silenos Scout	47	4004	287	0	15	137467,20401,-3552;134607,24619,-3484;135076,28826,-3444;137098,31718,-3524
147	20370	Barbed Bat	12	427	16	0	4	129919,-205083,-3372;133198,-204092,-3448
147	20510	Puma	12	423	16	0	3	133198,-204092,-3448
147	20528	Goblin Lord	13	458	18	0	9	129919,-205083,-3372;130094,-209378,-3542;133198,-204092,-3448;132017,-208635,-3584
147	20323	Goblin Brigand Leader	14	508	20	0	2	132620,-198753,-3412
147	20521	Whinstone Golem	14	705	27	0	2	132620,-198753,-3412
147	20777	Hunter Bear	14	498	19	0	20	137311,-198794,-3560;138187,-202095,-3588;136935,-202962,-3596
147	20502	Twink Puma	15	539	22	0	16	142282,-201340,-3200;144241,-204346,-3108;141440,-205863,-3510;138643,-207166,-3564;140524,-210119,-3456;143906,-209226,-3452;136609,-209980,-3588;140022,-212653,-3665
147	20526	Obsidian Golem	15	755	31	0	3	132620,-198753,-3412
147	20403	Hunter Tarantula	16	570	23	0	14	142282,-201340,-3200;141440,-205863,-3510;138643,-207166,-3564;140524,-210119,-3456;143906,-209226,-3452;137372,-212637,-3623;140022,-212653,-3665
147	20508	Plunder Tarantula	17	618	26	0	20	142282,-201340,-3200;144241,-204346,-3108;138643,-207166,-3564;140524,-210119,-3456;143906,-209226,-3452;136609,-209980,-3588;137372,-212637,-3623;140022,-212653,-3665
148	21445	Alpen Bandersnatch	64	6076	556	0	2	46096,-82405,-3269;45442,-80124,-3495
148	21449	Raider of Pastureland	68	8440	815	0	13	49163,-90702,-2443;48575,-90904,-2486;50452,-89094,-2406;50038,-86546,-2652;46793,-92877,-2514;45269,-93502,-2374;44745,-93289,-2374;45831,-88806,-2681
148	21450	Alpen Grendel	68	8162	789	0	10	49002,-89218,-2438;51354,-87621,-2503;51662,-85882,-2705;48939,-88004,-2682;45102,-91178,-2650;45697,-93694,-2374;46589,-88130,-2692;45977,-87813,-2661
149	16019	Tiny Baby Buffalo	99	2145	200	0	2	55973,-91534,-1360;56099,-91534,-1360
149	16021	Tiny Baby Cougar	99	2275	218	0	1	56015,-91284,-1360
149	16023	Tiny Baby Kookaburra	99	2019	183	0	2	55889,-91934,-1360;56225,-91684,-1360
150	20050	Arachnid Predator	20	799	35	0	2	-37022,141190,-3174;-35982,140221,-3302
150	20053	Ol Mahum Patrol	21	787	36	0	1	-45074,138187,-2867
150	20055	Wandering Eye	21	764	35	0	4	-48138,134908,-2315;-48057,135260,-2315;-47534,134908,-2315;-45070,135956,-2833
150	20437	Ol Mahum Recruit	21	764	35	0	1	-44032,140134,-2880
150	20058	Ol Mahum Guard	22	821	39	0	8	-59687,139298,-2455;-54070,139084,-2920;-53884,137794,-2824;-52076,135568,-2866;-52049,137202,-2874;-51949,134390,-3026;-51523,137906,-2860;-50560,137328,-2864
150	20059	Hungry Eye	22	821	39	0	5	-52392,132627,-3190;-47534,135264,-2315;-47332,134908,-2315;-47332,135620,-2315;-36751,142470,-2964
150	20061	Ol Mahum Straggler	23	895	43	0	3	-59339,136358,-2387;-59298,138520,-2416;-58487,141377,-2562
150	20436	Ol Mahum Supplier	23	878	42	0	8	-60540,136909,-2339;-58986,140128,-2512;-57549,140491,-2636;-53108,137084,-2904;-52398,138038,-2918;-51340,136731,-2891;-50430,137503,-2868;-49118,137337,-2679
150	20548	Ol Mahum Deserter	23	895	43	0	2	-53165,132698,-2905;-50312,133892,-2599
150	20063	Ol Mahum Shooter	24	963	47	0	4	-56875,137665,-2778;-56283,135048,-2434;-55973,139307,-2504;-53723,136861,-2773
150	20439	Ol Mahum Officer	24	935	46	0	21	-60160,138075,-2346;-60035,136630,-2580;-59613,137140,-2373;-59497,136085,-2426;-59020,135132,-2544;-58017,136978,-2872;-57947,135536,-2444;-57173,139686,-2624
150	20066	Ol Mahum Captain	25	1052	53	0	7	-58609,135970,-2437;-58184,137488,-2784;-58140,138730,-2747;-57300,134414,-2680;-54870,136354,-2747;-54634,135848,-2904;-52463,137716,-2918
150	20438	Ol Mahum General	26	1078	54	0	8	-57931,138031,-2782;-57779,137645,-2782;-57375,139330,-2808;-56979,136277,-2732;-56642,140748,-2625;-56623,140378,-2625;-56257,138646,-2536;-54541,136472,-2748
150	20076	Ol Mahum Commander	29	1319	71	0	3	-58184,137844,-2996;-54735,136026,-2904;-52811,138024,-2918
151	20956	Past Knight	64	5794	530	0	10	113524,-5522,-3884;113524,-5166,-3884;114966,-8048,-3536;117984,-8164,-3664;118070,-10108,-3336;119750,-9600,-3484;120112,-4774,-4100;120616,-4952,-4100
151	20963	Bloody Lord	68	4691	453	0	20	113423,-5344,-3884;114865,-7514,-3536;115167,-8048,-3536;117984,-7808,-3664;118070,-9752,-3336;119548,-9244,-3484;119851,-9066,-3484;120717,-4774,-4100
151	20959	Dark Guard	70	6932	687	0	11	124862,-10414,-3908;126163,-1353,-2376;126499,-7972,-3804;126711,-3499,-3013;127789,-5551,-3289;127914,-13326,-3852;128015,-13504,-3852;128440,-12456,-3792
152	20641	Harit Lizardman Grunt	51	4501	343	0	1	158815,76557,-3057
152	20642	Harit Lizardman Archer	52	4214	326	0	1	160297,73326,-3644
152	20643	Harit Lizardman Warrior	53	4332	341	0	16	152397,91502,-3565;155705,88102,-3556;157019,93519,-3517;158255,77497,-3092;158728,80640,-3017;160979,74810,-3316;161004,76727,-3083;161028,82137,-2840
152	20644	Harit Lizardman Shaman	54	4241	338	0	18	153980,91974,-3700;154511,91412,-3495;156207,90851,-3178;156763,88970,-3680;157554,88442,-3660;157988,81910,-2778;158961,78636,-3059;160137,77652,-3110
152	20645	Harit Lizardman Matriarch	55	9536	770	0	14	151940,92985,-3723;153535,92725,-3675;154765,93096,-3728;154785,92208,-3690;155789,92277,-3629;159579,81724,-2776;160256,82550,-2865;160377,75710,-3255
153	20058	Ol Mahum Guard	22	821	39	0	2	-12376,162567,-2576;-11512,161224,-1712
153	20059	Hungry Eye	22	821	39	0	4	-15397,164879,-2869;-11537,165443,-2692;-11453,164455,-2480;-10358,165207,-3167
153	20204	Bloody Bee	23	956	46	0	1	-2865,169015,-3000
153	20547	Ol Mahum Reserve	23	878	42	0	2	-13065,163610,-2738;-14434,166021,-2432
153	20063	Ol Mahum Shooter	24	963	47	0	5	-11662,162335,-2447;-11109,161580,-2828;-16704,166527,-2452;-14993,164167,-2869;-10660,166097,-3167
153	20066	Ol Mahum Captain	25	1052	53	0	6	-16938,163746,-2531;-14500,162975,-2626;-18411,165073,-3233;-13482,164994,-2625;-12377,166904,-2162;-10459,165385,-3167
153	27100	Skeletal Mercenary	39	0	0	0	6	-26589,175190,-4196;-25661,172719,-4170;-22800,189464,-4632;-22397,189464,-4632;-12375,189145,-4148;-11958,189879,-4155
154	27041	Baranka's Messenger	12	0	0	0	1	16576,-118592,-760
154	27042	Orc Escort	12	0	0	0	4	16447,-118523,-768;16519,-118510,-768;16582,-118600,-760;16591,-118669,-752
154	20368	Grave Keeper	13	545	21	0	2	18710,-113141,-3280;19070,-113690,-3236
154	20429	Evil Eye Lookout	14	415	16	0	9	16245,-120101,-3200;16447,-119745,-3200;17067,-120575,-3196;18481,-120614,-3144;18535,-112800,-3228;18880,-113700,-3280;19074,-119079,-3200;19358,-120406,-3160
154	20489	Quicksilver Beast	15	449	18	0	7	18213,-120374,-3192;18527,-112537,-3228;19283,-113344,-3280;19330,-117987,-3136;19446,-111982,-3233;19753,-113304,-3228;19908,-112676,-3272
154	20491	Crypt Horror	15	454	19	0	3	18225,-108440,-3040;18423,-110024,-3040;20546,-115050,-3292
154	20487	Kuruka Ratman	16	475	19	0	6	18324,-109831,-3044;18383,-108269,-3040;19055,-117646,-3176;19649,-111558,-3268;19930,-113323,-3272;20227,-112141,-3232
154	20415	Scarlet Salamander	17	555	23	0	1	21100,-115860,-3292
154	20488	Kuruka Ratman Hunter	17	504	21	0	8	18182,-108269,-3040;18381,-108642,-3040;18557,-109839,-3072;19225,-107812,-3040;19548,-111380,-3268;19807,-112142,-3272;19859,-113077,-3228;19881,-110684,-3328
154	20416	Scarlet Salamander Elder	18	586	26	0	2	21452,-116219,-3344;21754,-116041,-3344
154	20341	Undead Slave	19	799	36	0	17	20844,-108155,-3076;20988,-110176,-3352;21120,-107722,-3076;21250,-109529,-3292;21290,-108382,-3056;21292,-107611,-3088;21478,-108341,-3016;21675,-120434,-3289
154	20542	Skeleton Longbowman	19	587	26	0	11	19171,-107435,-3040;20818,-107900,-3076;20849,-108087,-3008;20984,-109827,-3328;21182,-108448,-3003;21324,-110922,-3292;21451,-107689,-3068;21635,-108172,-3072
154	20543	Ghost	20	599	27	0	6	21290,-111310,-3288;22041,-120251,-3292;22080,-112159,-3300;22474,-112201,-3339;23765,-115560,-3398;23795,-114718,-3412
154	20329	Ghost Guardian	21	643	30	0	6	21306,-111396,-3296;21844,-111725,-3344;22308,-119712,-3292;22640,-112121,-3384;22973,-119859,-3292;23395,-115183,-3412
154	20375	Baranka's Escort	21	649	30	0	3	23212,-111605,-3339;23354,-110633,-3384;23354,-110277,-3384
154	20374	Baranka's Guard	22	910	43	0	3	23393,-111610,-3343;23455,-110455,-3384;23756,-110277,-3384
154	27133	Evil Eye Lord	37	0	0	0	1	16156,-119917,-3168
155	20292	Enku Orc Shaman	20	813	36	0	1	7914,136325,-2733
155	20291	Enku Orc Champion	21	927	43	0	1	12109,133786,-3089
155	20224	Ol Mahum Ranger	22	1059	50	0	1	13275,132587,-2599
156	27077	Unicorn Of Eva	30	0	0	0	1	8731,92320,-3424
156	20213	Porta	40	4728	304	0	1	23777,120351,-12130
156	21035	Catherok	42	4550	302	0	1	24079,120529,-12130
156	20216	Ricenseo	43	4208	284	0	1	23807,107701,-12129
156	21036	Shindebarn	44	5738	392	0	2	23907,107879,-12129;24008,108057,-12129
157	27319	Black Leopard	18	0	0	0	5	35206,-119929,-1136;35440,-120159,-1136;35629,-119692,-1160;36884,-117942,-1360;36955,-117936,-1360
157	27320	Timora Orc	20	0	0	0	2	56868,-117272,-3672;56910,-117317,-3672
157	22002	Grim Grizzly	26	879	44	0	1	39925,-110598,-1472
157	22003	Grave Robber Scout	27	1032	53	0	1	39758,-111270,-1576
157	22004	Grave Robber Lookout	27	1032	53	0	2	39364,-111618,-1467;39870,-110701,-1486
157	22006	Grave Robber Guard	29	1340	72	0	1	46585,-106764,-1517
158	20100	Skeleton Archer	13	405	16	0	4	41792,246646,-6461;42445,245582,-6462;42492,245216,-6462;43261,245177,-6462
158	20378	Stone Giant	13	545	21	0	1	42568,246887,-6513
158	20102	Skeleton Marksman	14	428	17	0	1	44157,245236,-6458
158	20461	Dungeon Spider	15	454	19	0	2	41464,246823,-6513;43502,244631,-6497
158	20107	Wererat	16	475	19	0	2	43562,244377,-6498;43765,244676,-6545
158	20404	Silent Horror	16	485	20	0	7	41565,246289,-6513;41665,246111,-6513;42568,247243,-6513;42708,245579,-6513;43110,245579,-6513;43765,244320,-6545;44126,245069,-6513
158	20109	Salamander	17	988	42	0	1	46403,242821,-6564
158	20110	Undine	17	958	40	0	3	44772,242779,-6502;45175,243135,-6502;45276,243313,-6502
158	20113	Undine Elder	18	1010	44	0	3	45174,242779,-6502;45577,242779,-6502;45932,242794,-6464
159	20147	Hobgoblin	21	764	35	0	1	26843,140108,-3015
159	20291	Enku Orc Champion	21	927	43	0	3	23511,136980,-3210;25823,138221,-3307;27473,140528,-2889
159	20224	Ol Mahum Ranger	22	1059	50	0	1	25985,139295,-3188
159	20265	Monster Eye Searcher	22	1526	72	0	9	31278,129190,-3050;23744,135951,-2999;24071,135062,-2764;24987,136158,-3235;25623,139004,-3286;26804,138844,-3144;28404,147325,-2373;29010,146353,-2295
159	20062	Tumran Bugbear	23	878	42	0	19	24749,135050,-2877;26334,132690,-1790;27284,137508,-3223;27500,141882,-2822;27942,138876,-3117;27959,132878,-2382;28716,137809,-3169;28917,137097,-3150
160	27200	Krudel Lizardman	36	0	0	0	3	125124,-174219,-1062;125326,-173863,-1062;125526,-174219,-1062
161	27017	Plague Zombie	14	0	0	0	1	34357,36004,-3624
162	27066	Roko's Warhound	4	0	0	0	2	36273,81761,-3616;36368,81877,-3616
162	27065	Roko	8	0	0	0	1	36148,81950,-3592
162	27064	Turel	11	0	0	0	1	40494,68888,-3548
162	20464	Dungeon Skeleton	12	363	13	0	4	20374,79427,-4096;21322,80468,-4096;21607,80852,-4096;22323,80872,-4096
162	20463	Dungeon Skeleton Archer	13	397	16	0	2	20382,79594,-4096;21182,80879,-4096
162	20504	Dread Soldier	14	424	16	0	10	15947,77130,-4384;16083,76647,-4384;17240,80760,-4384;17558,81388,-4384;18743,76991,-4384;18755,77340,-4384;19150,77170,-4409;19151,78882,-4352
162	20371	Mist Terror	15	454	19	0	9	16091,76999,-4384;16479,76761,-4416;17779,81057,-4352;17900,81297,-4357;18336,82095,-4384;18593,82084,-4384;18995,76944,-4416;19163,76772,-4416
162	20345	Dark Terror	16	533	22	0	17	15620,75977,-4416;15761,76006,-4439;15844,76103,-4416;15926,75972,-4416;16435,77202,-4416;16443,78913,-4416;16535,79139,-4416;16607,78719,-4416
162	20033	Shade Horror	17	504	21	0	17	12283,77057,-4176;12952,76414,-4224;13027,76997,-4224;13269,76705,-4272;13460,76204,-4312;15025,79130,-4288;15038,77910,-4096;16554,79590,-4416
162	20040	Sukar Wererat	18	533	23	0	15	12423,77752,-4176;12481,75537,-4176;12508,75636,-4176;12841,77986,-4176;12960,80023,-4085;13082,80270,-4080;13369,76324,-4176;13374,78042,-4096
162	20047	Sukar Wererat Leader	19	576	26	0	11	12773,80179,-4080;13152,78425,-4096;13329,80170,-4080;13569,78468,-4096;13660,79110,-4096;13686,78295,-4096;13720,76692,-4128;13970,76396,-4170
162	20351	Dre Vanul Tracker	20	605	27	0	18	10471,82240,-3840;10680,76367,-3840;10858,74700,-3840;10878,81889,-3840;10886,82240,-3840;11613,80750,-4116;11613,81106,-4116;11815,81106,-4116
162	27020	Varool Foulclaw	20	0	0	0	1	13734,80168,-4080
162	20353	Dre Vanul Beholder	21	649	30	0	5	10563,74968,-3840;10572,74720,-3840;10582,81824,-3840;10667,80669,-3840;10701,75782,-3840
162	27077	Unicorn Of Eva	30	0	0	0	6	13684,91323,-3656;19252,89676,-3576;24454,91742,-3664;28772,90417,-3624;35345,89791,-3440;38148,91274,-3400
162	27106	Unicorn Phantasm	40	0	0	0	1	18022,86177,-3608
163	27069	Murtika's Warhound	4	0	0	0	2	57974,77296,-3536;58113,77163,-3528
163	27068	Murtika	8	0	0	0	1	58086,77350,-3536
163	27060	Kracha	11	0	0	0	1	36910,61471,-3616
163	27017	Plague Zombie	14	0	0	0	8	34630,35928,-3632;34721,35472,-3624;34721,36156,-3640;34721,36308,-3648;34812,36156,-3664;34994,35244,-3624;34994,35928,-3632;34994,36156,-3672
164	21797	Spirit of Timiniel	55	1980	160	0	16	112431,47112,-4696;112606,46268,-4628;112633,47824,-4464;112701,46515,-4647;112834,47468,-4696;113121,46836,-4652;113189,47054,-4652;113402,47203,-4652
165	20630	Taik Orc	40	2327	150	0	6	131363,68425,-3718;132902,67691,-3622;134149,66734,-3522;135144,67051,-3508;136588,65624,-3672;137192,65624,-3763
165	20631	Taik Orc Archer	41	3152	206	0	4	134409,65105,-3652;134250,66912,-3544;134848,69690,-3497;136789,65624,-3656
165	20632	Taik Orc Warrior	42	3144	209	0	5	133370,68676,-3600;134350,66734,-3544;134399,68974,-3570;134832,68484,-3531;136991,65624,-3632
165	21797	Spirit of Timiniel	55	1980	160	0	4	114174,48369,-4608;114370,48521,-4561;114733,48601,-4534;114742,48382,-4553
166	21102	Watchman of the Plains	30	1335	73	0	1	10493,160970,-3528
166	21103	Roughly Hewn Rock Golem	31	1397	78	0	5	8342,162304,-3618;8543,161948,-3577;11914,162054,-3604;13113,162070,-3573;8662,164157,-3609
166	21104	Delu Lizardman Supplier	32	1754	99	0	7	7100,160849,-3546;7612,162392,-3626;7955,160360,-3488;9583,163665,-3666;14104,161284,-3565;7761,163965,-3587;8366,164677,-3616
166	21105	Delu Lizardman Special Agent	33	2022	116	0	3	8633,163321,-3620;9081,162339,-3580;9589,160745,-3537
166	21106	Cursed Seer	34	1714	100	0	8	5440,160243,-3627;6783,163361,-3578;11670,161577,-3605;25023,165066,-3370;25225,163998,-3370;25528,164532,-3370;26969,168813,-3205;28034,168679,-3267
166	20781	Delu Lizardman Shaman	35	1781	105	0	9	6165,160682,-3567;7460,164143,-3578;9490,165669,-3711;24923,164532,-3370;25024,164354,-3370;27631,167611,-3297;27933,168501,-3271;28374,164559,-3636
166	21107	Delu Lizardman Commander	35	3628	214	0	6	25527,163820,-3370;25124,164176,-3370;25326,164532,-3370;25427,164354,-3370;28648,167090,-3403;29741,165025,-3627
166	27093	Delu Chief Kalkis	37	0	0	0	1	28448,174080,-3408
167	20026	Ruin Zombie	15	755	31	0	4	-58830,109295,-3548;-57330,109304,-3624;-50244,105636,-3552;-49439,105280,-3552
167	20012	Gora Werewolf	16	582	23	0	2	-74814,94702,-3731;-73890,99919,-3624
167	20029	Ruin Zombie Leader	16	807	33	0	10	-60113,117445,-3302;-58691,116069,-3091;-58448,117937,-3128;-58236,110550,-3624;-57859,112469,-3014;-57561,116486,-2977;-57507,113205,-2952;-50043,105992,-3552
167	20035	Tracker Skeleton	17	605	25	0	15	-61232,117186,-3371;-60079,111188,-3458;-60059,110320,-3550;-59335,116066,-3153;-58639,110194,-3624;-58251,113182,-3240;-57974,114509,-2958;-57632,110194,-3624
167	20335	Grizzly Bear	17	599	25	0	2	-72306,96723,-3714;-73252,98416,-3610
167	20038	Venomous Spider	18	704	31	0	4	-74051,96605,-3698;-71047,96029,-3734;-74995,98553,-3300;-74912,100898,-3680
167	20042	Tracker Skeleton Leader	18	652	28	0	17	-58851,117350,-3352;-58690,116608,-3098;-58086,115061,-2968;-57495,110673,-3366;-57244,115590,-2976;-56172,110840,-3460;-55895,113049,-3140;-55726,112267,-3165
167	20358	Ratman Hunter	18	640	28	0	1	-76959,100884,-3635
167	20043	Arachnid Tracker	19	760	34	0	8	-66772,88123,-3600;-66109,88840,-3560;-76306,102318,-3866;-74767,103280,-3865;-74647,104942,-3654;-73428,105424,-3611;-72202,108805,-3525;-70530,107632,-3701
167	20045	Skeleton Scout	19	698	31	0	14	-59858,118062,-3352;-59732,115614,-3205;-59606,116855,-3240;-57446,113894,-3240;-57090,116321,-2977;-56805,115229,-3008;-56072,111374,-3149;-54889,112994,-3220
167	20050	Arachnid Predator	20	799	35	0	11	-76389,104528,-3956;-75266,106405,-3598;-73154,101652,-3877;-73117,112676,-3432;-73023,106950,-3581;-72927,103774,-3812;-72852,101474,-3868;-72852,102186,-3889
167	20051	Skeleton Bowman	20	734	32	0	5	-57338,111945,-3092;-56528,109866,-3208;-55971,111908,-3460;-55561,114744,-3136;-55467,110662,-3460
167	20054	Ruin Spartoi	21	764	35	0	18	-59658,110868,-3478;-59230,111151,-3378;-59221,114490,-3092;-58352,114072,-3240;-58169,112033,-3087;-55769,111196,-3460;-55120,107052,-3720;-54967,108015,-3731
167	21095	Giant Poison Bee	21	840	39	0	13	-75836,103189,-3894;-74861,116173,-2888;-74773,104787,-3680;-74136,118226,-3824;-73892,102971,-3871;-73229,111522,-3263;-73127,110988,-3194;-72934,104841,-3663
167	20060	Raging Spartoi	22	837	40	0	8	-55192,107539,-3740;-54631,107273,-3720;-52812,108720,-3724;-52784,112340,-3574;-52265,111908,-3622;-52006,108008,-3724;-51131,110047,-3674;-49862,108373,-3785
167	21096	Cloudy Beast	22	837	40	0	5	-72523,110632,-3194;-71617,111166,-3194;-70115,108037,-3691;-69556,109638,-3743;-68625,121731,-3610
167	20062	Tumran Bugbear	23	878	42	0	5	-55355,108487,-3720;-53226,110386,-3574;-52812,108364,-3724;-52499,109135,-3728;-49459,108373,-3785
167	21097	Young Araneid	23	985	48	0	4	-72817,122074,-3696;-70018,124797,-3593;-67473,112756,-3497;-65023,111105,-3546
167	20064	Tumran Bugbear Warrior	24	954	47	0	2	-53818,108329,-3732;-50966,108514,-3720
167	21098	Plain Grizzly	24	935	46	0	4	-74950,115619,-2616;-74546,115263,-2632;-67632,109800,-4024;-65516,113081,-3545
167	21023	Sobbing Wind	26	1056	53	0	5	-76154,93392,-3711;-74387,93231,-3677;-73557,95743,-3713;-72580,93981,-3683;-72203,98208,-3690
167	21024	Babbling Wind	27	1113	57	0	6	-77008,93755,-3701;-76262,94972,-3692;-75650,94668,-3709;-75065,95616,-3690;-72554,95193,-3817;-71447,94303,-3817
168	20630	Taik Orc	40	2327	150	0	8	135077,72154,-3728;135679,73817,-3688;135815,73140,-3666;143284,65728,-3812;146034,65676,-3808;146437,66032,-3808;147142,66210,-3808;147142,66566,-3808
168	20631	Taik Orc Archer	41	3152	206	0	6	135189,70291,-3510;143385,66262,-3812;143787,65906,-3812;146336,65854,-3808;146438,66388,-3808;146639,66744,-3808
168	20632	Taik Orc Warrior	42	3144	209	0	6	135581,71976,-3408;136398,73055,-3602;143586,65906,-3812;146236,66032,-3808;146337,66566,-3808;146538,66210,-3808
168	20633	Taik Orc Shaman	43	3068	207	0	4	148050,73216,-3500;148638,74556,-3194;149551,74861,-3384;151991,74721,-3353
168	20634	Taik Orc Captain	44	5886	402	0	4	148553,73750,-3500;149460,72860,-3500;150166,73127,-3365;150497,74222,-3360
168	20635	Carinkain	45	2974	207	0	4	148031,72517,-3334;148150,73038,-3093;149719,73456,-3370;151591,74196,-3414
168	20636	Forest of Mirrors Ghost	46	3310	235	0	1	135031,89782,-3668
168	20637	Forest of Mirrors Ghost	47	3456	248	0	2	135835,91497,-3532;135865,88157,-3526
168	20638	Forest of Mirrors Ghost	48	3605	263	0	2	134326,89423,-3667;135224,87702,-3551
168	20639	Mirror	49	8508	628	0	2	134408,88354,-3663;136096,90163,-3574
168	20640	Harit Lizardman	50	3636	274	0	10	136942,93826,-3677;139382,93076,-3699;139466,91098,-3796;139783,90583,-2678;141798,91577,-3579;151021,83167,-3454;151818,83670,-3419;152508,84774,-3356
168	20641	Harit Lizardman Grunt	51	4501	343	0	8	135971,94527,-3720;140532,93248,-3696;140689,92556,-3546;141054,90752,-3347;147177,89054,-3567;151105,84802,-3358;157349,75504,-3057;158095,76306,-3195
168	20642	Harit Lizardman Archer	52	4214	326	0	11	135199,94107,-3664;138448,93817,-3722;141657,92981,-3533;142109,93703,-3595;142470,92564,-3489;149446,88467,-3359;151701,84365,-3353;152799,85534,-3469
168	20643	Harit Lizardman Warrior	53	4332	341	0	9	144756,92137,-3564;145439,93206,-3693;146838,92544,-3723;147996,92339,-3725;151212,93267,-3668;153737,81543,-3186;156392,76616,-3248;156758,75435,-3563
168	20644	Harit Lizardman Shaman	54	4241	338	0	9	144071,92696,-3513;150011,92321,-3675;151329,92158,-3555;154499,81186,-3197;157018,74649,-3713;157129,74673,-3702;157514,74076,-3677;158661,74935,-3432
168	20645	Harit Lizardman Matriarch	55	9536	770	0	8	144222,93539,-3560;145552,92545,-3681;154866,79690,-3183;155587,77328,-3248;156708,75744,-3522;157006,72607,-3668;157298,77506,-3033;158090,74095,-3670
168	27187	Fairy Tree of Twilight	55	0	0	0	1	127714,90495,-2095
169	18119	Corpse of Deadman	63	0	0	0	1	59338,-47119,-2553
169	21571	Ghost of Rebellion Soldier	69	10718	1049	0	3	59068,-46856,-3247;59228,-46816,-2637;59251,-47787,-2633
169	21572	Bone Sweeper	69	10282	1006	0	2	59270,-47594,-2621;59560,-48114,-2721
169	21573	Atrox	69	11456	1121	0	1	59573,-48458,-3247
169	21574	Bone Grinder	70	12902	1279	0	4	56018,-45147,-2961;56851,-45610,-2866;57471,-45126,-2615;57483,-45984,-2739
169	21576	Ghost of Guillotine	70	9350	927	0	2	58968,-47390,-3247;59424,-48753,-2788
169	21577	Ghost of Guillotine	70	8195	813	0	1	59361,-47252,-2544
169	21579	Ghost of Rebellion Leader	71	10843	1088	0	3	55240,-43712,-2899;55689,-45100,-2937;56564,-46184,-3465
169	21580	Bone Caster	71	10154	1019	0	1	55384,-45226,-2874
169	21581	Bone Puppeteer	71	11105	1114	0	2	55602,-45389,-2894;56641,-45690,-2905
169	21582	Vampire Soldier	71	11891	1193	0	4	54924,-43936,-2866;55551,-45410,-2879;57749,-46971,-2657;58667,-47924,-3247
169	21599	Requiem Priest	71	12750	1279	0	6	55112,-44053,-2931;55544,-44500,-2922;57349,-46255,-2773;58867,-47212,-3247;58968,-47746,-3247;59792,-48594,-2747
169	21583	Bone Scavenger	72	11196	1137	0	3	56138,-45668,-3030;56691,-45861,-2848;57385,-45629,-2754
169	21585	Vampire Magician	72	9628	978	0	3	56167,-45194,-2982;57076,-46003,-2778;57399,-46402,-2764
169	21586	Vampire Adept	72	11374	1156	0	3	55680,-44697,-2932;55932,-45757,-2999;58377,-43626,-3216
169	21588	Vampire Wizard	73	9936	1022	0	2	57773,-43270,-3216;57873,-43092,-3216
169	21589	Vampire Wizard	73	10168	1046	0	2	55973,-45920,-3008;57974,-43270,-3216
169	21592	Vampire Magister	73	7750	797	0	2	55222,-44610,-2967;57703,-47205,-2637
169	21595	Vampire Warlord	73	9161	943	0	4	56362,-46184,-3465;57652,-45620,-2682;57873,-43448,-3216;58453,-45145,-2527
170	20608	Patin Archer	29	2044	110	0	6	-62495,184039,-4811;-61163,184077,-4811;-59776,183408,-4811;-59521,184466,-4811;-59451,183243,-4811;-58260,184090,-4811
170	20609	Lakin Salamander	30	2136	116	0	12	-62193,182793,-4811;-61913,183575,-4811;-61147,183444,-4811;-60656,184164,-4811;-59706,183823,-4811;-59514,183198,-4811;-59498,183845,-4811;-59260,182457,-4811
170	21011	Ol Mahum Van Grunt	30	1308	72	0	2	-54840,177913,-3110;-53115,173592,-3672
170	20610	Sentinel Of Water	31	2166	120	0	12	-62225,183532,-4811;-62224,182265,-4811;-62224,182621,-4811;-61873,184076,-4811;-61498,183488,-4811;-59547,181520,-4811;-59510,180897,-4811;-58756,182279,-4811
170	20617	Sentinel Of Water	31	2186	120	0	1	-55068,182248,-4512
170	21012	Magical Eye	31	1736	96	0	11	-56234,180432,-3072;-56033,180432,-3072;-55840,176228,-3368;-53704,174241,-3629;-53473,179975,-3212;-52765,175765,-3628;-52529,174226,-3702;-51776,175659,-3660
170	20611	Dre Vanul Warrior	32	2308	130	0	14	-62063,182566,-4811;-61926,181366,-4811;-61923,182799,-4811;-61818,179874,-4811;-61583,179623,-4811;-61366,179920,-4811;-60899,181110,-4811;-60092,181040,-4811
170	20618	Kanil Succubus	32	2432	136	0	5	-55963,180911,-4514;-55780,181516,-4510;-54991,181305,-4510;-54321,180889,-4592;-53894,181258,-4511
170	20747	Roxide	32	2918	164	0	4	-55793,180617,-4517;-54974,180637,-4517;-53856,182238,-4551;-53853,181390,-4551
170	20749	Death Fire	32	2918	164	0	5	-61401,181631,-4811;-61054,179619,-4811;-57562,181492,-4811;-56769,179320,-4811;-55822,179298,-4811
170	21013	Ol Mahum Van Archer	32	1920	108	0	3	-54873,178394,-3292;-51030,180253,-3162;-47555,181931,-3271
170	20612	Salamander Rowin	33	2638	150	0	9	-62143,179645,-4811;-61433,181114,-4811;-61415,179336,-4811;-61395,180962,-4811;-59690,181040,-4811;-59664,181357,-4811;-59093,180915,-4811;-58007,181225,-4811
170	20619	Rowin Undine	33	2504	144	0	5	-55795,181336,-4510;-55060,181570,-4510;-54966,181821,-4510;-53844,181994,-4551;-53616,181067,-4592
170	27116	Lava Salamander	35	0	0	0	4	-61312,182848,-4821;-61264,182384,-4821;-61211,182513,-4811;-60816,182384,-4821
171	21018	Ancient Gargoyle	56	5536	455	0	3	177433,37853,-4758;179532,39623,-3780;180463,36715,-4794
171	21019	Fallen Orc Archer	57	6093	506	0	1	178126,37585,-4824
171	21020	Fallen Orc Shaman	58	6898	583	0	3	178866,37777,-4845;179097,40703,-3637;179910,37126,-4817
171	21021	Sharp Talon Tiger	59	6353	543	0	1	178528,42096,-3810
171	21022	Fallen Orc Captain	60	6462	561	0	2	177288,39708,-3956;177532,40882,-3691
172	27067	Kamut	11	0	0	0	1	45499,91692,-3552
172	20547	Ol Mahum Reserve	23	878	42	0	62	35873,120168,-1320;36787,124114,-1944;37641,124460,-1960;37745,125334,-1896;37966,123617,-2272;38448,120963,-1688;38552,120422,-1672;38676,126782,-1888
172	20063	Ol Mahum Shooter	24	963	47	0	34	35778,113902,-1560;36235,113583,-1624;36244,113554,-1632;36557,118971,-1792;37015,123583,-1976;37151,115556,-1256;37481,119987,-1544;37594,120023,-1560
172	20207	Ol Mahum Guerilla	26	1964	98	0	77	34929,113064,-1912;34993,112599,-2000;35122,112617,-2000;35397,112669,-1976;35643,110692,-1568;35688,116330,-1408;35810,117750,-1584;35863,116797,-1472
172	20208	Ol Mahum Raider	27	2070	106	0	42	35096,112227,-1928;35208,113197,-1872;35450,111703,-1856;35627,115314,-1256;35942,116233,-1336;36239,110563,-1408;36328,110800,-1456;36526,116114,-1232
172	20209	Ol Mahum Marksman	28	2256	118	0	5	38153,111278,-1472;39762,116744,-1688;40198,104905,-1976;54848,105807,-1152;57352,112358,-1736
172	20210	Ol Mahum Sergeant	29	2312	124	0	12	43390,102689,-1424;44041,102652,-1472;55310,106194,-1232;55742,107205,-1280;56379,105302,-1488;56409,108174,-1384;56562,105246,-1488;56679,109237,-1400
172	20211	Ol Mahum Captain	30	2482	136	0	6	38127,112086,-1576;43034,102950,-1400;43379,102663,-1424;56941,105782,-1488;57035,105936,-1488;59020,111763,-1768
172	27077	Unicorn Of Eva	30	0	0	0	4	42840,92980,-3672;47496,89513,-3488;49061,92034,-3664;56214,90020,-3616
173	21102	Watchman of the Plains	30	1335	73	0	2	11065,158884,-2808;11852,160493,-3378
173	21103	Roughly Hewn Rock Golem	31	1397	78	0	4	6352,156593,-3423;7086,156371,-3140;9157,156483,-2612;10787,155185,-2521
173	21104	Delu Lizardman Supplier	32	1754	99	0	8	5704,155697,-3716;6583,157928,-3387;8092,156727,-2824;9752,157694,-2381;9969,154395,-2668;10662,152539,-3087;11120,158586,-2740;11983,158220,-2828
173	21105	Delu Lizardman Special Agent	33	2022	116	0	6	6941,155159,-3235;7293,157538,-3127;8466,157565,-2748;8573,155828,-2776;10259,159952,-3176;12505,159503,-3190
173	21106	Cursed Seer	34	1714	100	0	7	5113,157177,-3527;5172,158823,-3620;5947,158996,-3648;7489,156727,-3019;8463,158256,-2819;9899,153730,-2817;28923,163131,-3332
173	20781	Delu Lizardman Shaman	35	1781	105	0	1	5131,155398,-3514
174	22137	Penance Guard	80	3498	396	0	12	-12423,-38920,-10725;-12330,-38916,-10725;-12245,-38916,-10725;-10385,-40763,-10917;-10303,-40763,-10917;-10220,-40763,-10917;-9691,-42615,-10917;-9677,-38911,-10917
174	22139	Old Aristocrat's Soldier	80	31496	3572	0	3	-12744,-37861,-10758;-12440,-39877,-10758;-12047,-37909,-10725
174	22140	Zombie Worker	80	30724	3444	0	5	-13134,-37770,-10728;-12950,-37895,-10758;-12570,-39730,-10758;-12474,-37921,-10758;-12300,-39649,-10725
174	22141	Forgotten Victim	80	31744	3564	0	3	-12892,-38012,-10758;-12531,-39813,-10758;-12493,-38004,-10758
174	22142	Triol's Layperson	80	32184	3650	0	4	-9936,-37826,-10950;-9556,-39949,-10950;-9487,-39854,-10950;-9415,-41586,-10950
174	22143	Triol's Believer	80	37204	4295	0	2	-9777,-39919,-10950;-9472,-41566,-10950
174	22144	Resurrected Temple Knight	80	32279	3704	0	5	-9906,-39738,-10950;-9854,-41608,-10950;-9720,-37984,-10950;-9444,-41806,-10976;-8984,-43532,-10915
174	22145	Ritual Sacrifice	80	31024	3520	0	5	-10003,-41792,-10950;-9846,-39902,-10950;-9671,-38065,-10950;-9482,-37912,-10950;-8956,-41718,-10916
174	22194	Penance Guard	80	3498	396	0	6	-11234,-38039,-10821;-11234,-37951,-10835;-11234,-37857,-10835;-11192,-39905,-10832;-11192,-39813,-10832;-11192,-39726,-10831
175	27322	Picot Araneid	27	0	0	0	6	69121,-136896,-2660;69428,-137271,-2682;69910,-137509,-2742;69964,-137073,-2637;70050,-138018,-2813;70647,-137738,-2860
176	22024	Bandit Inspector	37	1855	114	0	2	101401,-149135,-3179;101416,-150215,-3064
176	22025	Frozen Wasteland Werewolf	38	3048	190	0	2	116058,-142322,-3096;116201,-143184,-3083
176	22026	Bandit Captain	40	2537	164	0	3	100685,-149010,-3108;101867,-149878,-3067;102212,-149551,-3098
176	22028	Vagabond of the Ruins	40	5074	328	0	1	116491,-141851,-3088
177	21018	Ancient Gargoyle	56	5536	455	0	5	180317,39725,-3742;181662,40232,-3652;182710,37835,-3881;183432,36525,-3973;183436,39459,-3683
177	21019	Fallen Orc Archer	57	6093	506	0	7	180707,37497,-4790;181153,42452,-3708;181195,40605,-3647;181293,39492,-3884;181795,38958,-3884;182385,35435,-4005;183925,38418,-3837
177	21020	Fallen Orc Shaman	58	6898	583	0	6	180162,41162,-3723;180488,40204,-3884;180793,39914,-3702;180804,41644,-3976;183215,37780,-4060;186579,37084,-4059
177	21021	Sharp Talon Tiger	59	6353	543	0	4	181802,39695,-3669;182140,38653,-3786;182431,40221,-3639;183420,38946,-3704
178	20009	Vuku Orc	14	498	19	0	9	-11667,98036,-3292;-11105,97575,-3195;-16787,99904,-3293;-16007,100167,-3145;-15448,98417,-3368;-12025,100246,-2796;-11628,99632,-2937;-11357,98945,-3130
178	20011	Vuku Orc Archer	15	550	22	0	9	-15797,97406,-3479;-10770,98260,-3299;-19795,99092,-3727;-18280,99868,-3586;-17292,99171,-3439;-15051,100307,-2962;-12420,99284,-3066;-11243,100474,-2713
178	20023	Shadow Beast	15	534	22	0	12	-19849,98130,-3629;-15334,97785,-3432;-13007,98087,-3363;-12375,98276,-3311;-10458,97261,-3201;-20340,99086,-3727;-18713,99023,-3714;-15216,99452,-3632
178	20028	Pincher	16	570	23	0	9	-19371,96758,-3542;-19294,98218,-3608;-18702,97084,-3541;-17983,97900,-3573;-16427,98169,-3473;-17836,98521,-3561;-14495,98796,-3256;-13685,98421,-3324
178	20360	Ratman Spy	16	570	23	0	21	-3135,97858,-3884;-6959,101607,-2869;-6114,101550,-3038;-5238,100204,-3916;-5148,100813,-3286;-5073,104523,-2896;-4936,103952,-2995;-4735,100382,-3916
178	20032	Pinrul	17	605	25	0	16	-6151,102565,-2956;-5339,105376,-2920;-5339,105732,-2979;-5183,103362,-3059;-4634,104130,-3065;-4532,104664,-3050;-4258,106833,-3225;-3473,101397,-3513
178	20775	Bugbear Raider	17	599	25	0	20	-5398,113089,-3347;-5303,112056,-3348;-5055,113735,-3347;-4856,111270,-3348;-4780,112824,-3348;-4535,112322,-3352;-4443,111782,-3353;-3898,111249,-3381
178	20358	Ratman Hunter	18	640	28	0	25	-7043,109634,-3972;-6840,112488,-3292;-6742,108744,-3972;-6676,113029,-3356;-5984,110715,-3259;-5783,109895,-3236;-5714,111633,-3312;-5554,111149,-3307
178	21093	Ratman Sub Chieftain	19	691	31	0	23	-7353,109759,-3030;-6930,109120,-3072;-6773,111614,-3206;-6429,110988,-3174;-6408,109488,-3144;-6331,110410,-3177;-6286,108872,-3156;-5781,115928,-3796
178	20919	Maille Lizardman	20	321	14	0	8	-28705,116070,-3670;-28304,116426,-3718;-28302,118562,-3720;-27597,117672,-3720;-27196,116960,-3727;-26895,116782,-3715;-25934,117651,-3720;-25130,117834,-3705
178	21094	Ratman Chieftain	20	712	32	0	19	-6981,110990,-3104;-6385,111557,-3247;-6261,109938,-3170;-6191,112061,-3319;-6186,114276,-3347;-6153,111254,-3256;-6137,115065,-3347;-6136,112743,-3347
178	20920	Maille Lizardman Scout	22	594	28	0	13	-28100,118918,-3727;-27999,119096,-3727;-27699,116782,-3720;-27359,118363,-3723;-27248,113220,-3536;-27248,113932,-3536;-26992,118384,-3720;-26694,116782,-3688
178	20921	Maille Lizardman Guard	24	429	21	0	25	-30761,106467,-3303;-30306,107304,-3447;-30104,106948,-3451;-29487,112979,-3213;-29298,108372,-3672;-29199,107126,-3544;-29142,115280,-3545;-28796,108194,-3680
178	20925	Giant Araneid	24	438	22	0	20	-30306,108728,-3613;-29864,107948,-3618;-29638,109059,-3665;-29501,107304,-3536;-28483,116470,-3711;-28313,105007,-3683;-28255,114288,-3536;-28200,118028,-3702
178	20926	Poison Araneid	25	506	25	0	19	-30687,106060,-3276;-29500,108372,-3656;-28869,107616,-3605;-28732,113744,-3413;-28594,108550,-3713;-28315,115334,-3673;-28100,117494,-3702;-28096,106967,-3665
178	20922	Maille Lizardman Warrior	26	475	24	0	38	-25452,98175,-3727;-23848,98139,-3727;-31458,103154,-3672;-31421,105362,-3018;-30954,103688,-3672;-30910,107660,-3458;-30811,108194,-3561;-30805,105715,-3178
178	20927	King of the Araneid	27	726	37	0	43	-26437,97960,-3727;-32150,101578,-3324;-32007,102533,-3008;-31726,99782,-3715;-31603,100980,-3519;-31467,101373,-3422;-30785,100355,-3599;-30609,108550,-3583
178	20923	Maille Lizardman Shaman	28	696	37	0	43	-31864,97218,-3872;-29984,97980,-3727;-29422,97322,-3703;-29210,98297,-3727;-25769,97651,-3711;-31815,102134,-3916;-31660,103510,-3672;-31411,101778,-3916
178	20924	Maille Lizardman Matriarch	30	854	47	0	39	-29791,98298,-3727;-29017,97761,-3727;-28263,98144,-3727;-27509,98234,-3723;-24595,98018,-3723;-23193,98022,-3723;-31458,103510,-3069;-31399,100346,-3614
179	27096	Singing Flower Nightmare	44	0	0	0	3	69580,10394,-3692;69781,10394,-3692;69883,10928,-3692
180	20633	Taik Orc Shaman	43	3068	207	0	3	152138,65482,-3336;151735,66194,-3336;151836,65660,-3336
180	20634	Taik Orc Captain	44	5886	402	0	3	152339,65482,-3336;151634,66016,-3336;152440,66372,-3336
180	20635	Carinkain	45	2974	207	0	3	151634,66372,-3368;151735,65838,-3336;152038,66016,-3336
180	20636	Forest of Mirrors Ghost	46	3310	235	0	5	155946,65036,-3529;155085,66036,-3647;155887,66986,-3544;156460,66182,-3820;158174,68205,-3526
180	20637	Forest of Mirrors Ghost	47	3456	248	0	3	155239,64439,-3610;154281,66562,-3699;156943,68136,-3404
180	20638	Forest of Mirrors Ghost	48	3605	263	0	5	154627,67484,-3513;156560,65648,-3820;156906,67184,-3566;157193,66465,-3616;159372,67894,-3474
180	20639	Mirror	49	8508	628	0	3	157449,64839,-3492;157666,67883,-3528;158294,66718,-3336
180	20640	Harit Lizardman	50	3636	274	0	5	160223,64641,-3711;161412,64119,-3722;157731,70436,-3508;159474,65636,-3804;159859,66741,-3685
180	20641	Harit Lizardman Grunt	51	4501	343	0	3	160209,63461,-3578;159676,65992,-3804;160374,65574,-3723
180	20642	Harit Lizardman Archer	52	4214	326	0	2	159676,65280,-3804;159179,66921,-3652
181	20310	Brown Bear	16	576	23	0	3	-69100,158961,-2804;-65195,161740,-3708;-62415,164101,-3759
181	20017	Vuku Orc Fighter	17	618	26	0	1	-66417,161576,-3659
181	20038	Venomous Spider	18	704	31	0	2	-65755,162618,-3695;-64570,163147,-3785
181	20043	Arachnid Tracker	19	760	34	0	3	-63137,162561,-3739;-61705,163761,-3769;-62869,165074,-3723
181	20050	Arachnid Predator	20	799	35	0	1	-58877,164659,-3723
181	21011	Ol Mahum Van Grunt	30	1308	72	0	10	-55697,167851,-3278;-55399,168971,-3302;-53187,168965,-3669;-52928,170780,-3656;-46605,169154,-3147;-46505,169332,-3147;-46001,168442,-3147;-45900,168264,-3147
181	21012	Magical Eye	31	1736	96	0	7	-53938,172525,-3629;-52485,171820,-3722;-46504,168620,-3147;-46403,168798,-3147;-46303,169332,-3147;-46202,168442,-3147;-45800,168798,-3147
181	21013	Ol Mahum Van Archer	32	1920	108	0	3	-54707,172409,-3629;-45295,168976,-3147;-45195,168798,-3147
182	20357	Langk Lizardman Lieutenant	22	821	39	0	2	-40219,214729,-3733;-38642,211824,-3700
182	21101	Langk Lizardman Shaman	24	935	46	0	1	-39144,213652,-3707
183	20919	Maille Lizardman	20	321	14	0	3	-27821,123300,-3605;-25894,124809,-3444;-24366,122255,-3679
183	20920	Maille Lizardman Scout	22	594	28	0	7	-27600,122576,-3628;-27266,123933,-3575;-27037,124855,-3451;-25547,124067,-3602;-24747,123566,-3691;-23657,123810,-3591;-23446,121602,-3620
183	20921	Maille Lizardman Guard	24	429	21	0	3	-26993,123280,-3635;-23885,122560,-3664;-23395,122394,-3634
183	20925	Giant Araneid	24	438	22	0	1	-27257,121968,-3692
183	20926	Poison Araneid	25	506	25	0	1	-26908,121423,-3727
183	20927	King of the Araneid	27	726	37	0	2	-26317,122615,-3696;-26097,121575,-3723
184	20605	Weird Drake	45	3004	209	0	2	106977,92672,-2128;109939,92974,-2240
184	27188	Fairy Tree of Abyss	55	0	0	0	1	106671,93905,-2070
185	20600	Karul Bugbear	40	2741	177	0	32	104228,81860,-3284;104281,80375,-2483;104694,80575,-2586;104933,83818,-3284;105132,80931,-2538;105135,82750,-3284;105521,79430,-2246;105803,82941,-2811
185	20601	Tamlin Orc	41	2444	160	0	25	103998,81783,-2517;104021,81297,-2565;104101,82437,-2532;104842,82900,-2650;105330,80300,-2517;105459,83251,-2760;106117,85416,-2893;106500,88188,-3142
185	20602	Tamlin Orc Archer	42	3308	220	0	16	104776,79973,-2449;104811,81802,-2691;104984,83337,-2694;105788,82103,-2988;106702,83710,-2481;106729,85771,-2998;106789,87880,-3142;107023,87025,-3142
185	20603	Kronbe Spider	43	2715	184	0	20	108006,89951,-2520;108275,90758,-2555;112098,90524,-2593;112132,88723,-2747;113553,91629,-2460;113809,88108,-3051;114051,90054,-2634;116849,88902,-3813
185	20604	Lakin	44	3317	227	0	23	109156,90028,-2615;110240,87242,-3236;110341,87064,-3236;110620,87788,-2904;111330,86769,-2846;111383,87441,-2905;112403,87522,-2904;113009,89179,-2842
185	20605	Weird Drake	45	3004	209	0	22	108232,89242,-2497;109314,91405,-2549;110555,90121,-2510;111271,92004,-2587;111972,86994,-2847;117148,92281,-2730;118380,89385,-3813;118768,91315,-3516
185	27185	Fairy Tree of Wind	55	0	0	0	1	113356,93848,-2072
185	27186	Fairy Tree of Star	55	0	0	0	1	117733,94108,-2068
186	20450	Relic Werewolf	9	267	9	0	4	44769,248843,-6405;44970,248843,-6405;47318,248774,-6361;47419,249308,-6361
186	20092	Monster Eye	10	294	10	0	2	44954,248458,-6407;45233,248473,-6451
186	20095	Vampire Bat	10	296	10	0	1	47318,249486,-6361
186	20361	Tunath Orc Marksman	10	305	10	0	3	44971,249199,-6405;47446,246501,-6677;47446,246857,-6677
186	20097	Drill Bat	11	326	12	0	2	43557,248084,-6488;45043,248061,-6415
186	20099	Skeleton	12	363	13	0	3	46203,247705,-6361;46404,247705,-6361;46606,248061,-6361
186	20362	Tunath Orc Warrior	12	363	13	0	4	43557,248440,-6496;43557,248796,-6496;47647,246501,-6677;47950,247035,-6677
186	20100	Skeleton Archer	13	405	16	0	1	42698,247710,-6456
186	20378	Stone Giant	13	545	21	0	1	42971,247243,-6513
186	20102	Skeleton Marksman	14	428	17	0	1	43173,247599,-6513
186	20104	Skeleton Lord	15	445	18	0	2	44127,245781,-6513;44328,245781,-6513
186	20404	Silent Horror	16	485	20	0	2	43071,247065,-6513;44429,245959,-6513
186	20109	Salamander	17	988	42	0	2	46801,242775,-6604;46902,243309,-6604
186	20462	Cave Blade Spider	17	515	22	0	3	45588,244352,-6509;45793,244383,-6557;45952,244326,-6509
186	20112	Salamander Elder	18	992	42	0	3	46398,243131,-6604;46802,243487,-6604;47103,243309,-6604
186	20114	Salamander Noble	19	1050	46	0	5	45046,245580,-6663;45247,245580,-6663;45649,245580,-6663;46724,245079,-6656;46724,245435,-6656
186	20115	Undine Noble	19	1072	48	0	5	45046,245936,-6663;45157,246173,-6608;45550,246114,-6663;46786,246075,-6662;46988,246431,-6662
186	20117	Dre Vanul	20	666	29	0	11	44379,246593,-6512;45449,245936,-6663;45619,246693,-6612;46685,246253,-6662;46746,247222,-6707;46786,246787,-6662;47026,245257,-6656;47033,247461,-6658
186	20118	Dre Vanul Scout	21	649	30	0	2	47973,245895,-6623
186	20056	Dre Vanul Disposer	22	767	36	0	3	47814,245554,-6658;47930,246086,-6658;47994,245855,-6658
186	27016	Nerkas	22	0	0	0	1	46828,246674,-6672
186	27117	Nahir	35	0	0	0	1	48001,244347,-6563
187	20357	Langk Lizardman Lieutenant	22	821	39	0	3	-53512,210477,-3262;-52875,211582,-2758;-37966,209507,-3697
187	20548	Ol Mahum Deserter	23	895	43	0	4	-50677,211200,-2994;-48188,211926,-3286;-46661,212816,-3425;-45587,212800,-3350
187	21101	Langk Lizardman Shaman	24	935	46	0	5	-54102,211622,-2663;-53952,210939,-2598;-51611,210744,-3600;-51479,211761,-2991;-44924,213852,-3324
187	20356	Langk Lizardman Leader	25	1012	51	0	5	-53434,211813,-2747;-51261,210669,-3032;-50304,212432,-3100;-49313,212245,-3163;-46296,213910,-3490
188	21439	Heathen Executed	66	1538	145	0	7	104242,-60309,-2418;104692,-61373,-2484;104768,-60447,-2415;104934,-60902,-2567;105329,-61597,-2689;105354,-61003,-2619;105806,-61081,-2649
188	21440	Heathen Archer	67	1684	160	0	4	104402,-60856,-2486;104491,-61537,-2387;105132,-60772,-2526;105732,-61298,-2718
188	21441	Heathen Grunt	68	1633	158	0	3	103631,-60741,-2365;104799,-61110,-2554;105795,-61713,-2812
188	21442	Heathen Knight	69	1681	164	0	3	104054,-60820,-2400;104463,-61228,-2441;105263,-61244,-2650
189	20956	Past Knight	64	5794	530	0	2	107829,-2001,-3252;109591,-2053,-3453
190	20433	Festering Bat	13	462	18	0	5	-30298,63293,-3608;-29821,62878,-3560;-28589,64202,-3624;-28002,64883,-3600;-26927,65037,-3672
190	20379	Stone Soldier	14	705	27	0	6	-35515,64529,-3368;-33881,64436,-3496;-30688,63581,-3600;-30333,64278,-3600;-30322,64151,-3600;-29298,63960,-3616
190	20025	Lesser Dark Horror	15	545	22	0	2	-24298,61296,-3624;-24062,61161,-3624
190	20392	Redeye Bat	15	534	22	0	7	-35000,65142,-3408;-31687,63690,-3552;-30055,63847,-3624;-28589,63871,-3616;-27357,64533,-3648;-24620,61375,-3624;-18425,59390,-3688
190	20410	Scavenger Spider	15	545	22	0	7	-19674,80648,-3664;-19674,81392,-3656;-19175,81524,-3616;-18584,80648,-3616;-17976,81514,-3624;-17936,82672,-3600;-14160,84273,-3672
190	20380	Stone Guardian	16	807	33	0	10	-34550,64253,-3448;-34938,67910,-3448;-34557,67733,-3448;-34144,67523,-3240;-34079,67542,-3464;-33852,67015,-3520;-33831,68756,-3376;-33728,68513,-3376
190	20393	Red Scavenger Spider	16	570	23	0	7	-4722,85371,-3696;-3710,85178,-3712;-2168,79276,-3584;-1864,85620,-3688;-1316,79276,-3648;-1032,82552,-3576;-674,84599,-3576
190	20034	Prowler	17	618	26	0	3	-35209,67100,-3496;-34339,68471,-3408;-33099,68680,-3384
190	20369	Moonstone Beast	17	599	25	0	9	-19129,80648,-3664;-7234,85269,-3400;-6054,85352,-3568;-5784,84441,-3584;-4975,85757,-3688;-2951,84985,-3688;-2168,79780,-3608;-1316,82300,-3592
190	20039	Scavenger Wererat	18	640	28	0	6	-19393,81524,-3640;-18702,82046,-3568;-18474,81835,-3584;-7144,85889,-3432;-5876,83946,-3568;-5542,85112,-3616
190	20043	Arachnid Tracker	19	760	34	0	6	-18593,82577,-3600;-18434,81439,-3592;-17848,81522,-3632;-17325,82251,-3624;-16411,85010,-3664;-5508,83946,-3576
190	20049	Lycanthrope	20	726	32	0	5	-2445,84599,-3672;-1774,85519,-3688;-1433,85757,-3696;-1316,79780,-3640;-421,85757,-3608
190	27021	Kirunak	22	0	0	0	1	8837,78441,-3727
190	27077	Unicorn Of Eva	30	0	0	0	1	4683,89484,-3464
190	27118	Black Willow	30	0	0	0	5	-11472,57915,-3720;-11089,58277,-3696;-10958,57596,-3720;-9982,57638,-3648;-9610,57821,-3632
191	27003	Spirit Of Mirrors	9	0	0	0	1	-96984,247644,-3640
192	20358	Ratman Hunter	18	640	28	0	7	-79606,105646,-3747;-78570,101240,-3530;-78470,100706,-3448;-78168,100172,-3561;-77765,101240,-3667;-77563,101596,-3747;-77462,100350,-3568
192	20043	Arachnid Tracker	19	760	34	0	4	-78269,100706,-3551;-77664,101062,-3639;-77619,103240,-3862;-77261,101418,-3750
192	20050	Arachnid Predator	20	799	35	0	4	-80501,104730,-3809;-78740,99554,-3619;-78334,104638,-3782;-76426,105975,-3600
192	21095	Giant Poison Bee	21	840	39	0	11	-76919,103021,-3879;-76862,116865,-2504;-76773,116022,-1882;-76660,117577,-2656;-76359,116331,-2128;-76358,117043,-2664;-76254,117493,-2721;-75836,119514,-3466
192	21096	Cloudy Beast	22	837	40	0	13	-77596,123341,-3600;-77375,123566,-3624;-76961,117399,-2632;-76359,115975,-2104;-76258,116865,-2528;-76156,117399,-2736;-75956,116331,-2360;-75857,115797,-2352
192	21097	Young Araneid	23	985	48	0	14	-82060,124317,-3752;-78934,125447,-3682;-77395,124053,-3642;-76560,117043,-2648;-76538,124803,-3714;-76459,116865,-2496;-75957,115619,-2288;-75857,115441,-2320
192	21098	Plain Grizzly	24	935	46	0	12	-81656,125029,-3752;-81556,124495,-3752;-77837,126001,-3699;-76661,116153,-1944;-76661,116509,-2128;-75956,117399,-2736;-75554,114907,-2256;-75554,117043,-2776
192	21099	Cloudy Beast Turen	25	1012	51	0	7	-82161,125207,-3752;-82161,125563,-3752;-81757,124851,-3752;-81657,124317,-3752;-81354,125207,-3752;-77035,122105,-3661;-75984,123697,-3736
192	21023	Sobbing Wind	26	1056	53	0	2	-93819,97300,-3541;-93504,96117,-3547
192	21024	Babbling Wind	27	1113	57	0	7	-95560,96005,-3529;-95498,98295,-3525;-93627,95659,-3518;-92779,94785,-3481;-92669,96049,-3553;-91995,96200,-3565;-91387,94965,-3520
192	21025	Giggling Wind	28	1178	62	0	2	-95212,95271,-3480;-93923,94493,-3440
193	20204	Bloody Bee	23	956	46	0	2	5737,170685,-3489;7097,172528,-3526
194	22017	Bandit Sweeper	30	1281	70	0	4	118738,-160714,-1032;118926,-162318,-1240;120416,-161738,-1352;123451,-160208,-1152
194	22018	Bandit Hound	31	1404	78	0	3	117912,-160933,-1077;118544,-162429,-1219;119975,-161200,-1230
194	22020	Snow Lynx	33	1515	87	0	1	121543,-156791,-1716
194	22021	Bandit Undertaker	34	1593	93	0	2	120725,-156631,-1668;122156,-156406,-1815
194	22022	Bandit Assassin	35	1735	103	0	5	120987,-157086,-1656;121511,-153262,-2470;122081,-152087,-2652;122489,-146882,-3538;123017,-149329,-3109
194	22023	Bandit Warrior	36	1899	115	0	9	121782,-147748,-3318;122666,-148561,-3233;123323,-153671,-2375;123466,-150109,-2911;124034,-152673,-2482;124733,-150083,-3040;124985,-159371,-1281;125546,-159484,-1250
194	22024	Bandit Inspector	37	1855	114	0	6	122306,-152909,-2476;123538,-150742,-2811;124185,-153537,-2339;124533,-149280,-3248;124621,-159265,-1296;125053,-158843,-1315
194	22025	Frozen Wasteland Werewolf	38	3048	190	0	8	115649,-144210,-3150;119373,-143138,-2802;119852,-144213,-3082;120577,-143741,-3040;124112,-150989,-2803;125368,-142261,-3158;125871,-142647,-3165;127097,-143274,-3233
194	22026	Bandit Captain	40	2537	164	0	3	124175,-160367,-1213;124276,-159623,-1273;125178,-159269,-1275
194	22028	Vagabond of the Ruins	40	5074	328	0	7	116757,-144394,-3148;117182,-143204,-2998;117847,-143764,-2979;117914,-143017,-2900;119046,-142740,-2744;124922,-142566,-3207;125770,-142963,-3196
195	21013	Ol Mahum Van Archer	32	1920	108	0	1	-40916,188770,-3257
195	21265	Cave Ant Larva	36	1586	96	0	8	-30122,189233,-3942;-30042,189457,-3942;-29440,190302,-3942;-29021,191554,-3942;-28685,192427,-3942;-27971,191681,-3942;-27559,193102,-3942;-27386,193644,-3942
195	21266	Cave Ant Larva	36	0	0	0	7	-30581,188645,-3942;-29966,190638,-3942;-28594,190624,-3942;-28580,192674,-3942;-27735,194373,-3987;-27578,194579,-3987;-27311,193593,-3942
195	21267	Cave Ant Larva	36	0	0	0	6	-29907,191065,-3942;-29021,191910,-3942;-28382,192961,-3942;-28063,191410,-3942;-27634,194551,-3987;-27433,193734,-3942
195	21268	Cave Ant Larva	36	2950	178	0	5	-30077,189156,-3942;-28920,191732,-3942;-28488,192116,-3942;-27605,192394,-3942;-27426,193450,-3942
196	20026	Ruin Zombie	15	755	31	0	3	-48345,109735,-3571;-46175,112674,-3807;-43271,106861,-3275
196	20029	Ruin Zombie Leader	16	807	33	0	9	-59189,121770,-3097;-58549,123052,-3008;-57654,120538,-3103;-53698,118081,-3011;-50581,121873,-2831;-46161,107939,-3615;-44759,110233,-3807;-43572,111126,-3800
196	20035	Tracker Skeleton	17	605	25	0	11	-57009,118233,-3039;-56814,119938,-3003;-56493,119183,-3005;-56286,119787,-2996;-54806,120062,-3116;-54450,116169,-3169;-53564,120427,-2890;-51871,115010,-3588
196	27030	Water Seer	17	0	0	0	6	-58947,122706,-3136;-58644,122172,-3136;-58543,122350,-3136;-54853,123542,-3120;-53881,122037,-2875;-52291,122745,-2886
196	20042	Tracker Skeleton Leader	18	652	28	0	28	-58268,119659,-3144;-57914,118688,-3077;-56167,117960,-3013;-54856,116967,-3124;-54705,120952,-3116;-53598,118994,-3116;-52888,115143,-3310;-52036,112870,-3575
196	20045	Skeleton Scout	19	698	31	0	20	-59843,121388,-3132;-57765,119852,-3092;-56696,121471,-3024;-56524,122179,-2987;-56380,116407,-3014;-54504,119528,-3116;-53525,113833,-3290;-51871,115366,-3588
196	20359	Ratman Warrior	19	678	30	0	16	-55012,127844,-3192;-54509,127666,-3192;-54106,128022,-3192;-53427,128994,-3073;-51889,125954,-3236;-50926,125315,-3007;-50406,127457,-2993;-49716,128867,-3156
196	20050	Arachnid Predator	20	799	35	0	13	-54408,127488,-3192;-54408,128200,-3192;-54006,127488,-3192;-51775,123883,-2975;-51433,122478,-2830;-50958,126652,-3051;-50507,124296,-3104;-49146,129959,-2560
196	20051	Skeleton Bowman	20	734	32	0	7	-57953,121473,-3102;-55980,120296,-2978;-54604,120774,-3116;-51468,115010,-3588;-51066,115366,-3588;-50161,115544,-3588;-49499,116495,-3321
196	20919	Maille Lizardman	20	321	14	0	11	-32150,116279,-2721;-31322,116782,-3080;-30510,123772,-3398;-30115,116782,-3440;-29913,116426,-3471;-29805,123238,-3398;-29764,118902,-3590;-29611,116248,-3519
196	20054	Ruin Spartoi	21	764	35	0	19	-53804,114908,-3238;-53552,116598,-3169;-51057,112756,-3572;-50664,115722,-3588;-50462,115010,-3588;-49364,112180,-3571;-49193,110501,-3637;-49118,118319,-3143
196	20055	Wandering Eye	21	764	35	0	12	-44573,131746,-3176;-44472,131568,-3176;-43795,135045,-2894;-42604,133643,-2968;-36458,136158,-3536;-36015,133185,-3085;-35919,131938,-2850;-35858,134423,-3257
196	20059	Hungry Eye	22	821	39	0	10	-54548,130736,-3012;-52557,130749,-3060;-50650,130323,-3002;-53490,131081,-3061;-50990,131448,-3292;-48862,133293,-2479;-48831,131138,-2485;-44202,133755,-2824
196	20060	Raging Spartoi	22	837	40	0	12	-50621,110376,-3592;-49698,111225,-3572;-49588,113849,-3600;-49554,114801,-3638;-49394,110501,-3637;-49293,110679,-3637;-47814,113694,-3670;-47303,112893,-3572
196	20920	Maille Lizardman Scout	22	594	28	0	9	-30719,117138,-3275;-30718,117850,-3229;-30316,116426,-3386;-30215,116960,-3424;-30014,116604,-3462;-29602,122526,-3398;-29208,117316,-3656;-29108,116782,-3656
196	20062	Tumran Bugbear	23	878	42	0	7	-50157,113470,-3580;-49058,111332,-3571;-48416,114641,-3672;-47634,112088,-3606;-47538,115383,-3647;-46148,108675,-3761;-45708,112999,-3807
196	20548	Ol Mahum Deserter	23	895	43	0	5	-52926,129218,-3062;-51980,129940,-3036;-50162,132380,-2892;-49960,132024,-2892;-49960,132380,-2892
196	20064	Tumran Bugbear Warrior	24	954	47	0	5	-51806,113835,-3555;-50958,112129,-3590;-48667,109930,-3562;-48295,108309,-3720;-44756,113781,-3805
196	20921	Maille Lizardman Guard	24	429	21	0	16	-34576,111539,-2347;-32240,112076,-2516;-31737,112254,-2704;-31435,113500,-2656;-31413,107838,-3408;-31333,113322,-2672;-31314,108728,-3564;-31033,112076,-2527
196	20925	Giant Araneid	24	438	22	0	25	-33286,116530,-2509;-33096,105962,-2591;-32919,119353,-2575;-32879,106280,-2635;-32745,107879,-2628;-32744,113678,-2272;-32240,113144,-2416;-32172,106412,-2914
196	20926	Poison Araneid	25	506	25	0	26	-33566,107810,-2452;-32944,118172,-2582;-32940,106921,-2570;-32935,115125,-2408;-32442,114212,-2432;-31938,111898,-2680;-31938,114034,-2564;-31636,112788,-2632
196	20922	Maille Lizardman Warrior	26	475	24	0	11	-32973,103935,-2619;-32918,109173,-2607;-32644,113856,-2288;-32543,113678,-2304;-32441,112788,-2352;-31937,113322,-2527;-31741,112378,-2688;-31487,105866,-3032
196	20927	King of the Araneid	27	726	37	0	11	-33565,109600,-2503;-32627,110039,-2578;-32617,103855,-2720;-32341,113322,-2352;-32139,112254,-2552;-31737,113322,-2579;-31736,112966,-2616;-31637,113856,-2645
196	20923	Maille Lizardman Shaman	28	696	37	0	1	-32138,104299,-2802
196	20924	Maille Lizardman Matriarch	30	854	47	0	2	-34382,103712,-2362;-32712,104766,-2693
196	27095	Singing Flower Phantasm	44	0	0	0	3	-57972,126924,-2944;-57871,127458,-2944;-57670,127102,-2944
197	20514	Shield Skeleton	15	534	22	0	5	-22588,145763,-3795;-18332,148142,-3386;-17602,147978,-3752;-17480,146948,-3711;-17199,147622,-3752
197	20515	Skeleton Infantryman	16	570	23	0	11	-24815,144073,-3742;-24698,145008,-3635;-17702,147444,-3752;-17327,146199,-3738;-16758,148365,-3428;-16344,148011,-3483;-13820,148713,-2985;-13343,149284,-3093
197	20506	Ruin Imp	17	605	25	0	13	-26230,144269,-3484;-25378,143650,-4016;-18644,147458,-3521;-18137,147668,-3501;-17904,147444,-3752;-16698,147088,-3752;-13518,148535,-3420;-12814,148357,-3420
197	27024	Undead Priest	17	0	0	0	8	-13702,148136,-3472;-13597,148307,-3027;-13558,148938,-3038;-13500,147780,-3472;-13500,148136,-3472;-13255,148211,-3072;-13101,149093,-3118;-12996,148670,-3472
197	20411	Scavenger Bat	18	640	28	0	10	-13719,148535,-2984;-12801,147483,-3139;-12512,148891,-3420;-12180,149408,-3203;-11521,148420,-3289;-11375,144333,-3650;-10699,146415,-3726;-10091,145620,-3880
197	20359	Ratman Warrior	19	678	30	0	9	-26310,129875,-3723;-26001,128437,-3515;-32379,136074,-3907;-32026,133400,-3751;-31359,136514,-3844;-29911,131306,-3804;-29634,133840,-3671;-29554,132480,-3860
197	20457	Zombie Soldier	19	958	43	0	8	-11500,145013,-3626;-10494,144908,-3880;-10393,144730,-3880;-10090,145976,-3880;-7358,142747,-3804;-6356,143834,-3561;-5848,143281,-3804;-3485,145057,-3661
197	20050	Arachnid Predator	20	799	35	0	6	-32339,139469,-4012;-31322,141783,-4104;-31120,141427,-4104;-31114,139144,-3909;-30920,141783,-4104;-28398,134462,-3614
197	20505	Ruin Bat	20	712	32	0	11	-11626,142389,-3688;-11571,145942,-3589;-11401,146556,-3489;-11052,145049,-3708;-10252,147001,-3789;-8140,143100,-3420;-7913,145692,-3618;-7006,145234,-3591
197	20055	Wandering Eye	21	764	35	0	6	-27296,130944,-3684;-32030,134587,-3751;-31523,141427,-4104;-31422,141249,-4104;-30934,138141,-3908;-30566,134855,-3706
197	20507	Ruin Imp Elder	21	779	36	0	13	-13364,144973,-3602;-11343,141877,-3692;-11057,142316,-3671;-10774,141832,-3667;-9768,140492,-3768;-9650,142099,-3634;-7056,143637,-3804;-6654,142925,-3804
197	20059	Hungry Eye	22	821	39	0	13	-35341,138938,-3372;-33984,135888,-3919;-33539,137701,-3479;-33152,139744,-4044;-32899,141007,-3988;-32339,139113,-4012;-31926,141783,-4104;-31725,141783,-4104
197	20458	Zombie Warrior	22	1184	56	0	1	-13720,144512,-3602
197	20401	Veelan Bugbear	23	878	42	0	6	-10706,140460,-3682;-10281,141336,-3667;-9265,140670,-3768;-7258,143281,-3804;-4553,146960,-3618;-3594,141148,-3446
197	20402	Veelan Bugbear Warrior	24	954	47	0	3	-10919,141429,-3668;-10142,141687,-3654;-9667,141382,-3768
198	21567	Bone Slayer	68	12175	1176	0	3	49579,-40567,-2250;49853,-39734,-2218;50690,-40715,-2247
198	21570	Ghost of Betrayer	69	7557	739	0	2	49128,-40288,-2233;50042,-40808,-2241
198	21571	Ghost of Rebellion Soldier	69	10718	1049	0	2	52151,-43688,-3454;52855,-44222,-3454
198	21573	Atrox	69	11456	1121	0	4	49730,-40572,-2246;50567,-40479,-2278;50898,-41667,-2275;52008,-42109,-2624
198	21576	Ghost of Guillotine	70	9350	927	0	5	49074,-40323,-2222;50365,-41274,-2919;52051,-43866,-3454;52252,-43866,-3454;52352,-44756,-3454
198	21578	Behemoth Zombie	71	10308	1034	0	8	47292,-36405,-1583;47306,-37312,-1742;47668,-38458,-1710;47900,-39171,-1747;48763,-35805,-1514;49282,-36549,-1493;49860,-35989,-1573;50513,-36225,-1684
198	21580	Bone Caster	71	10154	1019	0	2	51139,-38515,-1869;51288,-39548,-2040
198	21581	Bone Puppeteer	71	11105	1114	0	5	46794,-36869,-1639;47337,-37731,-1783;48262,-36194,-1467;48786,-37466,-1681;50311,-36408,-1703
198	21582	Vampire Soldier	71	11891	1193	0	4	49031,-39083,-2171;50957,-40875,-2240;52453,-44222,-3454;52755,-44044,-3454
198	21599	Requiem Priest	71	12750	1279	0	2	47194,-37474,-1738;47988,-38781,-1731
198	21583	Bone Scavenger	72	11196	1137	0	11	45907,-37365,-1657;46220,-36387,-1657;46281,-37205,-1678;46591,-36695,-1645;46953,-38272,-1652;47638,-39222,-1752;48064,-35987,-1521;48353,-36680,-1338
198	21585	Vampire Magician	72	9628	978	0	7	46862,-39119,-1820;47280,-37848,-1775;49503,-37412,-2047;49768,-37660,-1973;49975,-36421,-1659;53771,-40821,-3105;55456,-41439,-3038
198	21586	Vampire Adept	72	11374	1156	0	8	45592,-36819,-1630;45957,-37154,-1670;46675,-36875,-1632;48791,-35805,-1506;49493,-37999,-2023;50310,-36889,-1795;54073,-41711,-3105;54375,-41177,-3105
198	21587	Vampire Warrior	72	11852	1204	0	2	47566,-36619,-1568;48921,-36541,-1428
198	21588	Vampire Wizard	73	9936	1022	0	7	46419,-38114,-1464;47241,-38457,-1710;48283,-36647,-1343;49397,-36101,-1529;49705,-37056,-2047;53670,-41355,-3105;54073,-40643,-3105
198	21589	Vampire Wizard	73	10168	1046	0	4	46319,-37897,-1439;48595,-37438,-1660;49183,-36640,-1461;49362,-38394,-2094
198	21590	Vampire Magister	73	9936	1022	0	1	49681,-35721,-1503
198	21591	Vampire Magister	73	11462	1179	0	2	53670,-40643,-3105;54475,-40999,-3105
198	21593	Vampire Warlord	73	13346	1373	0	4	46819,-39146,-1833;47097,-37901,-1749;47554,-38683,-1746;48104,-39472,-1735
198	21594	Vampire Warlord	73	12571	1294	0	7	47252,-37404,-1731;47915,-39277,-1737;49116,-37438,-1693;49551,-35545,-1449;50711,-37412,-2047;54073,-41355,-3105;54757,-41596,-3057
199	29015	Raikel	48	0	1	0	5	43090,16054,-4392;43199,17004,-4392;43255,17641,-4392;43341,16527,-4392;43531,17094,-4392
199	29017	Riba	48	0	1	0	6	43343,18890,-4320;43612,17300,-4392;44004,17969,-4392;44683,16938,-4392;45087,16644,-4392;45216,16508,-4368
199	29018	Riba Iren	49	0	1	0	2	43602,16055,-4392;44681,18047,-4392
200	21438	Heathen Warrior	65	1492	139	0	12	98868,-61027,-2773;99556,-60185,-2807;100249,-60634,-2762;100472,-59904,-2734;100882,-59899,-2643;101502,-59720,-2527;101781,-59539,-2428;101895,-59960,-2489
200	21439	Heathen Executed	66	1538	145	0	5	99440,-60811,-2816;99880,-60330,-2797;101615,-60282,-2481;102306,-60350,-2332;102588,-59529,-2350
200	21440	Heathen Archer	67	1684	160	0	8	99091,-60123,-2798;99186,-60038,-2804;100477,-60226,-2738;102182,-60286,-2384;102247,-59961,-2452;102647,-59263,-2286;102710,-59951,-2395;103419,-60184,-2389
200	21441	Heathen Grunt	68	1633	158	0	9	100098,-59801,-2781;100327,-59950,-2761;101045,-59554,-2516;101151,-60074,-2600;101778,-60450,-2422;102149,-59625,-2404;102829,-60444,-2320;102932,-59563,-2337
200	21442	Heathen Knight	69	1681	164	0	9	99350,-60996,-2802;99995,-60140,-2799;100605,-60411,-2693;100826,-60093,-2666;101409,-59986,-2562;101615,-59532,-2448;102539,-59739,-2402;103387,-60847,-2321
201	20640	Harit Lizardman	50	3636	274	0	9	162286,64888,-3722;160333,72130,-3493;161429,72231,-3481;163394,70622,-3068;163654,66079,-3723;164298,68344,-3255;164467,66487,-3723;165474,72040,-3146
201	20641	Harit Lizardman Grunt	51	4501	343	0	13	159244,69873,-3234;159682,70761,-3301;160081,68578,-3460;160182,68756,-3460;161254,71453,-3475;161472,66691,-3723;163616,68935,-3255;163729,68253,-3255
201	20642	Harit Lizardman Archer	52	4214	326	0	10	160485,67866,-3460;160626,70202,-3467;161946,66214,-3723;162166,65549,-3723;162289,70974,-3358;162704,67623,-3262;163384,69930,-3151;164101,67418,-3456
201	20644	Harit Lizardman Shaman	54	4241	338	0	2	163500,72683,-3016;165671,72947,-3072
201	20645	Harit Lizardman Matriarch	55	9536	770	0	2	163014,71685,-3017;164615,73136,-3108
202	20381	Vaiss Orc	10	296	10	0	9	-49462,54706,-4888;-48678,56344,-4888;-48612,55014,-4888;-47689,57275,-4376;-47492,57927,-4376;-47463,57535,-4376;-47361,54854,-4888;-46159,54696,-4888
202	20382	Vaiss Orc Warrior Leader	11	326	12	0	10	-49077,55089,-4888;-48917,54939,-4888;-48869,56340,-4888;-48844,56674,-4888;-48328,55063,-4888;-47484,57856,-4376;-47050,54928,-4888;-46644,57830,-4376
202	27070	Tumran Orc Brigand	11	0	0	0	15	-51360,77820,-3296;-51330,79871,-3384;-51327,80212,-3432;-50527,76540,-3296;-49860,74910,-3464;-49661,74477,-3424;-48642,76191,-3312;-48310,74145,-3352
202	20517	Skeleton Hunter	12	363	13	0	10	-50865,53875,-4888;-50764,53644,-4888;-50699,53087,-4888;-50444,53175,-4888;-49501,55345,-4888;-49107,55222,-4888;-48922,56275,-4888;-46962,54575,-4888
202	20349	Cave Bat	13	385	15	0	5	-50404,54033,-4888;-50345,53863,-4888;-48976,52524,-4888;-45535,53656,-4888;-45327,53627,-4888
202	20518	Skeleton Hunter Archer	13	397	16	0	5	-50632,53187,-4888;-48633,53323,-4888;-48409,56061,-4888;-46479,52713,-4888;-46363,54859,-4888
202	20022	Misery Skeleton	14	424	16	0	6	-50408,47896,-5400;-49464,52667,-4888;-49359,53023,-4888;-49036,53726,-4888;-48681,53154,-4888;-48542,53715,-4888
202	20379	Stone Soldier	14	705	27	0	4	-42315,60392,-3304;-41719,60012,-3288;-41379,59550,-3288;-41037,59438,-3272
202	20455	Doom Soldier	14	424	16	0	4	-46345,52876,-4888;-45898,53007,-4888;-45482,53615,-4888;-45301,53581,-4888
202	20348	Cave Spider	15	445	18	0	6	-50643,47820,-5400;-50606,48893,-5912;-50551,49242,-5912;-50355,49590,-5912;-50306,49464,-5912;-49284,52448,-4888
202	20392	Redeye Bat	15	534	22	0	7	-42997,60854,-3280;-42490,60905,-3304;-42258,60032,-3304;-40795,62548,-3328;-40721,60162,-3256;-40700,61044,-3256;-36555,64386,-3336
202	20350	Cave Fang Spider	16	485	20	0	2	-50579,49235,-5912;-50012,49087,-5912
202	20380	Stone Guardian	16	807	33	0	26	-44740,63321,-3344;-44397,63440,-3336;-43606,62267,-3280;-43203,64879,-3304;-43200,62987,-3320;-42645,63840,-3312;-40300,64836,-3320;-40215,64309,-3328
202	20034	Prowler	17	618	26	0	42	-44662,63681,-3336;-43546,63009,-3320;-43503,62916,-3320;-43431,63184,-3320;-43111,63476,-3320;-42207,63218,-3312;-40767,63543,-3328;-40513,65324,-3328
202	20038	Venomous Spider	18	704	31	0	13	-60613,85018,-3592;-60027,85474,-3632;-59803,85573,-3680;-59737,85359,-3672;-52701,71089,-3248;-50886,77806,-3296;-50882,77549,-3296;-50872,77467,-3296
202	20418	Crystalline Beast	18	633	28	0	10	-72719,75079,-3152;-72467,74615,-3200;-71582,74763,-3240;-71582,76281,-3144;-71333,74963,-3232;-70242,76028,-3280;-64853,85120,-3640;-64598,83969,-3592
202	20043	Arachnid Tracker	19	760	34	0	23	-73509,81433,-3424;-73477,72536,-3136;-73190,76028,-3152;-73129,81207,-3408;-72150,77142,-3152;-72118,74257,-3232;-71850,73751,-3240;-71569,84259,-3472
202	20776	Dark Succubus	20	783	35	0	11	-73940,80959,-3376;-73218,83196,-3376;-72150,77733,-3152;-71171,85282,-3456;-70428,84408,-3464;-70053,82195,-3472;-69822,77339,-3272;-69687,79329,-3384
202	27054	Umbar Orc	20	0	0	0	3	-74012,81878,-3384;-73896,81913,-3400;-73798,81919,-3416
203	18119	Corpse of Deadman	63	0	0	0	3	60084,-46497,-2521;60362,-45743,-2532;61124,-45712,-2563
203	21570	Ghost of Betrayer	69	7557	739	0	4	60343,-48346,-2743;60383,-46579,-2426;60498,-47581,-2732;60537,-48137,-2758
203	21572	Bone Sweeper	69	10282	1006	0	2	60078,-46796,-2500;60271,-47841,-2738
203	21573	Atrox	69	11456	1121	0	2	59875,-47568,-3247;60389,-46791,-2497
203	21574	Bone Grinder	70	12902	1279	0	1	59644,-47486,-2714
203	21576	Ghost of Guillotine	70	9350	927	0	1	59774,-47746,-3247
203	21577	Ghost of Guillotine	70	8195	813	0	1	60303,-48131,-2761
203	21578	Behemoth Zombie	71	10308	1034	0	3	59604,-46657,-2583;60371,-47156,-2695;60388,-46022,-2545
203	21579	Ghost of Rebellion Leader	71	10843	1088	0	3	59588,-46594,-2567;59866,-47878,-2723;60643,-47150,-2662
203	21581	Bone Puppeteer	71	11105	1114	0	2	59828,-46270,-2557;60543,-45606,-2523
203	21582	Vampire Soldier	71	11891	1193	0	2	59976,-47390,-3247;60077,-47212,-3247
203	21585	Vampire Magician	72	9628	978	0	2	59009,-42450,-2999;59592,-42313,-2999
203	21586	Vampire Adept	72	11374	1156	0	1	58722,-43183,-2999
203	21589	Vampire Wizard	73	10168	1046	0	1	59332,-42507,-2999
203	21592	Vampire Magister	73	7750	797	0	2	58864,-43153,-2999;59984,-42454,-2999
203	21595	Vampire Warlord	73	9161	943	0	1	60586,-42404,-2999
204	20517	Skeleton Hunter	12	363	13	0	4	-44487,53638,-4888;-44141,53763,-4888;-43815,53760,-4888;-43701,53389,-4888
204	20015	Marsh Zombie	13	654	26	0	8	-17472,32449,-3712;-17132,31836,-3680;-16830,31715,-3672;-16659,33155,-3592;-13826,34000,-3480;-13691,33874,-3424;-12345,37226,-3696;-11697,35750,-3600
204	20349	Cave Bat	13	385	15	0	2	-44116,53680,-4888;-43728,53216,-4888
204	20433	Festering Bat	13	462	18	0	34	-37830,54467,-3280;-37496,54211,-3256;-37320,55206,-2968;-36836,53525,-3248;-36389,54160,-3296;-36321,53653,-3240;-35181,56710,-3360;-34090,54687,-3392
204	20518	Skeleton Hunter Archer	13	397	16	0	1	-43872,53230,-4888
204	27036	Calpico	13	0	0	0	1	-50872,40816,-3320
204	20020	Marsh Zombie Lord	14	705	27	0	20	-29393,48071,-3640;-28562,52311,-3624;-28008,48919,-3688;-28008,50191,-3720;-26368,50605,-3768;-26018,51322,-3760;-25746,50163,-3768;-25738,51763,-3744
204	20022	Misery Skeleton	14	424	16	0	1	-50562,47171,-5400
204	20379	Stone Soldier	14	705	27	0	44	-40804,58590,-3280;-40441,58930,-3304;-39700,58734,-3312;-39357,58518,-3312;-37242,55035,-3048;-36358,61220,-3360;-36061,53723,-3232;-35951,58936,-3368
204	20455	Doom Soldier	14	424	16	0	4	-46018,51979,-4888;-45623,52499,-4888;-44471,47917,-5400;-44279,47466,-5400
204	20025	Lesser Dark Horror	15	545	22	0	56	-28918,47305,-3664;-28485,53297,-3608;-28416,51506,-3648;-28405,55479,-3648;-28242,50524,-3728;-27501,58283,-3672;-27177,51887,-3752;-27146,57608,-3656
204	20348	Cave Spider	15	445	18	0	7	-45665,52371,-4888;-45522,52186,-4888;-44630,49452,-5912;-44551,49919,-5912;-44416,49866,-5912;-44350,47577,-5400;-44231,49505,-5912
204	20392	Redeye Bat	15	534	22	0	63	-39826,57193,-3216;-39786,57735,-3200;-39188,58987,-3312;-38930,57925,-3336;-36359,63660,-3368;-36271,61578,-3368;-35826,64240,-3376;-34865,63235,-3416
204	20105	Dark Horror	16	576	23	0	30	-24667,50040,-3760;-22532,52281,-3632;-21734,59452,-3672;-21606,54334,-3656;-21483,53507,-3608;-21388,54290,-3744;-21330,59701,-3608;-20305,54935,-3760
204	20350	Cave Fang Spider	16	485	20	0	10	-50731,45118,-5400;-50578,45095,-5400;-50393,45464,-5400;-49812,43028,-5400;-45147,43512,-5400;-44631,49272,-5912;-44353,49281,-5912;-44309,44677,-5400
204	20380	Stone Guardian	16	807	33	0	2	-36564,63285,-3352;-33323,62593,-3488
204	20031	Omen Beast	17	504	21	0	12	-50853,45399,-5400;-50832,44533,-5400;-50584,44898,-5400;-49943,43838,-5400;-49530,43457,-5400;-47391,43134,-5400;-47349,43011,-5400;-45264,44160,-5400
204	20041	Tainted Zombie	18	754	33	0	12	-50777,45264,-5400;-50633,45215,-5400;-50135,43953,-5400;-49754,43594,-5400;-49735,43457,-5400;-49572,43929,-5400;-45798,43491,-5400;-45503,43245,-5400
204	20046	Stink Zombie	19	799	36	0	13	-49581,45076,-5400;-49368,45532,-5400;-49345,46012,-5400;-49339,45338,-5400;-47682,43292,-5400;-47250,43940,-5400;-47230,43197,-5400;-47072,43982,-5400
204	20048	Lesser Succubus	20	605	27	0	12	-49872,44748,-5400;-49335,45824,-5400;-49267,46000,-5400;-49180,45324,-5400;-48186,46020,-5400;-47978,44910,-5400;-47466,45441,-5400;-47410,43891,-5400
204	20052	Lesser Succubus Turen	21	649	30	0	7	-48003,44962,-5400;-47851,47169,-5912;-47566,49357,-5768;-47557,48535,-5720;-47318,47525,-5912;-47136,49197,-5736;-46817,45186,-5400
204	20057	Lesser Succubus Tilfo	22	698	33	0	10	-48102,45762,-5400;-48040,50044,-5696;-47867,47195,-5912;-47631,50345,-5720;-47603,48344,-5656;-47452,47162,-5912;-47302,47214,-5912;-47135,50132,-5720
204	27022	Merkenis	22	0	0	0	1	-47938,49195,-5720
204	27110	Shyslassys	36	0	0	0	1	-3336,53135,-3480
204	27079	Black Willow Lurker	39	0	0	0	5	-25339,50226,-3760;-24948,54444,-3752;-21315,57236,-3752;-18498,54124,-3768;-15555,48346,-3760
205	20545	Young Keltir	1	35	2	0	10	-76457,254228,-3208;-75504,252167,-3328;-74866,255282,-3216;-74412,253200,-3328;-74250,256558,-3120;-74019,256725,-3120;-73363,253876,-3328;-73186,254866,-3280
206	27099	Nameless Revenant	38	0	0	0	13	53112,143483,-3907;53213,142949,-3907;53314,143127,-3907;53716,143127,-3907;53817,142949,-3907;53817,143305,-3907;53817,143661,-3907;54320,143483,-3907
206	27097	Singing Flower Darkling	44	0	0	0	3	75152,165688,-3684;75555,166044,-3684;75655,165866,-3684
207	20778	Ragna Orc Overlord	39	2477	157	0	4	9356,-90304,-2792;10292,-90760,-2864;10500,-90988,-2856;10604,-90532,-2872
207	20779	Ragna Orc Seer	39	2212	141	0	4	9356,-89848,-2736;9564,-90532,-2856;10084,-91672,-2856;10812,-91216,-2824
207	22137	Penance Guard	80	3498	396	0	24	-23231,-38882,-10917;-23219,-42582,-10917;-23136,-42582,-10917;-23136,-38882,-10917;-23045,-42582,-10917;-23039,-38882,-10917;-22508,-40731,-10917;-22410,-40731,-10917
207	22139	Old Aristocrat's Soldier	80	31496	3572	0	15	-20730,-39814,-10725;-20672,-37716,-10725;-20648,-41742,-10725;-20274,-40000,-10758;-20214,-37951,-10758;-20105,-39783,-10783;-19766,-43585,-10758;-19345,-41780,-10725
207	22140	Zombie Worker	80	30724	3444	0	30	-20225,-39752,-10758;-20207,-41686,-10758;-20190,-43670,-10758;-20157,-37957,-10758;-20060,-43480,-10758;-19977,-37970,-10758;-19737,-39915,-10758;-19425,-43618,-10725
207	22141	Forgotten Victim	80	31744	3564	0	10	-20561,-43677,-10725;-20058,-43478,-10758;-20035,-41735,-10758;-19990,-41670,-10784;-19872,-37947,-10758;-19641,-39685,-10758;-16342,-41608,-10725;-13053,-41674,-10757
207	22142	Triol's Layperson	80	32184	3650	0	19	-23617,-41787,-10916;-23576,-39625,-10917;-22855,-38040,-10950;-22823,-43708,-10976;-22771,-41766,-10950;-20069,-43496,-10758;-18965,-47297,-10821;-13877,-47143,-10821
207	22143	Triol's Believer	80	37204	4295	0	35	-22984,-43545,-10950;-22892,-41607,-10950;-22380,-39862,-10916;-20773,-45369,-10725;-20560,-46717,-10821;-20370,-48944,-10917;-19369,-47280,-10821;-19317,-50749,-11013
207	22144	Resurrected Temple Knight	80	32279	3704	0	7	-23791,-37982,-10915;-23713,-43550,-10915;-23303,-39933,-10950;-23186,-43569,-10950;-23181,-37889,-10915;-23010,-39829,-10950;-22903,-41620,-10950
207	22145	Ritual Sacrifice	80	31024	3520	0	6	-23879,-41651,-10915;-23175,-38053,-10950;-23069,-43355,-10950;-22741,-39928,-10950;-22677,-37801,-10950;-9666,-43537,-10950
207	22146	Triol's Priest	80	34612	4065	0	12	-20505,-47313,-10821;-20433,-45589,-10725;-19477,-47289,-10821;-18938,-44829,-10725;-18935,-46882,-10821;-17504,-45841,-10725;-17395,-47434,-10821;-15249,-47257,-10821
207	22147	Ritual Offering	80	34170	3976	0	15	-20795,-47631,-10821;-20511,-46795,-10821;-19423,-51456,-11013;-19149,-45457,-10725;-19048,-44780,-10725;-19034,-46832,-10821;-18725,-50823,-11013;-17792,-47616,-10821
207	22149	Ritual Offering	80	32279	3704	0	14	-17993,-45540,-10725;-17945,-44617,-10725;-17546,-47127,-10821;-17499,-45591,-10725;-17409,-44538,-10725;-17176,-41180,-10725;-17013,-39554,-10725;-16153,-42079,-10725
207	22151	Triol's Priest	80	39975	4780	0	6	-20798,-51645,-11013;-20347,-50677,-11013;-19317,-51307,-11013;-19026,-48907,-10917;-13620,-50798,-11013;-12407,-51523,-11013
207	22152	Temple Guard	80	34998	4120	0	13	-20898,-50927,-11013;-20490,-51378,-11013;-20391,-54318,-11114;-19557,-54282,-11114;-18700,-50818,-11013;-17717,-49655,-10917;-17225,-48606,-10917;-15380,-48542,-10917
207	22153	Temple Guard Captain	80	33873	3980	0	12	-20237,-49432,-10917;-20006,-54164,-11114;-19437,-49344,-10917;-19127,-48858,-10917;-18053,-49327,-10917;-14745,-49301,-10917;-13642,-49653,-10917;-13617,-49081,-10917
207	22155	Triol's High Priest	80	48712	5875	0	9	-20330,-54215,-11114;-19751,-52493,-10938;-17881,-53497,-11565;-17703,-57011,-10850;-16453,-53309,-11565;-15658,-53286,-11565;-15250,-57004,-10850;-12687,-52666,-10938
207	22156	Triol's Priest	80	44041	5392	0	15	-20871,-50721,-11013;-20380,-52781,-10938;-20360,-51837,-11013;-20227,-54203,-11114;-18807,-50796,-11013;-17974,-53518,-11565;-16979,-56601,-10850;-15735,-54130,-11565
207	22157	Triol's Priest	80	42196	5100	0	7	-17732,-57079,-10850;-17402,-56532,-10850;-17185,-53128,-11565;-17058,-54136,-11565;-16844,-56562,-10850;-16326,-56926,-10850;-15205,-56909,-10850
207	22158	Triol's Believer	80	43021	5204	0	3	-20368,-54101,-11114;-12657,-52762,-10938;-12560,-54301,-11114
207	22159	Triol's High Priest	80	46305	5650	0	4	-20069,-52782,-10938;-17226,-53189,-11565;-16816,-56567,-10850;-15063,-56562,-10850
207	22160	Triol's Priest	80	40695	4976	0	3	-16541,-53421,-11565;-15781,-53271,-11565;-15316,-56955,-10850
207	22161	Ritual Sacrifice	80	46095	5568	0	6	-17715,-57081,-10850;-17589,-56614,-10850;-16965,-56552,-10850;-15792,-56538,-10850;-15733,-53413,-11565;-15706,-54049,-11565
207	22162	Triol's Believer	80	43272	5232	0	2	-16354,-53302,-11565;-15006,-56363,-10850
207	22163	Triol's High Priest	80	53725	6550	0	2	-16385,-57031,-10850;-14941,-53216,-11565
207	22164	Triol's Believer	80	40695	4976	0	2	-17589,-56499,-10850;-15712,-53178,-11565
207	22165	Triol's Priest	80	42444	5128	0	2	-16274,-56950,-10850;-15635,-53961,-11565
207	22166	Triol's Believer	80	54912	2752	0	5	-17826,-53230,-11565;-16591,-54688,-11565;-15946,-56559,-10850;-15665,-54709,-11565;-14982,-53309,-11565
207	22167	Triol's High Priest	80	51023	5855	0	2	-17535,-56542,-10850;-17109,-54246,-11565
207	22168	Triol's Priest	80	44462	5504	0	15	-20593,-44559,-10725;-20548,-49186,-10917;-20272,-47735,-10821;-19366,-45267,-10725;-18044,-44652,-10725;-17844,-53590,-11565;-17747,-47343,-10821;-17489,-56574,-10850
207	22169	Ritual Sacrifice	80	46881	5768	0	3	-16250,-56843,-10850;-15180,-57081,-10850;-15001,-53177,-11565
207	22170	Triol's Believer	80	55418	2776	0	3	-17549,-57089,-10850;-17217,-53386,-11565;-17198,-54245,-11565
207	22171	Triol's High Priest	80	59194	7300	0	3	-20819,-49287,-10917;-15764,-56612,-10850;-15616,-53897,-11565
207	22172	Ritual Sacrifice	80	47170	5768	0	2	-16483,-53313,-11565;-15051,-56457,-10850
207	22173	Triol's Priest	80	43447	5312	0	2	-16401,-54207,-11565;-14983,-56505,-10850
207	22174	Triol's Priest	80	43021	5204	0	2	-17074,-56518,-10850;-17067,-54418,-11565
207	22175	Andreas' Captain of the Royal Guard	80	3431	172	0	16	-17841,-54312,-10603;-17753,-53950,-10629;-17710,-53768,-10603;-17641,-53350,-10629;-17604,-53050,-10603;-17461,-52839,-10603;-17051,-52639,-10629;-16835,-52485,-10603
207	22194	Penance Guard	80	3498	396	0	18	-21531,-38032,-10835;-21531,-37951,-10845;-21531,-37854,-10831;-21529,-43642,-10814;-21529,-43548,-10831;-21529,-43460,-10825;-21522,-39910,-10825;-21522,-39819,-10852
207	22154	Ritual Sacrifice	85	30262	4064	0	14	-20710,-48872,-10917;-20604,-51170,-11013;-20519,-49398,-10917;-20091,-52681,-10938;-18982,-49372,-10917;-18895,-51265,-11013;-17662,-49741,-10917;-17425,-49086,-10917
207	22176	Andreas' Royal Guards	85	3039	172	0	14	-16594,-45094,-10725;-16552,-49694,-10917;-16532,-47633,-10821;-16530,-47027,-10821;-16529,-46310,-10821;-16513,-49019,-10917;-16497,-48344,-10917;-16198,-44753,-10725
207	22189	Andreas' Royal Guards	86	23977	1388	0	3	-16479,-53528,-10449;-16331,-53260,-10449;-16199,-53591,-10449
207	22190	Ritual Sacrifice	86	23977	1388	0	3	-16712,-53438,-10449;-16297,-53086,-10449;-15847,-53336,-10449
207	22188	Andreas' Captain of the Royal Guard	87	35444	2100	0	1	-16341,-53449,-10449
208	20292	Enku Orc Shaman	20	813	36	0	1	10257,135094,-3143
208	20505	Ruin Bat	20	712	32	0	1	-2117,144188,-3644
208	20224	Ol Mahum Ranger	22	1059	50	0	1	16073,132838,-1803
208	20265	Monster Eye Searcher	22	1526	72	0	3	20058,134345,-2840;22316,135443,-2548;23960,133774,-2194
208	20062	Tumran Bugbear	23	878	42	0	3	20240,132797,-2500;22710,133083,-2306;25015,132152,-1584
208	21104	Delu Lizardman Supplier	32	1754	99	0	1	9906,150516,-3276
209	20030	Langk Lizardman	15	534	22	0	2	-83864,159358,-3158;-74131,157026,-2291
209	20310	Brown Bear	16	576	23	0	4	-74432,157204,-2148;-73929,156670,-2148;-73628,157204,-2148;-72742,157692,-2507
209	21096	Cloudy Beast	22	837	40	0	1	-71863,126233,-3620
209	21097	Young Araneid	23	985	48	0	3	-80563,128807,-3647;-76805,127649,-3671;-75323,125798,-3917
209	21098	Plain Grizzly	24	935	46	0	7	-85156,130751,-3297;-80442,126622,-3599;-78684,126897,-3700;-76210,127167,-3744;-72013,127093,-3649;-80989,131108,-3626;-80067,134153,-3261
209	21099	Cloudy Beast Turen	25	1012	51	0	6	-82976,130056,-3580;-80980,127444,-3596;-70833,128529,-3386;-81868,131935,-3500;-79687,131129,-3594;-77903,134429,-3343
210	27317	Restrainer of Glory	70	0	0	0	6	86108,-76340,-3524;86209,-76162,-3524;86700,-75316,-3584;86801,-75138,-3584;87052,-75716,-3584;87153,-75538,-3584
210	27216	Guardian of Forbidden Knowledge	76	0	0	0	10	71704,-82996,-4362;72172,-82869,-4313;72193,-82473,-4267;72224,-83539,-4313;72265,-84395,-4313;72397,-83765,-4313;72408,-82818,-4362;72468,-84970,-4296
211	21646	Grave Scarab	73	10206	1050	0	6	187926,-63620,-2903;188866,-63222,-2790;189830,-60984,-2890;192551,-58897,-2868;193763,-59932,-2939;194247,-61337,-2878
211	21647	Scavenger Scarab	73	8609	886	0	8	188886,-63733,-2776;189155,-63573,-2784;189308,-62996,-2795;190035,-63235,-2847;190169,-59508,-2993;191852,-58951,-2868;193816,-63881,-2899;193979,-62501,-2868
211	21648	Grave Ant	74	9383	978	0	12	189981,-70460,-2570;190638,-68507,-2641;192538,-67480,-2728;194362,-65695,-2868;185485,-63224,-3082;186157,-64171,-3034;189373,-59944,-2968;189734,-58698,-2938
211	21649	Scavenger Ant	74	11099	1157	0	7	189936,-69128,-2615;193799,-66892,-2854;186212,-63603,-2821;186650,-62639,-2902;187477,-61477,-2919;188530,-63615,-2769;190445,-62093,-2959
211	21650	Shrine Knight	75	10149	1071	0	10	191547,-68152,-2658;193929,-66220,-2868;185735,-61843,-2975;186001,-62789,-2953;186199,-62315,-2962;186928,-61814,-2909;193949,-60771,-2906;194089,-64218,-2886
211	21651	Shrine Guard	75	9695	1023	0	9	189637,-69798,-2570;191947,-67806,-2687;193174,-67003,-2806;185384,-62690,-3082;186388,-62956,-2923;186425,-61608,-2960;187307,-63613,-2930;193643,-63195,-2889
212	20059	Hungry Eye	22	821	39	0	4	-11287,198824,-3465;-8176,201430,-3354;-5661,199673,-3566;-4934,198705,-3780
212	20063	Ol Mahum Shooter	24	963	47	0	5	-9191,200230,-2960;-8786,200789,-3123;-5698,201336,-3707;-5438,198171,-3780;-3995,198046,-3293
212	20066	Ol Mahum Captain	25	1052	53	0	9	-3765,196516,-2934;-9191,202208,-3221;-8948,200090,-3828;-8089,203521,-3569;-7404,200373,-3389;-6785,199477,-3346;-6387,198605,-3161;-5171,202516,-3706
212	27100	Skeletal Mercenary	39	0	0	0	2	-18172,193940,-4312;-17870,194118,-4312
213	20514	Shield Skeleton	15	534	22	0	4	-26006,146216,-3480;-25783,145173,-3475;-20581,149266,-3172;-20479,150156,-3172
213	20515	Skeleton Infantryman	16	570	23	0	5	-26777,144928,-3373;-22504,148154,-3350;-21185,149266,-3172;-20883,149444,-3172;-20380,149622,-3172
213	20506	Ruin Imp	17	605	25	0	3	-21760,147381,-3562;-21030,147820,-3504;-20829,147464,-3504
213	20411	Scavenger Bat	18	640	28	0	6	-24137,146291,-3518;-21533,147998,-3504;-20883,149800,-3172;-20681,150156,-3172;-20476,148178,-3407;-20380,149266,-3172
213	20058	Ol Mahum Guard	22	821	39	0	6	-19290,156980,-2670;-19189,157158,-2670;-18987,157514,-2670;-18887,157336,-2670;-15670,156952,-2545;-15468,156596,-2545
213	20059	Hungry Eye	22	821	39	0	18	-35812,147137,-3219;-35293,141034,-3468;-32944,143061,-3934;-32504,144333,-3908;-31224,145709,-3787;-30902,163753,-2937;-30728,144148,-3624;-20153,161805,-1883
213	20547	Ol Mahum Reserve	23	878	42	0	11	-19843,161428,-1701;-19315,161076,-1720;-19088,157692,-2552;-19056,161989,-1924;-19048,158625,-2316;-18989,163103,-2267;-18586,157158,-2552;-15569,156774,-2545
213	20548	Ol Mahum Deserter	23	895	43	0	4	-35528,143318,-3262;-34735,144384,-3373;-31509,143990,-3774;-28670,145040,-3453
213	20063	Ol Mahum Shooter	24	963	47	0	12	-35374,163836,-2818;-33278,163880,-2918;-19865,162284,-2042;-19013,160898,-1737;-18586,156802,-2552;-15167,157130,-2545;-14865,156596,-2545;-27732,164516,-2928
213	20066	Ol Mahum Captain	25	1052	53	0	10	-19215,161966,-1712;-19214,160898,-1712;-31695,164138,-3382;-31293,164850,-3382;-26310,166125,-2943;-25416,165677,-3363;-21826,167673,-3407;-21726,167851,-3407
213	21011	Ol Mahum Van Grunt	30	1308	72	0	6	-43060,169480,-3111;-42959,169658,-3111;-42859,169124,-3111;-42859,169836,-3111;-42859,170192,-3111;-42557,170370,-3111
213	21012	Magical Eye	31	1736	96	0	4	-42758,170726,-3111;-42658,169124,-3111;-42557,169302,-3111;-42456,170548,-3111
214	20030	Langk Lizardman	15	534	22	0	5	-82377,161530,-3076;-80828,160430,-3403;-79747,159854,-3251;-73915,158907,-2772;-67371,172916,-3609
214	20310	Brown Bear	16	576	23	0	3	-69703,158961,-2606;-69703,160029,-3097;-69105,161646,-3430
214	20017	Vuku Orc Fighter	17	618	26	0	6	-74678,158947,-2907;-69501,160029,-3130;-69401,159139,-2804;-67750,162311,-3613;-67572,173272,-3617;-67270,173094,-3617
214	20038	Venomous Spider	18	704	31	0	5	-66626,175110,-3719;-65928,177221,-3440;-65029,164604,-3724;-64774,174821,-3788;-64272,165493,-3723
214	20043	Arachnid Tracker	19	760	34	0	6	-69165,179355,-3689;-68912,176291,-3530;-67983,175104,-3718;-66925,164395,-3704;-64689,167803,-3702;-64076,170116,-3756
214	20050	Arachnid Predator	20	799	35	0	8	-66063,170709,-3401;-66035,168070,-3378;-65273,179436,-3666;-64379,171006,-3756;-64323,172464,-3723;-63266,176727,-3568;-63173,173184,-3722;-62181,175230,-3608
214	21012	Magical Eye	31	1736	96	0	1	-60439,174663,-3022
215	20418	Crystalline Beast	18	633	28	0	2	-73802,83942,-3344;-73417,84967,-3360
215	20043	Arachnid Tracker	19	760	34	0	1	-74925,83288,-3304
215	20776	Dark Succubus	20	783	35	0	2	-74793,80604,-3304;-74683,81919,-3320
215	27054	Umbar Orc	20	0	0	0	7	-74941,83708,-3328;-74893,83735,-3336;-74433,83329,-3344;-74391,83803,-3336;-74110,83461,-3344;-74038,81899,-3384;-74007,83885,-3328
215	21023	Sobbing Wind	26	1056	53	0	13	-93216,91901,-3664;-92713,91367,-3664;-92210,92257,-3664;-82086,92164,-3608;-80847,89980,-3728;-80736,91181,-3704;-80096,88181,-3497;-79995,89071,-3497
215	21024	Babbling Wind	27	1113	57	0	6	-92568,93090,-3398;-88454,92853,-2507;-80524,87925,-3534;-80291,87825,-3533;-80265,90406,-3721;-79693,88537,-3400
215	21025	Giggling Wind	28	1178	62	0	8	-93744,93572,-3386;-91413,93954,-3414;-91141,92955,-3410;-81842,89903,-3725;-81023,88715,-3533;-80763,89249,-3533;-80500,88893,-3533;-77113,92535,-3712
215	27165	Abyssal Jewel 1	60	0	0	0	1	-81247,75607,-3360
216	20514	Shield Skeleton	15	534	22	0	6	-28904,146185,-3565;-27371,148939,-3131;-26812,146928,-3480;-25829,147812,-3350;-25820,148902,-3288;-21487,149444,-3172
216	20515	Skeleton Infantryman	16	570	23	0	6	-27143,150258,-3052;-25082,148748,-3262;-24986,149817,-3216;-24885,149283,-3216;-24382,150173,-3216;-24342,147475,-3371
216	20506	Ruin Imp	17	605	25	0	3	-24986,149461,-3216;-24383,149817,-3216;-24180,150529,-3216
216	20411	Scavenger Bat	18	640	28	0	4	-26308,147462,-3480;-24684,149283,-3216;-24584,150173,-3216;-24282,149639,-3216
216	20058	Ol Mahum Guard	22	821	39	0	12	-31157,157804,-3342;-30754,157804,-3342;-30552,158516,-3342;-29546,157804,-3342;-28513,155058,-3495;-28210,155236,-3538;-28009,155236,-3556;-27908,155770,-3550
216	20059	Hungry Eye	22	821	39	0	18	-34564,149952,-3954;-32960,147880,-3982;-31370,159968,-3327;-31056,157626,-3342;-30956,158516,-3379;-30754,157448,-3342;-30351,158160,-3342;-30150,158160,-3342
216	20547	Ol Mahum Reserve	23	878	42	0	13	-32078,161869,-2941;-31057,158338,-3485;-30653,157626,-3632;-30552,158872,-3328;-30149,158516,-3313;-29647,157626,-3386;-28816,155592,-3507;-28240,156498,-3488
216	20548	Ol Mahum Deserter	23	895	43	0	1	-31359,146709,-3908
216	20063	Ol Mahum Shooter	24	963	47	0	10	-30452,158338,-3332;-30363,161144,-2997;-30049,157982,-3317;-29748,157804,-3316;-28460,161799,-2637;-26399,159255,-2821;-24792,158824,-3468;-24489,158290,-2982
216	20066	Ol Mahum Captain	25	1052	53	0	5	-33097,162559,-2823;-29639,162288,-2778;-27923,162919,-2692;-26801,159255,-2821;-26349,161217,-2468
217	20030	Langk Lizardman	15	534	22	0	13	-80393,162362,-3368;-79306,161821,-3476;-78445,160396,-3231;-80652,165584,-3072;-80281,164284,-3262;-79915,167040,-3171;-79112,165818,-3427;-78600,166752,-3483
217	20310	Brown Bear	16	576	23	0	7	-76679,159918,-3744;-74598,160993,-3263;-73131,163650,-3676;-71458,161503,-3744;-78808,163971,-3699;-77527,167428,-3696;-68707,165842,-3660
217	20017	Vuku Orc Fighter	17	618	26	0	26	-75475,163051,-3417;-73497,161882,-3411;-72579,162741,-3623;-76734,169397,-3714;-75813,166985,-3602;-75181,165028,-35924;-74779,164316,-3588;-74578,163960,-3586
217	20038	Venomous Spider	18	704	31	0	16	-75803,161828,-3342;-71697,163312,-3550;-78321,165606,-3699;-76642,165247,-3576;-76234,168135,-3692;-74678,164850,-3647;-73993,167876,-3638;-73476,165084,-3721
217	20043	Arachnid Tracker	19	760	34	0	15	-74050,163262,-3593;-78418,167720,-3487;-75402,166261,-3640;-75000,171985,-3680;-73790,169656,-3483;-73232,174816,-3673;-72775,170782,-3507;-72646,165693,-3713
217	20050	Arachnid Predator	20	799	35	0	4	-71875,176836,-3631;-70354,173829,-3457;-68847,168007,-3633;-68043,170156,-3580
218	21023	Sobbing Wind	26	1056	53	0	3	-92310,91011,-3664;-91807,91545,-3664;-80539,87221,-3544
218	21024	Babbling Wind	27	1113	57	0	19	-91812,88055,-3649;-91309,87521,-3649;-91245,88948,-3342;-91007,88411,-3649;-90534,87621,-3431;-89487,87115,-3649;-89386,87649,-3649;-89336,92108,-2676
218	21025	Giggling Wind	28	1178	62	0	34	-92819,88055,-3649;-92346,89977,-3257;-92014,88767,-3649;-91498,89927,-3307;-90872,90225,-3313;-90474,88956,-3377;-89542,91609,-2830;-88524,89957,-3300
218	21026	Singing Wind	29	1268	68	0	31	-89876,89091,-3398;-87902,86984,-3420;-87692,88096,-3401;-87425,85713,-3332;-87308,82295,-2909;-87191,91248,-3104;-87149,86902,-3413;-87111,83720,-3189
218	20078	Whispering Wind	30	1308	72	0	14	-87093,81992,-2913;-86964,80852,-3404;-86359,81920,-3404;-85789,77771,-3468;-85755,81208,-3404;-85351,83447,-3286;-85141,78774,-3095;-84994,85128,-3359
