#id	title	lvlMin	lvlMax	type	startNpc	startNpcName	x	y	z	requirement	classLimit	reqQuest	intro	firstStep
1	Letters of Love	2	5	3	30048	Darin	-84436	242793	-3729	No Requirements		0	Darin, a young man on Talking Island, carries a torch for Gatekeeper Roxxy, who doesn't return his affections. Darin is not so easily dissuaded, however.	Darin of Talking Island Village has fallen in love with Gatekeeper Roxxy. He is too shy to express his feelings and asks you to deliver his love letter to her.
2	What Women Want	2	5	3	30223	Arujien	42978	49115	-2994	Elf, Human	0,1,2,3,4,5,6,7,8,9,10,11,12,13,14,15,16,17,88,89,90,91,92,93,94,95,96,97,98,99,18,19,20,21,22,23,24,25,26,27,28,29,30,100,101,102,103,104,105	0	Arujian, a young man in the Elven Village, adores Magister Greenis with all his heart, but no one knows if Greenis returns his affections.	Arujien confesses to you that he has pined for Magister Greenis for a long time. He asks you to find out if Greenis returns his affection. Meet with her younger sister, Gatekeeper Mirabel, and show her Arujien's letter.
3	Will the Seal be Broken?	16	26	3	30141	Talloth	11012	14128	-4242	Dark Elf	31,32,33,34,35,36,37,38,39,40,41,42,43,106,107,108,109,110,111,112	0	The Human has betrayed the secret that's kept Hierarch Mitraell sealed for centuries! Help Tettrarch Talloth break the seal that binds Mitraell!	Dark Elven Tetrarch Talloth is continuing in the studies of the dark arts in order to break the seal that binds Mitraell, the leader of the Dark Elves. He asks that you to go to the school of the Dark Arts and bring him an Omen Beast's eye, a Taint Stone and Succubus Blood which are all needed to break the Seal. This being the first stage among three stages...
4	Long live the Pa'agrio Lord!	2	5	3	30578	Nakusin	-47360	-113791	-237	Orc	44,45,46,47,48,49,50,51,52,113,114,115,116	0	Pa'agrio Lord Kakai, the leader of all the Orcs, is sick! The elders have decided that each tribe will need to deliver a present to him to ensure he has a speedy recovery.	Pa'agrio Lord Kakai, the ruler of all the Orcs, has fallen ill. The Centurions have decreed that each tribe shall offer him gifts to improve his health. Centurion Nakusin asks you to collect the offerings from the six tribes. You must meet with the following tribal representatives: Tataru Zu Hestui of the dignified Hestui tribe Chief Varkees of the...
5	Miner's Favor	2	5	3	30554	Bolter	112656	-174864	-611	No Requirements		0	The guildsmen of the Gray Pillar Guild are hard at work in the Strip Mine. Miner Bolter is concerned that no one is available to gather the supplies the village needs.	Miner Bolter, a member of the Gray Pillar Guild, lives at the Strip Mine. He asks you to bring him some things from the village. Visit Trader Shari's weapons shop, Trader Garita's store, Warehouse Chief Reed and Blacksmith Brunon and bring back the items that Miner Bolter is seeking.
6	Step into the Future	3	10	3	30006	Roxxy	-84108	244604	-3729	Human	0,1,2,3,4,5,6,7,8,9,10,11,12,13,14,15,16,17,88,89,90,91,92,93,94,95,96,97,98,99	0	Gatekeeper Roxxy speaks of the wonders of the world beyond Talking Island. She fills your heart with hope for adventure!	You've decided to experience all the adventure this world has to offer, but you can't afford it. Visit Magister Baulro and ask for help.
7	A Trip Begins	3	10	3	30146	Mirabel	46926	51511	-2977	Elf	18,19,20,21,22,23,24,25,26,27,28,29,30,100,101,102,103,104,105	0	One road is open to all who wish to see the world!	At one time, Trader Ariel was an Adventurer who traveled many places and had many exciting experiences before coming back to Elven Forest. Ask for her advice.
8	An Adventure Begins	3	10	3	30134	Jasmine	9670	15537	-4574	Dark Elf	31,32,33,34,35,36,37,38,39,40,41,42,43,106,107,108,109,110,111,112	0	One road is open to all who wish to see the world!	Gatekeeper Jasmine ignores your request and says that you're as reckless as Roselyn was when she was young. Visit Sentry Roselyn to find a solution.
9	Into the City of Humans	3	10	3	30583	Petukai	-45731	-113844	-237	Orc	44,45,46,47,48,49,50,51,52,113,114,115,116	0	Centurion Petukai seeks the true meaning of power. The place to go to learn about the history of your defeats is...	Centurion Petukai, in service to Flame Lord Kakai, questions the meaning of strength. He asks you to visit Seer Tanapi and get the answer.
10	Into the World	3	10	3	30533	Balanki	116016	-178615	-948	Dwarf	53,54,55,56,57,117,118	0	One road is open to all who wish to see the world!	Silver Scale's Balanki permits a trip if the traveler passes his test. Go see Warehouse Chief Reed.
11	Secret Meeting With Ketra Orcs	74	80	3	31296	Cadmon	147920	-59424	-2982	No Requirements		0	The hostile Ketra Orcs possess a very great influence in Goddard Territory. Guard Cadmon tells you that he will give you an opportunity to approach the Ketra tribe and proposes a mission to you...	Go to the weapons and armor shop in the Town of Goddard and meet with Trader Leon. Receive a war supplies box that needs to be delivered to the Ketra Orc tribe from him.
12	Secret Meeting With Varka Silenos	74	80	3	31296	Cadmon	147920	-59424	-2982	No Requirements		0	The hostile Ketra Orcs possess a very great influence in Goddard Territory. Guard Cadmon tells you that he will give you an opportunity to approach the Ketra tribe and proposes a mission to you...	Go to the weapons and armor shop in the Town of Goddard and meet with Trader Helmut. He will give you a box of war supplies. Deliver it to the Varka Silenos.
13	Parcel Delivery	74	80	3	31274	Fundin	146688	-59008	-2972	No Requirements		0	Mineral Trader Fundin in the Town of Goddard asks you to make an immediate delivery to Vulcan in the lower region of Forge of the Gods.	Mineral Trader Fundin in the Town of Goddard asks you to deliver a package to Blacksmith Vulcan in the lower region of the Forge of the Gods. Get going!
14	Whereabouts of the Archaeologist	74	80	3	31263	Liesel	149312	-57360	-2966	No Requirements		0	Liesel asks you to deliver a letter to her Archaeologist friend who left the town a few years ago.	Trader Liesel of the Town of Goddard asks you to deliver a letter to her Archaeologist friend who left several years ago. She tells you to go to the fork in the road and travel north to find the Shrine of Loyalty and east to go to the Imperial Tomb.
15	Sweet Whispers	60	0	3	31302	Vladimir	44704	-47472	-800	No Requirements		0	Vladimir is looking for assistants to help the mysterious organization to which he belongs. It's a request you can't refuse.	Trader Vladimir asks you to visit the Mysterious Necromancer at the entrance of the Valley of Saints.
16	The Coming Darkness	62	0	3	31517	Hierarch	0	0	0	Completion of the "Light and Darkness" quest		17	The Hierarch says that you must pass a trial to be recognized as a member of his group.	Go to the Evil Altar and break the hidden seal.
17	Light and Darkness	61	0	3	31517	Hierarch	0	0	0	Completion of the "Sweet Whispers" quest		15	The Hierarch is attempting to make it possible to perform his ritual on the Altar of Saints.	Go to the Altar of Saints and spread the Blood of Saint.
18	Meeting with the Golden Ram	66	76	3	31314	Donal	43560	-48912	-800	No Requirements		0	Warehouse Chief Donald asks you to deliver war supplies to the Golden Ram Mercenary Force that was dispatched to the Swamp of Screams. He asks you to first go meet Warehouse Freightman Daisy, his niece...	Meet with Warehouse Freightman Daisy at the Rune Township warehouse, and pick up the supplies for the Golden Ram Mercenary Force.
19	Go to the Pastureland!	63	0	3	31302	Vladimir	44704	-47472	-800	No Requirements		0	Vladimir says that his recent order of meat from the Pastureland was mushy. He asks you to return it for him.	Vladimir says the meat delivered from the Pastureland is not what he ordered and asks you to return it for him.
20	Bring Up With Love	65	0	3	31537	Tunatun	53712	-83936	-2728	No Requirements		0	A kindhearted beast may possess a Jewel of Innocence. Where can you find one?	Beast Herder Tunatun asks you to bring him a Jewel of Innocence that is produced when a young beast with a kind heart is raised.
21	Hidden Truth	63	0	3	31522	Mysterious Wizard	51878	-54796	-3167	No Requirements		0	The Forest of the Dead. A sleepless ghost lives in the deep darkness. The conspiracy is born.	The Dark Mage is troubled by a ghost's moaning. Perhaps the sound is coming from a nearby tombstone.
22	Tragedy in von Hellmann Forest	63	0	3	31334	Tifaren	38464	-49920	-1105	Completion of "Hidden Truth" quest.		21	The Priest requested necromancy. What is the tragedy of Hellmann Forest? Some die and some are made quite wealthy.	When you ask about necromancy, Tifaren rebuffs you. Continue to try and persuade her.
23	Lidia's Heart	64	0	3	31328	Innocentin	36476	-49032	-1104	Completion of "Tragedy of the Hellmann Forest" quest.		22	A girl knows the truth. The night she became a vampire, a tragedy befell the von Hellmann family.	Innocentin gives you the map and key left by the Treasure Hunter he hired and asks you to find out what he wanted.
24	Inhabitants of the Forest of the Dead	65	0	3	31389	Dorian	60162	-42069	-3003	Completion of "Lidia's Heart" quest.		23	Something horrible happened in what is now known as the Cursed Village. Was the Lady Lidia responsible for these tragic events? What or who was behind the tragedy of the Hellmann Forest if not her?	Dorian greets you and asks you to lay the flowers at the tombstone.
25	Hiding Behind the Truth	66	0	3	31349	Benedict	35408	-48368	899	Completion of the "Inhabitants of the Forest of the Dead" quest.		24	The conspiracy has been exposed. What would have been a complete tragedy was only saved by the fact that she survived because of the experiment.	The Priest of Rune Castle has nothing to say.
27	Chest caught with a bait of wind	27	29	3	31570	Lanosco	19539	145987	-3068	Completion of "Lanosco's Special Bait" quest.		50	Lanosco asks you to look for a lost treasure chest. He thinks it was probably dropped into the water. You should try fishing for it. When you find it, open it up to see what it contains and then return it to its original owner. One time quest.	Lanosco asks you to look for a large blue treasure chest. You should use the special bait he gave you to find it. You can also ask around to see if anyone has already found the chest.
28	Chest caught with a bait of icy air.	36	38	3	31572	O'Fulle	80512	147712	-3502	Completion of "O'Fulle's Special Bait" quest		51	You've gotten a strange piece of bait from O'Fulle, a Giran Fishing Guild Member. I wonder what's in the box he wants you to recover?	O'Fulle asks you to find a yellow treasure chest. Its owner lost it in the water. If your fishing skill is at least level 12, try using a special bait to find it, or, you could ask around to see if anyone has already found it.
29	Chest caught with a bait of earth.	48	50	3	31574	Willie	79774	54746	-1545	Completion of "Willie's Special Bait" quest		52	You got a strange bait from Willie. What's inside the box?	Fishing Guild Member Willie asks you to find a small purple box. Its owner dropped it in the water. You could try to fish it out with special bait ergonomically designed to attract "purple boxes", or you could ask around to see if anyone's already found it.
30	Chest caught with a bait of fire.	60	62	3	31577	Linnaeus	149072	28736	-2253	Completion of "Linnaeus' Special Bait" quest		53	You've got a strange bait from Linnaeus. What's inside the box?	Fishing Guild Member Linnaeus asks you to find a Red Treasure Chest. Its owner dropped it in the water. You could try to fish it out with special bait ergonomically designed to attract a "Red Treasure Chest", or you could ask around to see if anyone's already found it.
31	Secret Buried in the Swamp	66	76	3	31555	Abercrombie	69348	-50408	-3288	No Requirements		0	Mercenary Supplier Abercrombie of the Golden Ram Mercenary Force asks you to find a researcher who went missing while he was exploring for relics of an ancient empire that lay hidden in the Swamp of Screams...	Find the whereabouts of Researcher Krorin, who disappeared while investigating the Swamp of Screams. Also recover Krorin's research journal containing information about the monument of the ancients that Krorin uncovered through his investigation.
32	An Obvious Lie	45	0	1	30120	Maximilian	87058	148634	-3392	No Requirements		0	High Priest Maximilian asked Gentler to make him some medicine, but the process was interrupted and has been delayed. He asks you to help Gentler.	High Priest Maximilian says that Trader Gentler of Giran Castle Town needs help. Go meet Gentler.
33	Make a Pair of Dress Shoes	60	0	3	30838	Woodley	146046	27293	-2189	The character must have the "Make Formal Wear" quest.		0	While making formal wear, Leikar asks you to go to Trader Woodley get some dress shoes. Woodley doesn't make them, however.	Woodley asks you to meet Leikar and get the materials for the formal wear she's making. Find Leikar and get some fabric.
34	In Search of Cloth	60	0	1	30088	Radia	79654	150788	-3520	The character must have the "Make Formal Wear" quest.		0	Radia says that the ingredients she needs haven't arrived yet. She asks you to go to the Town of Gludio and check on her delivery.	Radia hasn't begun work because the ingredients that she ordered haven't been delivered yet. Visit Trader Varan and check on her delivery.
35	Find Glittering Jewelry	60	0	1	30091	Ellie	80510	149250	-3508	The character must have the "Make Formal Wear" quest.		0	Leikar asks you to go to Ellie and get the gem from her, but Ellie says that she didn't finish because her delivery didn't arrive.	Ellie says the ore that she ordered haven't arrived and asks you to visit Felton and find out when her order will arrive.
36	Make a Sewing Kit	60	0	1	30847	Ferris	150337	28398	-2246	The character must have the "Make Formal Wear" quest.		0	Leikar asks you to visit Ferris in Aden Castle Town and make a sewing kit. You'll need an extraordinary ingredient to make it.	Ferris needs enchanted iron and asks you to catch an Enchanted Iron Golem in the Ivory Tower and bring him 5 fragments of the golem. Monster to Hunt - Enchanted Iron Golem
37	Make Formal Wear	60	0	3	30842	Alexis	148142	28986	-2253	No Requirements		0	You visited Alexis to have some formal wear made, but learned that her maid, Leikar, makes it better than she does. Go and see Leikar.	Trader Alexis says Leikar makes great formal wear and tells you to visit her.
38	Dragon Fangs	19	29	1	30386	Luis	-77989	156475	-3187	No Requirements		0	The primitive tribe of Langk Lizardmen in the southern part of Gludio Territory have been using a spell unknown to even the Mystics of the Ivory Tower.	Lately, Langk Lizardmen's attacks have sharply increased on the south coast road to Giran. The guards have asked you to destroy the lizardmen that are disturbing the peace. Monsters to Hunt - Langk lizardman Sentinels, Langk lizardman Lieutenants
39	Red-Eyed Invaders	20	28	1	30334	Babenco	-16621	124330	-3118	No Requirements		0	The red eyes of the Maille Lizardmen behold the dark shadows cast by war-ravaged Gludio Castle.	Guard Babenco of the Town of Gludio has recently noticed increased movements of Lizardmen on the west side of town and he's seeking recruits to help defeat them. All volunteers should report to Captain Bathis.
42	Help the Uncle!	25	0	1	30828	Waters	19276	142864	-3032	No Requirements		0	One day his uncle left to start a ranch in the north, and Waters recently got a letter from him! He wants to help his uncle start a new life...	Pet Manager Waters asks you to find him a trident.
43	Help the Sister!	26	0	1	30829	Cooper	81100	145840	-3531	No Requirements		0	Planning to move to a quiet place, Cooper gets a letter from his younger sister one day. The letter says she wants to become an Adventurer and help her brother! Cooper wants to get a dagger for her!	Pet Manager Cooper asks you to get him a crafted dagger.
44	Help the Son!	24	0	1	30827	Lundy	-13908	123322	-3116	No Requirements		0	Pet Manager Lundy has a son who is about to become an Adventurer. He says that he'll give you a marvelous gift if you get him a work hammer.	Pet Manager Lundy asks you to find him a work hammer.
45	To Talking Island	3	10	3	30097	Galladucci	79599	145522	-3494	Traveler's Mark, Completion of the First Step towards the Future Quest		6	Leave the hustle and bustle of Giran far behind and return to peaceful Talking Island!	You came to get help with the Traveler's Mark, but Galladucci will only help you if you work for him. Take the scroll and visit Magic Trader Gentler.
46	Once More In the Arms of the Mother Tree	3	10	3	30097	Galladucci	79599	145522	-3494	Traveler's Mark, Completion of the "Beginning of Trip" quest		6	Leave the hustle and bustle of crowded Giran behind and return to your beloved Mother Tree!	You came to get help with the Traveler's Mark, but Galladucci will only help you if you work for him. Take the scroll and visit Magic Trader Gentler.
47	Into the Dark Forest	3	10	3	30097	Galladucci	79599	145522	-3494	Traveler's Mark, Completion of the Beginning of Adventure Quest		8	Leave the hustle and bustle of crowded Giran behind and return to your friends and family in the forest!	You came to get help with the Traveler's Mark, but Galladucci will only help you if you work for him. Take the scroll and visit Magic Trader Gentler.
48	To the Immortal Plateau	3	10	3	30097	Galladucci	79599	145522	-3494	Traveler's Mark, Completion of the Towards the City of Humans Quest		9	Leave the hustle and bustle of crowded Giran behind and return to your friends and family on the Immortal Plateau!	You came to get help with the Traveler's Mark, but Galladucci will only help you if you work for him. Take the scroll and visit Magic Trader Gentler.
49	The Road Home	3	10	3	30097	Galladucci	79599	145522	-3494	Traveler's Mark, Completion of the Into the World Quest		10	Leave the hustle and bustle of Giran far behind! Return to the village you miss so much!	You came to get help with the Traveler's Mark, but Galladucci will only help you if you work for him. Take the scroll and visit Magic Trader Gentler.
50	Lanosco's Special Bait	27	29	1	31570	Lanosco	19539	145987	-3068	No Requirements		0	Lanosco asks you to obtain special materials that he needs to make a special bait that will be used to recover a lost box. According to Lanosco, this bait doesn't catch fish, but it can be used to catch a special treasure chest!	Lanosco asks you to bring him 100 essences of wind, the special ingredient he needs to make a fishing lure containing the power of wind. Monsters to Hunt -Singing Winds
51	O'Fulle's Special Bait	36	38	1	31572	O'Fulle	80512	147712	-3502	No Requirements		0	Lanosco asks you to obtain special materials that he needs to make a special bait that will be used to recover a lost box. According to Lanosco, this bait doesn't catch fish, but it can be used to catch a special treasure chest!	Fishing Guild Member O'Fulle of Giran asks you to help him recover some fishing lure ingredients that he's lost. Bring back 100 lost bait ingredients. Monsters to Hunt -Fettered Souls
52	Willie's Special Bait	48	50	1	31574	Willie	79774	54746	-1545	No Requirements		0	Fishing Guild Member Willie of Oren asks you to bring him the ingredients he needs to make his special bait. It doesn't catch fish, it doesn't make you popular, but it does find treasure chests!	Fishing Guild Member Willie uses the very essence of the earth to create a lure that is unimaginable, impractical and that will draw just about anything out of the water. Obtain 100 Eyes of a Tarlk basilisk for him. Monsters to Hunt -Tarlk Basilisk
53	Linnaeus' Special Bait	60	62	1	31577	Linnaeus	149072	28736	-2253	No Requirements		0	Fishing Guild Member Linnaeus of Oren asks you to bring him the ingredients he needs to make his special bait. It doesn't catch fish, it doesn't make you popular, but it does find treasure chests!	Linnaeus makes a very special bait that catches a very special kind of fish. Don't you want to catch something special? Monsters to Hunt -Crimson Drakes
70	Saga of the Phoenix Knight	76	0	3	30849	Sedrick	149216	24960	-2122	Paladin	5	0	You've lost as many people as you've tried to save. Learn your limits and then go beyond them!	Those who face the knight's dilemma are known to walk the path of pilgrimage. Speak with Master Felix in the Town of Goddard. He gave up his knighthood to follow the path.
71	Saga of Eva's Templar	76	0	3	30852	Sinden	148960	25408	-2121	Temple Knight	20	0	Oh, Mother Tree Guardian! Why are you restrained? Break free of your bonds and become a true Knight of the goddess!	Master Sinden thinks that Elves may one day need to leave their beloved Mother Tree behind. He tells you to meditate upon the position of Elves throughout your pilgrimage. First, you should visit Master Bronwyn.
72	Saga of the Sword Muse	76	0	3	30853	Raien	149488	25504	-2121	Swordsinger	21	0	Oh, singer of the sword... Who taught you and who are you singing for?	The goddess Eva only teaches the power of song to Elves. A tablet exists somewhere with Eva's first lesson, but the one who knows where it is probably won't tell you...
73	Saga of the Duelist	76	0	3	30849	Sedrick	149216	24960	-2122	Gladiator	2	0	Only the best Gladiators may be called Duelists. What secret things must they sacrifice for victory? What unknown knowledge do they possess?	Only the most powerful Gladiators may become Duelists. Speak with the Arena Director of Aden Coliseum.
74	Saga of the Dreadnoughts	76	0	3	30850	Aiken	148960	25120	-2121	Warlord	3	0	Warlords are the storm of the battlefield. A girl has arisen in the land of Elmore who is known as the greatest Warlord who has ever lived! It's said that she's protected by a dragon! Why has she come back?	One of the best Warlords alive, the Bride of Fire Dragon Leona Blackbird was spotted near the Town of Goddard. Visit Guard Ulrich of the Town of Goddard and ask him about her.
75	Saga of the Titan	76	0	3	31327	Tazki	37648	-46920	-1135	Destroyer	46	0	In ancient times, Orcish warriors were as powerful as giants! One Orc Warrior is bringing that power to life once again.	In ancient times, Orcs were strong enough to defeat the giants! What happened? Where did their power go? Speak with Prefect Lakan in the Town of Goddard.
76	Saga of the Grand Khavatari	76	0	3	31339	Hakran	37728	-49216	-1127	Tyrant	48	0	Khavatari Hierarch, Hubai, has been murdered! Prime suspects are his followers, Kashu and Uruz! The journey of Khavatari to catch the criminal begins now!	Tyrants are always doomed to fall. The Duda-Mara totem spirit knows where Khavatari Kashu and Khavatari Uruz are. Go to the Town of Goddard and meet the Duda-Mara Totem Spirit!
77	Saga of the Dominator	76	0	3	31336	Rahorakti	38432	-49184	-1105	Overlord	51	0	If an Overlord is a King, then what is a King but one who seizes the authority to rule?	King's successors have disappeared! One of them, Wahkan, has been discovered in the Ketra Orc Outpost. Why did he meet the messenger of the betrayer Orcs? Meet Wahkan and find out what happened.
78	Saga of the Doomcryer	76	0	3	31336	Rahorakti	38432	-49184	-1105	Warcryer	52	0	The warnings of the ancestors echo down through the centuries. You must gather many more noble souls if you're to survive!	Seer Tarkai Zu Duda-Mara left to prepare for the eternal winter. He left a message for his successor to go to the Duda-Mara Totem Spirit. Go there.
79	Saga of the Adventurer	76	0	3	31603	Black Cat	117536	77264	-2592	No Requirements	8	0	Third Occupation Change - Quest for a Treasure Hunter become an Adventurer	Black Cat, a venerable member of the guild, says that you must obtain the power forbidden by the gods and to meet Klaus in the Town of Goddard for more information.
80	Saga of the Wind Rider	76	0	3	31603	Black Cat	117536	77264	-2592	Plains Walker	23	0	The Third Class Transfer Quest for a Plains Walker to become a Wind Rider.	Black Cat, a venerable member of the guild, says that you must find the forbidden power and to meet Elena who sells spellbooks in the Town of Goddard for more information.
81	Saga of the Ghost Hunter	76	0	3	31603	Black Cat	117536	77264	-2592	Abyssal Walker	36	0	The Third Class Transfer Quest for an Abyssal Walker to become a Ghost Hunter.	Black Cat, a venerable member of the guild, says that you must obtain the power that was forbidden by the gods. Meet Drunkard Master Drakon in the Town of Goddard to find out more.
82	Saga of the Sagittarius	76	0	3	30702	Bernard	117598	77264	-2585	Hawkeye	9	0	Third Occupation Change - Quest for a Hawkeye become a Sagittarius	Bernard, the president and senior member of the guild, orders you to recover the Bow of Sagittarius, the stolen symbol of the guild. He suggests that you speak with Grimst in Hunters Village to find out more about the thief.
83	Saga of the Moonlight Sentinel	76	0	3	30702	Bernard	117598	77264	-2585	Silver Ranger	24	0	Third Occupation Change - Quest for a Silver Ranger become a Moonlight Sentinel	Bernard, the president and senior member of the guild, orders you to recover the Bow of Sagittarius, the stolen symbol of the guild. He suggests that you speak with Grimst in Hunters Village to find out more about the thief.
84	Saga of the Ghost Sentinel	76	0	3	30702	Bernard	117598	77264	-2585	Phantom Ranger	37	0	Third Occupation Change - Quest for a Phantom Ranger become a Ghost Sentinel	Bernard, the president and senior member of the guild, orders you to recover the Bow of Sagittarius, the stolen symbol of the guild. He suggests that you first speak with Grimst in Hunters Village. He can tell you more about the thief.
85	Saga of the Cardinal	76	0	3	30191	Hollint	83634	52927	-1443	Bishop	16	0	Hollint asks you to verify whether or not the one claiming to be the Saint of Light in the Town of Goddard is authentic.	Hollint says that the Saint of Light has appeared in the Town of Goddard and asks you to meet with her and verify that she's actually the legendary saint.
86	Saga of the Hierophant	76	0	3	30191	Hollint	83634	52927	-1443	Prophet	17	0	Hollint asks you to verify whether or not the one claiming to be the Saint of Light in the Town of Goddard is authentic.	High Priest Hollint says the Saint of Light has appeared in the Town of Goddard and asks you to meet her and verify that she is actually the legendary saint.
87	Saga of Eva's Saint	76	0	3	30191	Hollint	83634	52927	-1443	Elven Elder	30	0	Hollint asks you to verify whether or not the one claiming to be the Saint of Light in the Town of Goddard is authentic.	High Priest Hollint says the Saint of Light has appeared in the Town of Goddard and asks you to meet her and verify that she is actually the legendary saint.
88	Saga of the Archmage	76	0	3	30176	Valleria	85675	15994	-2799	Sorcerer	12	0	A Sorcerer must obtain the power sealed in the Tablets of Vision to become an Archmage.	A Sorcerer must obtain the power sealed in the Tablets of Vision to become an Archmage.
89	Saga of the Mystic Muse	76	0	3	30174	Arkenias	85675	15994	-2285	Spellsinger	27	0	A Spellsinger must obtain the power sealed in the Tablets of Vision to become a Mystic Muse.	To become a Mystic Muse, you must obtain the power sealed in the 6 Tablets of Vision scattered throughout the world. First, go visit Magister Alminas of the Town of Goddard. He'll tell you what to do next.
90	Saga of the Storm Screamer	76	0	3	30175	Fairen	85675	15994	-1769	Spellhowler	40	0	A Spellhowler must obtain the power sealed in the Tablets of Vision to become a Storm Screamer.	To become a Storm Screamer, you must obtain the power sealed in the 6 Tablets of Vision scattered throughout the world. First, speak with Magister Kamilen in the Town of Goddard.
91	Saga of the Arcana Lord	76	0	3	31605	Kinsley	85728	16416	-2802	Warlock	14	0	To refine his summoning technique to its highest level, that of Arcana Lord, a Warlock must absorb the knowledge from the six Tablets of Vision!	Summoner Keats disappeared while trying to become an Arcana Lord. Sparky the Cat, Keats' servitor, is supposedly in the Town of Goddard. Meet him and ask him where Keats is.
92	Saga of the Elemental Master	76	0	3	30174	Arkenias	85675	15994	-2285	Elemental Summoner	28	0	In order to become an Elemental Master, an Elemental Summoner must receive the visions of six stone tablets.	High Summoner Radyss is the only Elf who knows the way to become an Elemental Master Go to Aden Castle Town and meet with him.
93	Saga of the Spectral Master	76	0	3	30175	Fairen	85675	15994	-1769	Phantom Summoner	41	0	To become a Spectral Master, a Phantom Summoner must receive the visions of six stone tablets.	You've heard that Summoner Noctisse is currently researching the power of Spectral Master. She is in Aden Castle Town. First, go to her and ask for her help.
94	Saga of the Soultaker	76	0	3	30832	Hardin	105745	114255	-3136	Necromancer	13	0	Hardin asks you to investigate Necromancer Hindemith, who has been spotted lurking around the Tablets of Vision.	Hardin orders you to investigate a Necromancer called Hindemith. Lately, he's been appearing near the Tablet of Vision and he's probably up to no good! Report to High Priest Gregory in the Town of Goddard. He'll tell you what to do next.
95	Saga of the Hell Knight	76	0	3	31582	Mordred	104840	113260	-3190	Dark Avenger	6	0	Mordred, The Dark Knight asks you to investigate Dark Avenger Waldstein, who's been spotted lurking around the Tablets of Vision.	Mordred orders you to investigate a Dark Avenger called Waldstein. Lately, Waldstein appears near the Tablet of Vision and is probably up to no good. First, visit Guard Bayard of the Town of Goddard. He'll tell you what to do next.
96	Saga of the Spectral Dancer	76	0	3	31582	Mordred	104840	113260	-3190	Bladedancer	34	0	Mordred, The Dark Knight picks only the finest soldiers to search for the ancient secrets. To make matters worse, the Lord of Purgatory, Death Lord Hallate, also has his eye on the ancient knowledge.	Mordred, The Dark Knight tells you to visit Spellbook Seller Elena in the Town of Goddard.
97	Saga of the Shillien Templar	76	0	3	31580	Galadrid	106608	113296	-3193	Shillien Knight	33	0	Galadrid asks you to join his project as a way to advance yourself within the guild. He thinks Shiken has it in for him.	Master Galadrid tells you to meet Grand Master Samael in the Town of Goddard and get details about your task. Visit Samael.
98	Saga of the Shillien Saint	76	0	3	31581	Anastia	106636	113392	-3193	Shillien Elder	43	0	Anastia tells you to go see the Saint of Light who came to Goddard and listen to her advice on your future.	Magister Anastia tells you to visit Saint of Light in the Town of Goddard. Visit the Saint of Light.
99	Saga of the Fortune Seeker	76	0	3	31594	Mond	43556	-48864	-800	Bounty Hunter	55	0	The legendary grail of splendor symbolizes the knowledge of the gods. It's part of the absolute geometry that Dwarven Centurions have long sought. This knowledge allows one to become a Fortune Seeker, controlling wealth and destiny!	You've heard that Pamela Aprodia, an agent for the Silver Scale Guild, is currently researching the Tablet of Vision. Go to the Town of Goddard and meet with her.
100	Saga of the Maestro	76	0	3	31592	Telson	45184	-48624	-800	Warsmith	57	0	These ancient stone tablets are engraved with the very language of the gods! The knowledge contained on these Tablets of Vision could make a mortal into a Maestro with the power to make metals pour like honey!	There is a Dwarf who left before you to take the test to become a Maestro. Meet Master Tobald in the Town of Goddard to get more information about the test.
101	Sword of Solidarity	9	16	3	30008	Roien	-71384	258304	-3109	Human	0,1,2,3,4,5,6,7,8,9,10,11,12,13,14,15,16,17,88,89,90,91,92,93,94,95,96,97,98,99	0	The Sword of Solidarity has long symbolized the friendship between Elves and Humans. The disappearance of the sword has coincided with the deterioration of that friendship. Grand Master Roien is seeking a warrior to restore the sword to its place of honor.	Grand Master Roien of Cedric's Training Hall wants to restore the sword of solidarity. He explains that the sword was made long ago to symbolize the friendship between Elves and Humans. He mentions that Blacksmith Altran is also very interested in restoring this relic. He asks you to take the letter containing the results of his investigation of the relic...
102	Sea of Spores Fever	12	18	3	30284	Alberius	45727	51721	-2803	Elf	18,19,20,21,22,23,24,25,26,27,28,29,30,100,101,102,103,104,105	0	Sentinels who were conducting experiments in the Sea of Spores have all come down with a bad fever. Sentinel Knight Alberius is seeking someone to visit Master Cobendell to obtain the cure.	Sentinel Knight Alberius tells you that the Elven researchers who have recently gone to the Sea of Spores have come down with a fever. He is concerned about the guards he has dispatched there and asks for your help. He tells you that Master Cobendell has the cure for the fever but needs the ingredients to make the antidote. Go to Master Cobendell and help...
103	Spirit of Craftsman	10	17	3	30307	Karrod	10580	17574	-4554	Dark Elf	31,32,33,34,35,36,37,38,39,40,41,42,43,106,107,108,109,110,111,112	0	Karrod from the Dark Elf Village is the best of all Elven blacksmiths. In spite of his awesome skill, he still cannot refine oriharukon ore. Summon a Dwarf Warsmith to discover the secret!	The Dark Elven Blacksmith, Karrod, wishes to conjure the spirit of Warsmith Roberto Steelbender in order to learn how to refine oriharukon ore. He asks for help in summoning the dead man's spirit. Visit Abyssal Celebrant Cecktinon of the Temple of Shilen.
104	Spirit of Mirrors	10	15	3	30017	Gallint	-91008	248016	-3568	Human	0,1,2,3,4,5,6,7,8,9,10,11,12,13,14,15,16,17,88,89,90,91,92,93,94,95,96,97,98,99	0	Three Spirits of Mirror have escaped from Magister Gallint's laboratory on Talking Island! Capture and seal these spirits!	The spirits of mirrors that Grand Magister Gallint was studying have escaped! Hit each one of them with Gallint's oak wand to seal them. Seal all three and return to Gallint. The guards in the village can tell you where to find the spirits. Monsters that need to be sealed by Gallint's Oak Wand - 3 spirits of mirrors.
105	Skirmish with the Orcs	10	15	3	30218	Kendell	47595	51569	-2996	Elf	18,19,20,21,22,23,24,25,26,27,28,29,30,100,101,102,103,104,105	0	Kaboo Orcs from the Misty Mountains have invaded the Elven Forest again. Help Sentinel Kendell and the Elven Fighters defeat the invaders and take the head of the Orc Captain!	Orcs have recently made several attacks upon the Elven Forest. The Elves have decided to take their revenge upon the Kaboo Orcs in the Misty Mountains. Read the order from Sentinel Kendell and hunt the Orcs!
106	Forgotten Truth	10	15	3	30358	Thifiell	10775	14190	-4242	Dark Elf	31,32,33,34,35,36,37,38,39,40,41,42,43,106,107,108,109,110,111,112	0	The infamous Orc Brigand has stolen Kaysha's Revelations! Retrieve this vital document to secure the future of all Dark Elves!	Dark Elven Tetrarch Thifiell asked Abyssal Celebrant Kartia to translate an ancient manuscript. He now asks you to retrieve the translated copy of "Kaysha's Revelations". You must be very discreet.
107	Merciless Punishment	12	16	3	30568	Hatos	-46808	-113184	-112	Orc	44,45,46,47,48,49,50,51,52,113,114,115,116	0	The exiled traitor Baranka schemes to overthrow the kingdom of the Orcs! Reveal his wicked plot and destroy him! Dejakar Oroka!	Baranka, Shaman of Darkness, is scheming to destroy the kingdom of the Orcs. Urutu Chief Hatos has learned of his plot, and has ordered the elimination of all of Baranka's followers. Kill them all! Centurion Parugon will tell you where to find them.
108	Jumble, Tumble, Diamond Fuss	10	14	3	30523	Gouph	115717	-183488	-1483	Dwarf	53,54,55,56,57,117,118	0	The Star Diamond is one of only 12 on the entire continent! The Dwarves are planning a Jumble, Tumble, Diamond Fuss!	Collector Gouph of the Bronze Key Guild has purchased a rare star diamond from Trader Reep of the Silver Scales Guild. It is one of only twelve on the continent! Three days have past since the agreed-upon delivery date and Gouph is becoming impatient. He asks you to go to Trader Reep, retrieve the star diamond and bring it to him.
109	In Search of the Nest	66	0	3	31553	Pierce	69248	-50160	-3288	Golden Ram Badge - Recruit or Golden Ram Badge - Soldier		0	According to the information gathered by the Golden Ram Mercenary Army, the Stakatos have a vile nest where they live and breed. Pierce is trying to find the entrance of the nest.	Mercenary Captain Pierce asks you to discover the fate of the scout he sent out. Follow the scout's path to see what happened.
110	To the Primeval Isle	75	0	3	31338	Anton	37008	-49200	-1127	No requirements		0	Anton of the Rune Township library gives you an ancient book and asks you to deliver it to Marquez on the Primeval Isle Wharf.	Anton of the Rune Township library gives you an ancient book and asks you to deliver it to Marquez on the Primeval Isle Wharf.
111	Elrokian Hunter's Proof	75	0	1	32113	Marquez	11712	-23616	-3644	No requirements		0	On Primeval Isle, where primitive creatures abound, the natives are said to have a special skill for hunting dinosaurs. To learn it, you must first win the trust of these natives...	They say the Elroki tribe, native to the Primeval Isle, possesses a mysterious skill which allows its people to effortlessly hunt dinosaurs. Find the Elrokian chief and ask him about that skill.
112	Walk of Fate	20	36	3	30572	Livina	-45864	-112540	-199	No Requirements		0	Livina feels negative energy from the direction of the Crypts of Disgrace.	The Seer Livina asks you to meet with Karuda and ensure that there are no problems.
113	Status of the Beacon Tower	40	51	3	31979	Moira	89988	-143176	-1519	No Requirements		0	Moira wants the box containing the flame of the holy spirit taken to the Beacon Tower because the power of Pa'agrio is growing weaker there.	The Seer Moira feels that the energy of Pa'agrio is diminishing from the Beacon Tower and asks you to deliver the box, containing the energy of fire, to the Tower so that it may light during an emergency.
114	Resurrection of an Old Manager	49	58	3	32041	Yumi	91374	-116884	-3920	Completion of the "Pavel the Giant" quest		121	Riddles are hidden within the Pavel Ruins. What great mystery lies there?	Collector Yumi is looking for a person willing to work in the Pavel Laboratory. Meet with her.
115	The Other Side of Truth	53	63	3	32020	Rafforty	113808	-109344	-846	No Requirements		0	Rafforty is recruiting adventurers to help the Zinnia Guild.	Rafferty asks you to speak with a woman named Misa at Frost Lake. Your meeting is scheduled for after nightfall, so you must travel in the dark.
116	Beyond the Hills of Winter	30	0	3	30535	Filaur	116103	-178407	-948	No Requirements		0	The Dwarven Village is frozen. If you travel along the route of the southbound railroad and over the icy hill, you will come to the Plunderous Plains.	Gray Pillar's Filaur says he needs you to bring him the following items: 20 Bandages, 5 Energy Stones, 10 Keys of the Thief. When you get them all, return to Gray Pillar's Filaur.
117	The Ocean of Distant Stars	39	0	3	32053	Abey	113504	-155264	-1533	Come in the afternoon		0	The railroad worker is haunted by a ghost who appears every night. What is the reason for the ghost's appearances? What is the Dwarf's dream?	Railroad Worker Abey cannot sleep because of the strange sounds she hears. Wait here until nightfall and tell Abey if something strange happens.
118	To Lead and Be Led	19	40	3	30298	Pinter	-15349	124763	-3113	A Sponsored Member of the Clan Academy		0	Blacksmith Pinter of the Town of Gludio makes armor that only members of the Clan Academy can wear.	Blacksmith Pinter of the Town of Gludio tells you to bring him the materials necessary to make Clan Academy armor. Get 10 botttles of Maille Lizardman Blood. Monsters to Hunt - Maille Lizardman, Maille Lizardman Scout, Maille Lizardman Guard
119	Last Imperial Prince	74	80	3	31453	Nameless Spirit	178292	-85577	-7200	Antique Brooch		0	The Nameless Spirit at the entrance to the 4th Sepulcher needs mortal help to pass through the magic force field created by his double.	The Nameless Spirit asks you to meet Nurse Devorin in the Rune Township and learn the lyrics of the lullaby he listened to when he was young. Go to Devorin in the Rune Township.
120	Pavel's Research	50	58	3	32046	Suspicious-Looking Pile of Stones	90336	-107264	-3323	Completion of the "Resurrection of an Old Manager" quest		114	The old relics have been awakened by mistake. Enormous energy is flowing in. Stop the approaching danger!	The stack of stones says its name is Atlanta. Why did it awaken Atlanta?
121	Pavel the Giant	46	0	3	31961	Newyear	88416	-139776	-1536	No Requirements		0	The Pavel Ruins are near Schuttgart Village. What's going on there?	Collector Yumi will be waiting for you in the Dwarven barracks located at Pavel Ruins. Meet with her and make haste.
122	Ominous News	20	36	3	31979	Moira	89988	-143176	-1519	No Requirements		0	Moira received a revelation from Pa'agrio that a journey to the Crypts of Disgrace is destined.	Moira says that if you travel west along the path leading out of town, you will meet Karuda, who will end your wandering. Walk along the path.
123	The Leader and the Follower	19	40	3	31961	Newyear	88416	-139776	-1536	A Sponsored Member of the Clan Academy		0	Head Blacksmith Newyear of the Town of Schuttgart makes armor that only members of the Clan Academy can wear.	Head Blacksmith Newyear of the Town of Schuttgart tells you to bring him the materials necessary to make Clan Academy armor. Go south of the Town of Schuttgart and get 10 bottles of Bruin Lizardman Blood. Monster to Hunt - Bruin Lizardman
124	Meeting the Elroki	75	0	3	32113	Marquez	11712	-23616	-3644	No requirements		0	The old Primeval Isle explorer Marquez has received a letter from his friend, the Elroki chief Mushika. The chief asks Marquez to send him a brave young adventurer who can search the island for a cure for his mysterious illness.	The Humans and the Elrokians are currently hostile towards each other. Nevertheless, at the Primeval Isle's wharf, the old explorer Marquez asks you to help the Elroki tribe.
125	The Name of Evil - 1	76	0	3	32114	Mushika	6568	-2500	-2944	Completion of "Meeting the Elroki" Quest		124	Thanks to the miraculous medicine, Mushika recovers from his illness. But he is more worried about the strange events occurring on the island than about his own health. He asks for your help in obtaining the epitaph he needs to discover the cause. It may be found at the ancient stone monument located near the Lost Nest.	Following his recovery, Chief Mushika claims that his illness is somehow connected with the Lost Nest. He asks for your help in investigating its cause, which he says may affect the future of the entire Elroki people.
126	The Name of Evil - 2	77	0	3	32115	Asamah	6375	-2527	-2944	Completion of "The Name of Evil - 1" Quest		125	Asamah suspects that there is some link between the axe Gazkh's magical seal and the strange events occurring on the island. In order to discover the cause, he asks you to seek out the three Kaimus and to bring back their wisdom on the matter.	While analyzing the Epitaph of Wisdom, Asamah has learned of a magical axe called Gazkh wielded by his ancestors. But there is something that cannot be discovered using only the Epitaph, and he asks for your help in obtaining the knowledge he needs.
127	Kamael: A Window to the Future	1	0	3	31350	Dominic	35416	-48076	899	No requirements		0	Priest Dominic of the Rune Township is looking for an adventurer who will be able to successfully execute a special and secretive task. This task is in regards to the appearance of the new race called the Kamael; He says that your task is to meet with one representative from each race and find out their position and their desired terms...	Priest Dominic of Rune Township spoke to me about the strange Kamael, amplifying my curiosity. He said that if I go see Klaus Blackbird of Oren, I will be able to hear more details about the Kamael.
151	Cure for Fever Disease	15	21	3	30050	Elias	-84057	242832	-3729	No Requirements		0	The students of Einhovant's School of Magic have come down with a mysterious fever. Their teacher, Elias, is quite concerned.	Elias, a Master at the School of Wizardry, has been gathering herbs in the northern woods with some students. The students have fallen ill, and Priest Yohanes has been asked to create a remedy. He needs the poison sacs of many spiders, and you are asked to bring them to him.
152	Shards of Golem	10	17	3	30035	Harrys	-84965	245222	-3726	No Requirements		0	The roof of Einhasad Temple has collapsed! Help Magister Harrys restore the temple!	A few days ago the roof of the temple was wrecked by a storm. Magister Harrys has asked Blacksmith Altran for tools with which to repair the roof. He asks you to pick up the tools from Blacksmith Altran.
153	Deliver Goods	2	5	3	30041	Arnold	-82319	244709	-3727	No Requirements		0	Cargo that was presumed lost in a recent shipwreck has been recovered. Help Guard Arnold deliver the cargo to its recipients.	Guard Arnold, who has been working on the recovery of several recent shipwrecks, asks you to deliver some salvaged goods. Deliver the wooden box to Trader Jackson in the weapons shop. Deliver the bolts of cloth to Trader Silvia at the grocery store, and deliver the clay jar to Warehouse Keeper Rant.
154	Sacrifice to the Sea	2	7	3	30312	Rockswell	-78939	240305	-3443	No Requirements		0	Lighthouse Keeper Rockswell plans a ritual sacrifice to calm the storms that have been battering the island. This time he intends to use a doll instead of a live virgin.	In order to calm the violent storms that have battered the island, Lighthouse Keeper Rockswell is planning a ritual sacrifice to the goddess Shilen. The original ritual calls for a live maiden, but he decides to offer a doll instead. To make the hair of the doll, he needs fox fur. Hunt keltirs around the village and take 10 units of fox fur to Cristel in...
155	Find Sir Windawood	3	6	3	30042	Abellos	-82659	244992	-3717	No Requirements		0	An important letter has arrived for Sir Colin Windawood, the Consul of Talking Island. Sir Windawood, more likely to be found out on a stroll than in his office, hasn't seen it. Find Sir Windawood and deliver the letter to him.	Guard Abellos tells you that an urgent message has arrived from Gludio Castle for Sir Collin Windawood, the Consul of Talking Island. He asks you to deliver the message to the Consul near the Obelisk of Victory.
156	Millennium Love	15	19	3	30368	Lilith	-85301	244587	-3725	No Requirements		0	The ramifications of the ancient battle with the devil, Beleth, still linger in this land. Lilith still grieves for her lost lover, Theon, at Einhasad Temple. His body wasn't recovered, so she's never truly accepted his death. She's waited for him for 1000 years at their agreed-upon meeting place on Talking Island...	Lilith has pined for her lost love for over a thousand years in the temple of Talking Island. She lost her lover, Theon, in the war against Beleth. Because his body was never recovered, she has never accepted his death. She asks you to look for him on your way to Gludio.
157	Recover Smuggled Goods	5	9	3	30005	Wilford	-81512	243424	-3720	No Requirements		0	Warehouse Keeper Wilford is breaking the trade embargo against Gracia that was imposed after the recent war. He should be careful...	Warehouse Keeper Wilfred has been smuggling goods in violation of the embargo enacted after the war with Gracia. Recently, a merchant ship was stranded, spilling adamantite ore all over the shore. Much of the ore was recovered, but giant toads are swallowing what remains of it. Hunt the giant toads and recover the ore.
158	Seed of Evil	21	26	3	30031	Biotin	-84516	245449	-3714	No Requirements		0	Evil has spawned in the long-abandoned Elven Ruins! High Priest Biotin was warned of this menace in a dream and is gathering forces to fight the evil.	High Priest Biotin had a premonition from his dreams that something wicked is growing within the Elven Ruins. He says that the evil seed looks like a gigantic bat-winged demon. He asks you to destroy it.
159	Protect the Water Source	12	18	3	30154	Asterios	44692	52261	-2795	Elf	18,19,20,21,22,23,24,25,26,27,28,29,30,100,101,102,103,104,105	0	Someone has intentionally poisoned the water supply of Elven Village! Hierarch Asterios is seeking a young volunteer to find and destroy this evil-doer to save the Mother Tree!	Elven Hierarch Asterios is concerned that the Mother Tree of the village is being contaminated. He asks you to visit its water source, the lake north of the village. Destroy the cause of the contamination, the plague zombies.
160	Nerupa's Request	3	7	3	30370	Nerupa	46048	41200	-3504	Elf	18,19,20,21,22,23,24,25,26,27,28,29,30,100,101,102,103,104,105	0	Nerupa, the caretaker of the Mother Tree, is seeking a volunteer to visit the village on her behalf. The Hierarch will not permit her to go there.	Trader Unoren asked Nerupa to collect silvery spidersilks for him. Norupa doesn't want to enter the village and asks you to deliver the silvery spidersilks to Trader Unoren in the weapons shop and bring back a nightshade leaf.
161	Fruit of the Mothertree	3	7	3	30362	Andellia	46475	50495	-3058	Elf	18,19,20,21,22,23,24,25,26,27,28,29,30,100,101,102,103,104,105	0	Elves owe their long lifespans to their consumption of the fruit of the Mother Tree. The caretakers of the tree are quite concerned about the recent decline in production of fruit.	Andellia and her sisters care for the Mother Trees. You received a letter informing you that the Mother Tree near Iris Lake, maintained by their younger sister Thalia, has borne fruit. Since Andellia and her sisters cannot leave the Mother Trees untended, they ask you to visit Thalia and bring back the fruit of the Mother Tree.
162	Curse of the Underground Fortress	12	21	3	30147	Unoren	44667	46896	-2982	Exclude Dark Elf	0,1,2,3,4,5,6,7,8,9,10,11,12,13,14,15,16,17,88,89,90,91,92,93,94,95,96,97,98,99,18,19,20,21,22,23,24,25,26,27,28,29,30,100,101,102,103,104,105,44,45,46,47,48,49,50,51,52,113,114,115,116,53,54,55,56,57,117,118	0	Ancient spirits have begun haunting the ruins of the Dark Elven war in the Underground Fortress. They cry out for revenge...	Trader Unoren explains that the undead creatures in the Underground Fortress are soldiers resurrected by a curse. He wants to quiet the vengeful spirits and free the souls of his comrades. He asks that you bring him bone fragments of undead monsters and skulls of Elves. Hunt dungeon skeleton soldiers, dungeon skeleton archers, dread soldiers, dark terrors...
163	Legacy of the Poet	11	15	3	30220	Starden	42971	51372	-2996	Exclude Dark Elf	0,1,2,3,4,5,6,7,8,9,10,11,12,13,14,15,16,17,88,89,90,91,92,93,94,95,96,97,98,99,18,19,20,21,22,23,24,25,26,27,28,29,30,100,101,102,103,104,105,44,45,46,47,48,49,50,51,52,113,114,115,116,53,54,55,56,57,117,118	0	Rumiel Moonshine, an amazing poet, entertains his companions with dark poetry, detailing the dread and sorrow of war. Alas, he succumbed too young to the violence he so eloquently described... But his soul lives on in his writings, hidden amongst the ruins of the Underground Fortress!	Sentinel Starden is a veteran of the battle of the Underground Fortress. Rumiel the poet, a longtime friend and fellow soldier, died in battle and his poems were lost within the fortress. Starden asks you to find his old friend's works somewhere in the Underground Fortress. Hunt Baraq Orc fighters and Baraq Orc warrior leaders.
164	Blood Fiend	21	26	3	30149	Creamees	42700	50057	-2984	Exclude Dark Elf	0,1,2,3,4,5,6,7,8,9,10,11,12,13,14,15,16,17,88,89,90,91,92,93,94,95,96,97,98,99,18,19,20,21,22,23,24,25,26,27,28,29,30,100,101,102,103,104,105,44,45,46,47,48,49,50,51,52,113,114,115,116,53,54,55,56,57,117,118	0	Bloody Lord Kirunak, the leader of the dark ones, killed many brave Elven warriors at the final battle of the Underground Fortress! Legend says that he still lurks near that ruined battlefield! Arise, Elven warriors! Revenge is ours at last!	Trader Creamees' friends and family were all killed by the dark side. Kirunak, the leader of the dark side, still lurks within the Underground Fortress. Creamees asks you to seek revenge upon Kirunak.
165	Shilen's Hunt	3	7	3	30348	Nelsya	17306	13592	-3724	Dark Elf	31,32,33,34,35,36,37,38,39,40,41,42,43,106,107,108,109,110,111,112	0	The Mass of Darkness in honor of Shilen is about to begin. Prepare for the Hunt of Glory! Take your bows and arrows and find offerings for the Mother of Abyss!	Shilen's Hunt will soon be held in the Dark Elf Village. Wild game will be hunted and offered as an sacrifice. The hunter who obtains 13 dark bezoars will receive a reward given by the Abyssal Celebrants. Hunt keltirs and wolves, obtain 13 dark bezoars and take them to Sentry Nelsya. Hunt young brown keltirs, brown keltirs, ashen wolves and elder brown...
166	Mass of Darkness	2	5	3	30130	Undrias	25856	10832	-3724	Dark Elf	31,32,33,34,35,36,37,38,39,40,41,42,43,106,107,108,109,110,111,112	0	The Mass of Darkness is performed in honor of Shilen, the mother of all Dark Elves. Let's all work together to make this the best festival ever!	Abyssal Celebrant Undrias is busily preparing for the ceremony of Shilen and Gran Kain. He asks you to go to the village and obtain several items that he will need for the Mass of Darkness. He asks for the following: a ceremonial dagger from Trader Iria in the Weapons Shop, dreviant wine from Warehouse Keeper Dorankus, and Garmiel's scripture from Master...
167	Dwarven Kinship	15	0	3	30350	Carlon	13763	17501	-4542	No Requirements		0	Warehouse Keeper Carlon hasn't seen his family since he was captured by Dark Elves ten years ago. He seeks someone to deliver a message to his brother Haprock in the Town of Gludio.	The Dwarven Warehouse Freightman Carlon misses his friends and asks you to deliver a letter to Warehouse Keeper Haprock in the Town of Gludio.
168	Deliver Supplies	3	6	3	30349	Jenna	17102	13002	-3743	Dark Elf	31,32,33,34,35,36,37,38,39,40,41,42,43,106,107,108,109,110,111,112	0	Tetrarch Kaitar is known to see the future. He has forseen that the village will soon come under attack.	Sentry Jenna says that according to Tetrarch Kaitar's prophecy, the Dark Forest will soon be invaded by outside forces. To prepare for the attack, all Sentries are optimizing their weapons. Master Harant has promised to provide them with new weapons, and they ask you to fetch them.
169	Offspring of Nightmares	15	20	3	30145	Vlasty	11258	14431	-4242	Dark Elf	31,32,33,34,35,36,37,38,39,40,41,42,43,106,107,108,109,110,111,112	0	Magister Vlasty is researching the ancient monster known as the dark horror.	Magister Vlasty is researching the dark horror, an undead monster. He needs unbroken skulls for the research, and asks you to hunt dark horrors and bring the skulls back to him. Dark horrors are found in the swamps southwest of the village. Even broken skulls will fetch you some adena.
170	Dangerous Seduction	21	26	3	30305	Vellior	10315	14293	-4242	Dark Elf	31,32,33,34,35,36,37,38,39,40,41,42,43,106,107,108,109,110,111,112	0	The dreams of Tetrarch Vellior are constantly haunted by a mysterious, beautiful woman! Discover the truth of her origin in the ruins of the School of Dark Arts!	Dark Elven Tetrarch Vellior cannot sleep because of the terrible nightmares caused by a succubus. You're asked to kill Merkenis at the School of Dark Arts.
171	Acts of Evil	27	32	3	30381	Alvah	-83520	149262	-3120	No Requirements		0	Menacing evil spirits increasingly threaten the peace of Gludio! Unmask and destroy the conspiracy between the Turek Orcs and the ol mahums in the nothern part of the territory!	A cargo wagon transporting goods to the Dark Forest was ambushed by Turek Orcs. Guard Alvah requests that you recover the stolen cargo. You should first speak with Trader Arodin at the weapons shop in Gludin Village.
211	Trial of the Challenger	35	0	3	30644	Kash	19831	144514	-3098	Warrior, Elven Knight, Palus Knight, Orc Monk, Orc Raider	1,19,32,47,45	0	Many Warriors seek the challenger's mark as proof of their valor. A conspiracy of darkness surrounds the mark.	Kash says that anyone who wants to get the mark of challenger should enter the cave behind the Undine Waterfall in the northern part of the Neutral Zone, destroy Shyslassys and retrieve an old parchment. Monster to Hunt - The Shyslassys
212	Trial of Duty	35	0	3	30109	Hannavalt	85655	146471	-3399	Human Knight, Elven Knight, Palus Knight	4,19,32	0	Why do Knights fight? For personal gain or public acclaim? This question must be answered by all who are called to knighthood!	Sometimes, being a mere Knight just isn't enough. Knights who wish to advance should find Sir Aron Tanford south of the Wastelands and undergo the Trial of Duty.
213	Trial of the Seeker	35	0	3	30106	Dufner	85234	146634	-3399	Rogue, Elven Scout, Assassin	7,22,35	0	The peace of the kingdom is threatened by mutant evil spirits. The Seeker Guild wants to conduct secret reconnaissance to find out what they're up to. It's a tough, dangerous job. Are you certain that you're prepared to follow the Path of the Seeker?	Mutant evil spirits threaten the kingdom. The guild has decided to begin a secret investigation into their activities. Only Seekers can accomplish this task. You must find someone to help you. The letter describes that person.
214	Trial of the Scholar	35	0	3	30461	Mirien	16427	142131	-2688	Human Wizard, Elven Wizard, Dark Wizard	11,26,39	0	Every Magus must pass the Trial of the Scholar. Passion and humility are essential to success.	To advance your learning, you must pass the Trial of the Scholar. Find the renowned Mystics and do as they say! First, you should seek out High Priest Sylvain in the Town of Dion.
215	Trial of the Pilgrim	35	0	3	30648	Santiago	-85002	105749	-3593	Cleric, Elven Oracle, Shillien Oracle, Orc Shaman	15,29,42,50	0	To understand the power of a deity, you must first understand its nature. Open your mind to new patterns of thought. True enlightenment comes to all who seek it.	The Trial of the Pilgrim requires that you learn the ways of the gods by visiting various priests. You should visit Seer Tanapi in the land of the Orcs first.
216	Trial of the Guildsman	35	0	3	30103	Valkon	83264	146602	-3464	Scavenger, Artisan	54,56	0	In order to become a full-fledged member of Dwarven society, a Dwarven apprentice must first prove himself worthy by creating 7 journeyman rings.	In order to become a full-fledged member of Dwarven society, you must first create 7 journeyman rings. Blacksmith Altran on Talking Island might be a good person to ask. Hold on... Do you see that? Is it a hint?
217	Testimony of Trust	37	0	3	30191	Hollint	83634	52927	-1443	Warrior, Human Knight, Rogue, Human Wizard, Cleric	1,4,7,11,15	0	Humans have proudly dominated this continent for millennia. But, as has been said, pride goes before the fall.. If they are to survive, they must restore the trust of the other races.	High Priest Hollint warns of a huge pending disaster and the dawn of an era of chaos. He gives you a testimony of trust, asking that you work to strengthen the solidarity between the races in preparation for the dark days ahead. You must visit the leaders of all the tribes and obtain their trust. Meet with Hierarch Asterios in Elven Village first.
218	Testimony of Life	37	0	3	30460	Cardien	19472	144334	-3088	Elven Knight, Elven Scout, Elven Wizard, Elven Oracle	19,22,26,29	0	The Mother Tree, the mother and final resting place of all Elves, is dying! To avoid another costly sacrifice, she must have tears from the purest creature, the water of life!	Also known as the mother of all forests and fairies, our Mother Tree is dying. Master Cardien says that many young Elves must be sacrificed if she is to be saved and then gives you the testimony of life. Take his letter to Magister Asterios in Elven Village.
219	Testimony of Fate	37	0	3	30476	Kaira	78928	149041	-3596	Palus Knight, Assassin, Dark Wizard, Shillien Oracle	32,35,39,42	0	Dark Elves believe they are descendents of their abyssal mother, Shilen. They seek her dark truths regarding the chaotic times to come.	Magister Kaira commands you to find a book called "Kaysha's Revelations", which supposedly contains the secrets of the goddess Shilen. Meet Brother Metheus in Einhasad Temple in Giran Castle Town and find out more about Alder, who produced copies of the book.
220	Testimony of Glory	37	0	3	30514	Vokian	80399	144254	-3520	Orc Raider, Orc Monk, Orc Shaman	45,47,50	0	An eternal winter is coming! To survive the imminent chaos you must be able to unite the power of all the Orc tribes. Are you ready for such a task?	Prefect Vokian wants to make sure that you're experienced enough to represent the Lord and orders that you prove your ability by hunting monsters. Monsters to Hunt - Crater of Ivory Tower: Manashens Death Pass: Guardian Basilisks Wastelands: Tyrants
221	Testimony of Prosperity	37	0	3	30104	Parman	83263	146736	-3464	Scavenger, Artisan	54,56	0	Dwarves understand the virtue of abundance above all others. True Dwarves study the teachings of Maphr in order to better grasp the concept of plenty!	To complete the first part of the Testimony of Prosperity, you must first find the four proofs of prosperity: the proof of wealth, the proof of fertile lands, the proof of fertility and the proof of a sound body. Warehouse Freightman Parman in Giran Castle Town can tell you more about the details of each of these proofs.
222	Test of the Duelist	39	0	3	30623	Kaien	79610	56717	-1510	Warrior, Elven Knight, Palus Knight, Orc Monk	1,19,32,47	0	Only the best Fighters in the kingdom earn the title of "Duelist". They must conquer the most powerful evil spirit in each territory!	To pass the Test of the Duelist you must defeat the most powerful evil spirit from each territory in the kingdom. Kaien has ordered that you destroy at least 10 evil spirits in each territory!
223	Test of the Champion	39	0	3	30624	Ascalon	79253	147049	-3529	Warrior, Orc Raider	1,45	0	These chaotic times are the best times for Warriors. Everything from mud and gore to love and romance is but for the taking!	Veteran Ascalon asks you to find his old friend Mason in the southern part of Dion.
224	Test of Sagittarius	39	0	3	30702	Bernard	117598	77264	-2585	Rogue, Elven Scout, Assassin	7,22,35	0	Hamil is an amazing archer! He was named Sagittarius at the age of 20! Defeat him and you'll gain his title, the best archer in the whole kingdom!	Hamil in Floran Village is a genius archer from Innadril. Visit him and earn his respect.
225	Test of the Searcher	39	0	3	30690	Luther	119472	77835	-2243	Rogue, Elven Scout, Assassin, Scavenger	7,22,35,54	0	Searchers find things which are hidden. To obtain the mark of the searcher, speak with Alex in Floran Village. He was once known as the best scout in the kingdom!	A Searcher has the ability to find hidden things. To obtain the mark of the searcher, visit Alex in Floran Village. He was once known as the best scout in the kingdom.
226	Test of the Healer	39	0	3	30473	Bandellos	85829	148365	-3392	Human Knight, Elven Knight, Cleric, Oracle	4,19,15,29	0	The mark of the healer is only bestowed upon those who recognize the power of purifying light. Prophecies speak of a female who will save the world from darkness and chaos! The conspiracy begins with her..	Ancient revelations tell of a girl that will be born to save the world from the forces of darkness. A girl has been born who claims to be the saint described in the prophecy. Speak with Perrin in Gludin Village.
227	Test of the Reformer	39	0	3	30118	Pupina	86485	148384	-3392	Cleric, Shillien Oracle	15,42	0	Seekers of the true faith, whoever wishes to become a bridge between this world and the next as a Priest, should speak to an exiled preacher named Sla, a true man of faith.	Do your part to make the world a better place. Use Disrupt Undead to defeat the Nameless Revenants who haunt the Execution Grounds. Monsters to Hunt - Nameless Revenants
228	Test of Magus	39	0	3	30629	Rukal	16680	142368	-2688	Human Wizard, Elven Wizard, Dark Wizard	11,26,39	0	Bard Rukal is searching for a mysterious song that he believes is the origin of elemental magic. He believes that this song will allow him to practice the ultimate magic!	A strange melody is only heard by those who have mastered elemental magic. Parina is the only one who knows it. You can find her in the temple of Gludin Village.
229	Test of Witchcraft	39	0	3	30630	Orim	69976	109692	-3702	Human Knight, Wizard, Palus Knight	11,26,39	0	The box contains the soul of the Dark Mage Aklantoth, from the time of the Elmoreden Empire! Before you can open it, you must answer his riddle.. What is the secret hidden in the riddle?	The box contains the soul of Aklantoth, a Magus of the dark arts during the Elmoreden era. To open it, you must answer his riddle. Start at the Luxury Shop in Giran Castle Town.
230	Test of the Summoner	39	0	3	30634	Galatea	-81199	151904	-3118	Human Wizard, Elven Wizard, Dark Wizard	11,26,39	0	Summoning magic requires the user to make contact with a high-level and intelligent spirit it. Once contact is made, the user must then control the spirit. The Testimonies of Summoning is a competition between users of such magic.	The Testimonies of Summoning is a competition between Summoners for Arcana Cards. Visit Trader Lara in the Town of Dion to make an Arcana Card.
231	Test of the Maestro	39	0	3	30531	Lockirin	116226	-178529	-948	Artisan	56	0	In order to become a maestro, you must pass the Test of Maestro. Lockrin of the Iron Gate who administers the test says that you must obtain and bring back recommendations from three other elders. Will you indeed be able to obtain recommendations from the three Dwarven elders who are known to have very high standards?	Lockirin explains that if you wish to become a Maestro, you must obtain the recommendations of three elders.
232	Test of the Lord	39	0	3	30565	Kakai	-46768	-113610	-3	Orc Shaman	50	0	Overlords are born, not made. to become an Overlord who also holds the position of Chief, the candidate must pass the Test of the Lord. The test to determine if you are worthy to become an Overlord has begun!	Flame Lord Kakai says that you must meet the chiefs of all five tribes, except Hestui, and bring back their totems. The Atuba Chief, the Neruga Chief and the Urutu Chief can be found in the Royal Hall; the Duda-Mara Chief is in the Town of Oren and the Gandi Chief is in the Town of Dion.
233	Test of the War Spirit	39	0	3	30510	Somak	19924	143196	-3040	Orc Shaman	50	0	One of the highest posts a Shaman can hope to achieve is Warcryer. The Warcryer calls on the spirits of his ancestors who died in battle. To become a Warcryer you must retrieve the ashes of a great ancestor!	Seer Somak orders you to recover the remains of 4 warriors, Braki the Clever, Kiruna the Brave, Tonar the Super and Hermodt the Indomitable. Orim of the Shadow has the remain of Braki, Seer Racoy in Gludio Town has the remains of Kiruna, Seer Pekiron in the Town of Oren has the remains of Tonar and Seer Manakia in Giran Castle Town has Hermodt's remains.
234	Fate's Whisper	75	0	3	31002	Reorin	92743	55523	-3370	No Requirements		0	Many travelers looking for new hope follow the whispers of the lady of the wind! Keep heart! You shall soon acquire the flame of purgatory!	The soul of Reiria, Maestro Reorin's dearly departed wife, is being held hostage by demons. He asks that you free her by slaying Messenger Cabrio and recovering the soul orb. He was last seen lurking in the northern part of the cemetery.
235	Mimir's Elixir	75	0	3	30721	Ladd	84985	15991	-1769	Star of Destiny		0	The star of destiny changes the fate of anyone who holds it! What is the secret of the ancient giants?	Magister Ladd tells you how to create Mimir's elixir. Magic Trader Wesley under the Ivory Tower will teach you the basic technique of mixing reagents. Magister Ladd tells you that the formula for pure silver is equal parts Lunargent and Quicksilver.
241	Possessor of a Precious Soul - 1	50	75	3	31739	Talien	147792	26368	-2107	This quest can only be fulfilled while a character is in a sub-class.		0	Talien is a bard who wanders around Aden Castle Town. He asks you to help him collect the stories of ancient heroes...	Bard Talien is collecting the records of ancient heroes. He has asked you to find a record regarding the seventeen heroes who confronted the Land Dragon Antharas. Go to Giran Castle Town and meet Gabrielle.
242	Possessor of a Precious Soul - 2	60	75	3	31742	Virgil	32960	-48224	1780	This quest can only be fulfilled while a character is in a sub-class. In addition, a character must have also completed "Possessor of a Precious Soul - 1."		241	Virgil, a Dwarf who worships the Lady of the Lake, asks you to help his granddaughter who has been tormented by a strange nightmare...	Have a conversation with Kassandra, Virgil's granddaughter.
246	Possessor of a Precious Soul - 3	65	75	3	31740	Caradine	150144	-57920	-2979	This quest can only be fulfilled while a character is in a sub-class. In addition, a character must have also completed "Possessor of a Precious Soul - 2."		242	Caradine asks you to help the Lady of the Lake recover her lost strength...	Ask Ossian what you need to do to restore the strength of the Lady of the Lake.
247	Possessor of a Precious Soul - 4	75	80	3	31740	Caradine	150144	-57920	-2979	This quest can only be fulfilled while a character is in a sub-class. In addition, a character must have also completed "Possessor of a Precious Soul - 3."		246	Caradine asks you to help the Lady of the Lake recover her lost strength...	Finally, it's time for you to meet the Lady of the Lake. Have a conversation with Caradine and you can meet her.
257	The Guard is Busy	6	16	2	30039	Gilbert	-82236	241573	-3728	No Requirements		0	Talking Island's immigration policy has been relaxed in order to give refuge to those who have fled the violence of the Gracian War. But it's still quite a dangerous place!	The plan to move the people of Gludio to Talking Island has been announced. The island must be made safe for them. Eliminate the Orcs and werewolves and bring proof to the Lord. Then, you'll be rewarded. Hunt Orcs, Orc archers, Orc fighters, Orc lieutenants, Orc fighter leaders, werewolves, werewolf hunters and werewolf chieftains.
258	Bring Wolf Pelts	3	9	2	30001	Lector	-86385	243267	-3717	No Requirements		0	Sir Windawood has ordered the newly-appointed Archon to form a militia to improve security on the island. He has placed a large order for leather armor from Trader Lector. Gather wolf pelts to help secure peace on Talking Island!	Sir Windawood asks Trader Lector to create leather equipment for the militia. Lector is a great tailor, but is short of materials. He asks you to collect forty wolf pelts and bring them to him right away.
259	Rancher's Plea	15	21	2	30497	Edmond	-114685	222291	-2925	No Requirements		0	Edmond and Marius dream of building a successful ranch on Talking Island, but certain eight-legged monsters stand in their way...	Edmond and his friend Marius want to build a ranch on Talking Island, but giant spiders are killing their livestock. They are offering rewards to hunters based on the number of spiders' husks that they bring back. If you take the husks to Marius, Edmond's partner, you will receive supplies. Hunt giant spiders, blade spiders and talon spiders.
260	Hunt the Orcs	6	16	2	30221	Rayen	42812	51138	-2996	Elf	18,19,20,21,22,23,24,25,26,27,28,29,30,100,101,102,103,104,105	0	Kaboo Orcs from the Misty Mountains have begun invading the Elven Forest. They've even infiltrated the village under the very eyes of the guards! All brave Elves who can help are asked to report to Sentinel Rayen!	The Kaboo Orcs in the Misty Mountains have begun attacking the Elven Forest. The Hierarch has ordered Sentinel Rayen to recruit warriors to battle them. The Hierarch will reward those who destroy Kaboo Orcs and bring proof.
261	Collector's Dream	15	21	2	30222	Alshupes	45859	50827	-3058	No Requirements		0	Alshupes, an amateur zoologist, has a particular interest in the skins and claws of rare animals. He pays a reward to whoever brings him the legs of the giant mutant spiders that lurk near the village.	Alshupes, a collector of unusual claws and pelts, is interested in giant spiders. He asks you to bring him eight legs of crimson spiders, hook spiders or pincer spiders.
262	Trade with the Ivory Tower	8	16	2	30137	Vollodos	11951	15661	-4554	No Requirements		0	Trader Vollodos reports an increased demand for special spores produced only in the Dark Elven Forest. He promises a reward to whoever brings him these special spores...	Trader Vollodos, who's had extensive dealing with the Mystics of the Ivory Tower, tells you that lately many Mystics are looking for fungus spores. He offers you a reward if you'll bring him fungus spores. He tells you that you can obtain spores by slaying spore fungi in the Dark Forest. Hunt green fungi and blood fungi.
263	Orc Subjugation	8	16	2	30346	Kayleen	6532	19903	-3693	Dark Elf	31,32,33,34,35,36,37,38,39,40,41,42,43,106,107,108,109,110,111,112	0	Our former slaves, the Balor Orcs, have dared to defy us! Now they're hiding in the mountains! Arise, warriors of Shilen, and teach our former slaves a lesson!	Balor Orcs have invaded the Dark Forest, and the Dark Elves are fiercely defending their territory from their former slaves. Defeat the Balor Orcs and bring proof to Sentry Kayleen for a reward. Hunt Balor Orc archers, Balor Orc fighters, Balor Orc lieutenants and Balor Orc fighter leaders.
264	Keen Claws	3	9	2	30136	Payne	10823	18013	-4554	No Requirements		0	Trader Payne has developed a unique arrow that uses a wolf claw as its arrowhead! It is most effective in siege situations. Payne is paying rewards to whoever brings him wolf claws to fill the huge order of Kiel Nighthawk.	Trader Payne is a famous maker of arrowheads. Recently he was asked by Sir Kiel Nighthawk to make hooked arrows from wolf claws. In order to make the arrows in time, he needs someone to help him to collect the ingredients. Collect and bring him fifty wolf claws. Hunt ashen wolves and goblins.
265	Chains of Slavery	6	11	2	30357	Kristin	7644	18048	-4377	Dark Elf	31,32,33,34,35,36,37,38,39,40,41,42,43,106,107,108,109,110,111,112	0	Our former slaves, the Imps, managed to escape while we were distracted by the war. It's time we teach those ungrateful wretches that no one escapes the Dark Elves!	The imps were created to serve the Dark Elves, but recently have broken the spell that had been binding them and escaped into the woods. The Dark Elven Tetrarchs are preparing a spell to recapture the imps, but they must have an imp shackle. Go to the Dark Elven Forest and take an imp shackle to Sentry Kristin. Hunt imps and imp elders.
266	Pleas of Pixies	3	8	2	31852	Pixy Murika	49262	53607	-3216	Elf	18,19,20,21,22,23,24,25,26,27,28,29,30,100,101,102,103,104,105	0	Many keltir and wolves have grown unusually large in the Elven Forest, and are now breaking the rules of nature by devouring nesting birds! The Pixy Queen is preparing some special magic to deal with them...	The Queen of the Pixies is preparing a spell to protect nesting birds in the Elven Forest from keltirs and wolves. Pixy Murika has been ordered to collect the ingredients needed. She asks you to bring her 100 red keltir or gray wolf fangs. She will reward you with a sparkling stone that was found in the forest. Hunt young red keltirs, red keltirs, elder red...
267	Wrath of Verdure	4	9	2	31853	Treant Bremec	50592	54896	-3376	Elf	18,19,20,21,22,23,24,25,26,27,28,29,30,100,101,102,103,104,105	0	Treant Bremec, a spirit of the forest, is being tormented by wicked little goblins who recently invaded and began logging his forest. He asks for help in restoring peace to his beloved woods.	The olen treants guarding the Elven Forest seek revenge on the goblins that damaged the forest. So far the sly goblins have managed to escape punishment. Treant Bremec asks for your help. Defeat the goblins and return the clubs that they stole to Treant Bremec and you shall be rewarded. Hunt the goblin raider.
271	Proof of Valor	4	8	2	30577	Rukain	-46576	-117311	-242	Orc	44,45,46,47,48,49,50,51,52,113,114,115,116	0	Are you a real Orc Fighter or just a wannabe? Prove yourself!	Praetorian Rukain treats young Orcs as if they were children. He believes that those who wish to become Orc Fighters must prove their valor by hunting kasha wolves and bringing back fifty of their fangs.
272	Wrath of Ancestors	5	16	2	30572	Livina	-45864	-112540	-199	Orc	44,45,46,47,48,49,50,51,52,113,114,115,116	0	Those impudent goblin grave robbers have insulted the ancient spirits for the last time! There's no longer any reason to put up with their insolence! Let them now taste Orcish steel!	Seer Livina says that the spirits of the ancestors have been angered by repeated desecrations of Utuku graves by goblin grave robbers. Kill the goblin grave robbers and bring back fifty of their heads. Only then can Seer Livina perform a ritual that will calm the anger of the ancestors. You will find the goblin grave robbers in Valley of Heroes and the...
273	Invaders of the Holy Land	6	14	2	30566	Varkees	-46802	-114011	-112	Orc	44,45,46,47,48,49,50,51,52,113,114,115,116	0	Imps are invading the Immortal Plateau, the ancestral Orcish homeland! Those impetus and foolish imps don't stand a chance against us! In the sacred name of Pa'agrio, the Lord of Flame! Arise, Orc warriors! Drive this scourge from our land!	Atuba Chief Varkees reports that rakeclaw imps have invaded the Immortal Plateau, polluting the Holy Land of the Orcs. He explains that rakeclaw imps were created and are being controlled by someone who uses witchcraft. Defeat the vile invaders and collect the soulstones embedded in their hearts to find out who is controlling them. If you bring the red soul...
274	Skirmish with the Werewolves	9	18	2	30569	Brukurse	-45952	-114784	-199	Orc	44,45,46,47,48,49,50,51,52,113,114,115,116	0	The fiendish Maraku Werewolves will pay for murdering a messenger of the Lord of Flame! In the name of Pa'agrio, kill them all!	War has been declared against the Maraku Werewolves who have dared to kill the Pa'agrio Lord's messenger! They have sent the messenger's head to us in spite! Prefect Brukurse asks you to slay the Maraku Werewolves and to bring back forty of their heads.
275	Dark Winged Spies	11	15	2	30567	Tantus	-46247	-113866	-21	Orc	44,45,46,47,48,49,50,51,52,113,114,115,116	0	The time has come for the traitor Baranka to pay for his crimes. Destroy the darkwing bats who spy on the tribes of the kingdom.	Baranka is plotting the destruction of the Orc kingdom. He's using darkwing bats to spy on the Orcs. The Magisters have requested darkwing bat fangs in order to protect their territories from the approaching beasts. Neruga Chief Tantus has asked that you hunt darkwing bats and bring back seventy of their fangs. Hunt darkwing bats and Baranka's trackers.
276	Totem of the Hestui	15	21	2	30571	Tanapi	-45863	-112621	-200	Orc	44,45,46,47,48,49,50,51,52,113,114,115,116	0	The gray bear totem, longtime guardian of the Hestui Tribe, is under attack from the forces of the evil spirit Kasha! Save the gray bear totem from its grisly fate!	Many gray bears on the Immortal Plateau have recently become possessed with the evil spirit of Kasha, the spirit of death and decay. This worries Seer Tanapi, who explains that the gray bear is the protective totem of the Hestui Orc tribe. He asks you to kill the possessed gray bears and put their souls to rest. While hunting kasha bears, you will run into...
277	Gatekeeper's Offering	15	21	2	30576	Tamil	-45264	-112512	-235	No Requirements		0	Gatekeeper Tamil must make an offering to a totem of spider in order to complete his teleportation studies at the Ivory Tower.	Gatekeeper Tamil says that in order to complete his teleport magic, he needs the aid of the totem spirit of the spider. To get this, he must make regular offerings. He asks you to collect 20 starstones from the greystone golems. He will reward you with a token for a free teleportation to Gludin.
291	Revenge of the Redbonnet	4	8	2	30553	Maryse Redbonnet	116852	-183595	-1566	No Requirements		0	As a child, Maryse Redbonnet narrowly escaped being eaten by wolves. Her family was not so lucky. She has sworn revenge on all wolves!	Maryse Redbonnet lost her family and very nearly her own life to wolves as a child, and therefore burns with hatred for them. She asks that you hunt the black wolves around the village, gather forty of their pelts and bring them back to her. She will reward you with her grandmother's heirloom.
292	Brigands Sweep	5	18	2	30532	Spiron	116190	-178441	-948	Dwarf	53,54,55,56,57,117,118	0	Convoys of the Golden Wheel Guild have recently come under daring attacks from goblin bandits. For the sake of Maphr, this outrage must be avenged! Let's give those goblins a dose of Dwarven justice!	Elder Spiron of the Golden Wheel Guild says that his guild has suffered extensive trade losses recently because of goblin brigands, and asks you to purge them from the mountains. Defeat the goblins, collect their necklaces and bring them back for a reward. Hunt goblin snoopers, goblin brigands, goblin brigand lieutenants, goblin brigand leaders and the...
293	The Hidden Veins	6	15	2	30535	Filaur	116103	-178407	-948	Dwarf	53,54,55,56,57,117,118	0	Elder Filaur, an expert in the construction and mining business, has learned that Otuk Orcs have recently discovered a long-lost chrysolite mine...	Elder Filaur of the Gray Pillar Guild asks you for help in searching for hidden Chrysolite veins. Defeat the Utuku Orcs and bring the Chrysolite Ore they possess to receive a reward. Also collect the four pieces of the map that reveals the location of the vein, and take them to Maphr Priestess Chichirin who will put them together for you. Then, take the map...
294	Covert Business	10	16	2	30534	Keef	116190	-178615	-948	Dwarf	53,54,55,56,57,117,118	0	The Bronze Key Guild has dealt in rare ingredients for millenia. They're looking for someone to hunt bats for an important client.	The notorious Black Mage Hardin has asked the Bronze Key Guild to gather bat fangs. For unknown reasons Elder Keef has accepted this request and begun covert dealings with Hardin. Hardin has asked them to slay blade bats or barbed bats and bring back 100 of their fangs. It's dirty work, but the warriors of the guild are happy to do it. You must be very...
295	Dreaming of the Skies	11	15	2	30536	Arin	116103	-178653	-948	No Requirements		0	Arin of the Black Anvil Guild has long dreamed of flying, and is now studying the ancient technology of the Titans in pursuit of his goal... But he must first find a monster with a floating stone...	Elder Arin, leader of the Black Anvil Guild, has long dreamed of mastering the technology of the Titans and developing the ultimate flying machine. He requires research materials. He asks you to collect 50 floating stones and bring them to him. These stones may be obtained by hunting magical weavers.
296	Tarantula's Spider Silk	15	21	2	30519	Mion	116268	-177524	-914	Ring of Racoon or Ring of Firefly		0	The Silver Scale Guild has received a special order for 20 spider silk outfits from the King of Elmore! They are for the emissaries to Aden and must be of the highest quality! Mion, a tailor at the guild, is frantic... He's short of both time and materials!	The king of Elmore has requested the best spider silk formal wear to be made for the emissaries that are being dispatched to Aden. Trader Mion, a tailor from the Silver Scale Guild, doesn't have enough material and asks you to collect tarantula spider silk. Kill the hunter tarantulas and plunder tarantulas and bring back their silk for a reward. Spider silk...
297	Gatekeeper's Favor	15	21	2	30540	Wirphy	115072	-178176	-906	No Requirements		0	Since Gatekeeper Wirphy began using the technology of the ancient Titans, he's had more business than he can handle! Now he's in need of some special ingredients to recharge his energy source...	Gatekeeper Wirphy of the Dwarven Village is made from the technology of ancient giants. She is exhausted after teleporting a large group of traders. She asks you to collect 20 starstones, the ancient giants' source of energy, and bring them to her. Hunt the whinstone golems.
298	Lizardmen's Conspiracy	25	34	0	30333	Praga	-16623	124028	-3118	No Requirements		0	The Maille Lizardmen slowly and menacingly approach the castle. Their secret power will soon be revealed.	Magister Rohmer of the Town of Gludio has been observing the activities of the Maille Lizardmen on the west side of town. Guard Praga asks you to deliver the data and reports his men have collected to Magister Rohmer.
299	Gather Ingredients for Pie	34	40	0	30620	Emily	20609	145993	-3123	No Requirements		0	To make a special pie for this weekend's banquet, help Emily collect honey from bees.	Mrs. Emily wants to bake a pie for the tea party at the temple this weekend. Collect honey from wasps in the Beehive area. Monsters to Hunt - Wasp Leaders and Workers
300	Hunting Leto Lizardman	34	39	0	30126	Rath	84064	141438	-3526	No Requirements		0	Repulse the Leto Lizardmen that suddenly gained power!	Leto Lizardmen on the Plains of the Lizardmen are behaving very strangely. Don't interrupt their ritual, but destroy them, except their Shamans. Monsters to Hunt - Leto Lizardmen, Leto Lizardman Archers, Leto Lizardman Soldiers, Leto Lizardman Chiefs and Leto Lizardman Warriors
303	Collect Arrowheads	10	14	2	30029	Minia	-83175	243065	-3718	No Requirements		0	Minia is a collector of odd weapons from diverse cultures. She's recently begun collecting the weaponry of Turak Orcs, native to Talking Island...	Master Minia of the Fighters Guild is a collector of odd weapons. She has recently become interested in the weaponry of the Tunath Orc marksmen, and asks you to retrieve their arrowheads in the Elven Ruins.
306	Crystals of Fire and Ice	17	23	2	30004	Katerina	-84204	240403	-3717	No Requirements		0	Hidden deep within the Elven Ruins are rare relics, once used in rituals honoring the ancient spirits of water and fire!... Destroy the evil that guards them and retrieve the priceless relics!	Trader Katerina specializes in jewelry. She asks you to go to the Elven Ruins and collect soul ore shards, which were used by ancient Elven mystics. Hunt salamanders and undines in the Elven Ruins to obtain flame shards and ice shards respectively. Hunt salamanders, salamander elders, salamander nobles, undines, undine elders and undine nobles.
313	Collect Spores	8	13	2	30150	Herbiel	42766	50037	-2984	No Requirements		0	The Sea of Spores was created by an evil magic set loose in the Great War over 2000 years ago! The evil poison has endured through the millenia, and even now is crossing the mountains, making its way straight towards the Elven Forest! The Elves are frantically trying to find a way to stop it.	The Elven Forest is being slowly contaminated by the poisonous Sea of Spores. The Elven Hierarachs are researching a neutralizer with the aid of Trader Herbiel. Herbiel asks for spore powder, essential to the research. Collect 10 spore sacs from spore fungi found in the Elven Forest and take them to Herbiel.
316	Destroy Plague Carriers	18	24	2	30155	Ellenia	45725	52105	-2795	Elf	18,19,20,21,22,23,24,25,26,27,28,29,30,100,101,102,103,104,105	0	The Elves have never forgiven the ratmen for introducing plague into their sacred Elven Forest... Not to mention their unholy alliance with the Dark Elves that resulted in the deaths of thousands of Elves! Master Ellenia is recruiting volunteers to destroy the filthy beasts...	The ratmen, known by Elves as "the plague carriers," were responsible for an epidemic in the Elven Forest and once fought on the side of the Dark Elves. Understandably, the Elves harbor great bitterness towards them. Master Ellenia asks you to kill the ratmen that are nesting in the Elven Underground Fortress. You must especially destroy Varool Foulclaw...
317	Catch the Wind	18	23	2	30361	Rizraell	45610	49008	-3059	No Requirements		0	Lireins are wind spirits, and can quickly stir up quite a storm! Within their bodies you'll find soulstone wind shards, good for a variety of purposes!	Lireins, the spirits of the storm, possess a soulstone known as wind shard in their bodies. Rizraell asks you to collect them to create the Scroll of the Wind. Defeat the lireins and return the wind shards to Rizraell. You will find lireins near the Neutral Zone towards the end of the Elven Forest.
319	Scent of Death	11	18	2	30138	Minaless	12009	15704	-4554	No Requirements		0	A bit of ground-up corpse skin is essential for growing nightshade...	Trader Minaless, who grows herbs on the side, has recently been growing a flower called nightshade. This plant requires a special fertilizer known as zombie dust. You must have zombie skin in order to create zombie dust. Trader Minaless asks you to go to the Marshlands south of the Dark Forest, slay the marsh zombies and bring back five zombie skins.
320	Bones Tell the Future	10	18	2	30359	Kaitar	11235	14078	-4242	Dark Elf	31,32,33,34,35,36,37,38,39,40,41,42,43,106,107,108,109,110,111,112	0	Tetrarch Kaitar predicts the future with dead men's bones. He foresees an approaching darkness that threatens to destroy all the races! He needs a secret ingredient containing awesome death energy to fully understand the prophecy...	Tetrarch Kaitar tells the future by throwing the bones of the undead. He performs a monthly reading to predict any imminent threat to the Dark Elves. He needs more bone fragments of the undead and asks you to go and collect 10 of them for him. You can obtain them by going to the School of Dark Arts and slaying skeletons.
324	Sweetest Venom	18	23	2	30351	Astaron	12328	14947	-4574	No Requirements		0	Dark Elves are very fond of drevient wine, a drink made from the venom of spiders. Astaron, a master brewer, offers to make some for you if you'll bring him the ingredients he needs.	Astaron explains that dreviant wine is brewed from spider venom. He wants to use grapes imported from Gludio a while back by Trader Vollodos. He asks that you obtain 10 spider venom sacs which are the most difficult to find among the ingredients he needs. Hunt spiders in the Dark Forest and return the sacs to Astaron for a reward. Hunt poison spiders...
325	Grim Collector	15	26	2	30336	Curtis	-14005	126542	-3148	No Requirements		0	Legend says that there is someone who collects bits and pieces of undead things... What could he be thinking?	While discussing the ruins, Guard Curtis speaks of some good work and tells you about Samed. Visit Samed and talk about Curtis. You'll be asked to run an errand.
326	Vanquish Remnants	21	30	2	30435	Leopold	-79705	155131	-3176	No Requirements		0	The Black Lion Mercenaries are seeking volunteers to help rid the kingdom of the last of the filthy Gracian invaders! After their humiliating defeat, most of the Gracians returned home, but a few stragglers stayed behind to loot and pillage. Stand with the Black Lion against the filthy invaders!	The Black Lion Mercenaries, hired by the Lord of Gludio to dispose of the ol mahums, have performed very poorly. Having suffered massive losses, they are recruiting skilled fighters to join their battle against the ol mahums. Defeat the ol mahums and collect their badges as proof. Leopold will reward you. Monsters to Hunt - Ol Mahum patrols, Ol Mahum...
327	Recover the Farmland	25	34	2	30597	Piotur	-85700	106591	-3555	No Requirements		0	All that awaited the farmers returning home from the long war was burned land and evil barbarians!	Turek Orcs have infested the previously fertile farmland northwest of Gludio. On behalf of the farmers of Gludio, Farmer Piotur is recruiting mercenaries to drive out the Orcs from their stolen farmland. Slay the Turek Orcs, collect the proofs and take them to Piotur. He will give you a reward.
328	Sense for Business	21	32	2	30436	Sarien	-16832	210256	-3661	No Requirements		0	Legends speak of a hidden treasure in the Wastelands... How could such a desolate place hold treasure?	Trader Sarien sells rare magical ingredients to the Ivory Tower of Oren. He tells you that you can acquire monster eye meat and jade in the Wastelandss. He also asks you to retrieve a monster eye carcass and a basilisk's gizzard. Monster to be hunted
329	Curiosity of a Dwarf	33	38	2	30437	Rolento	-17312	208976	-3661	No Requirements		0	Dwarves are naturally curious, but Rolento is even more curious than most! He's looking for some like-minded individuals to join him...	Dwarven Trader Rolento is interested in studying the internal structure and activation methods of golems. He's especially interested in their power source, and asks you to obtain a piece of stone that is known as "Heart Stone." It can be obtained from granite golems or punchers. Monsters to Hunt - punchers and granite golems.
330	Adept of Taste	24	34	2	30469	Jonas	21040	144608	-3069	No Requirements		0	Chef Jonas' dream has always been to return to his hometown a world-class chef. He plans to enter a royal competition, which will be judged by none other than Magister Mirien, a notoriously finicky eater!... What ever shall he prepare...?	Chef Jonas is preparing a monster eye steak for a competition. The judge is Magister Mirien, also known as the 'Adept of Taste'. You must collect the highest-quality ingredients in order to satisfy her.
331	Arrow of Vengeance	32	39	2	30125	Belton	83705	141439	-3530	No Requirements		0	The land dragon Antharas has been ravaging the kingdom of Aden for the past several years. There is one person in particular who seeks to avenge his tyranny...	Guard Belton burns for revenge after losing his family to the land dragon, antharas. He is making a special arrow of harpy feather, medusa venom, and wyrm's tooth in order to slay the dragon. He asks you to help him collect the ingredients. Monster to
333	Hunt of the Black Lion	25	39	2	30735	Sophya	19264	144672	-3098	Black Lion Mark		0	Evil spirits have taken advantage of Aden's weakness after the Gracian War to wreak havoc all over the kingdom. The Lords from each territory have called upon the Black Lion Mercenaries to drive the evil spirits away...	Sophya, the captain of the Black Lion Mercenaries, asks that you help to rid the Town of Dion of monsters. Eliminate the undead on the Execution Grounds, the Ol Mahums in the Fortress of Resistance, the Delu Lizardmen on the southern shores and the Marsh Stakato in the Cruma Marshlands.
334	The Wishing Potion	30	0	2	30738	Matild	69836	18108	-3664	No Requirements		0	Alchemist Matild has long tried to create a mysterious potion. She recently discovered a book containing the recipe and asks you to bring it to her. She gives you a book of alchemy and gives you directions to the secret keeper tree.	Alchemist Matild has long wished to create a mysterious potion. She has recently discovered its recipe and asks you to bring the ingredients to her. She gives you a book of alchemy, along with directions to the ingredients for the mysterious potion. Find the secret keeper tree.
335	Song of the Hunter	35	59	2	30744	Grey	117980	76704	-2597	No Requirements		0	The Hunters Guild has a long, romantic history, and has always been in the dreams of youths who seek adventure... Whether they choose to hunt criminals or monsters! It's definitely not an easy task to join the Hunters Guild.	Grey of the Hunters Union tells you about the union and says that in order to join, you must pass a test to obtain a hunter's license. Bring back three or more of the items listed on the test to receive a circle 1 hunter's license. Those in possession of such a license may carry out various missions for the guild.
336	Coins of Magic	40	60	0	30232	Sorint	115271	76705	-2650	No Requirements		0	Who would have thought that coin collecting could lead to such horrific chaos throughout the kingdom? It seems impossible to control now! Can you get the Coin Collector Membership 1?	Coin Collector Warehouse Keeper Sorint asks you to meet with Hunters Union President Bernard and retrieve the golden dragon of Kaldis.
337	Audience with the Land Dragon	50	64	2	30753	Gabrielle	81296	149728	-3469	No Requirements		0	The land dragon Antharas has rampaged throughout the entire kingdom of Giran since he awoke from his ancient slumber. Gabrielle is looking for a warrior to rid the land of this scourge.	The quest to obtain the portal stone, needed to enter Antharas' Lair. Seal Watchman Gabrielle warns that Antharas has been awakened, and asks you to join the party going to slay the dragon. She says that Antharas' Lair is surrounded by a magical field and is unapproachable, but she thinks that the portal stone may activate the heart of the field and allow...
338	Alligator Hunter	40	47	2	30892	Enverun	107082	216673	-3595	No Requirements		0	Giant alligators threaten Innadril! Trader Enbern is looking for someone to help him capture some the beasts...	Trader Enverun asks you to join him on a hunting excursion to Alligator Island. He offers to pay you a reward for each alligator pelt.
340	Subjugation of Lizardmen	17	21	2	30385	Weisz	-77291	155983	-3191	No Requirements		0	Whilst beset from all directions, yet another force has begun threatening Gludio! Lizardmen have begun looting and pillaging throughout the land! Destroy them and restore the peace!	Guard Weisz's orders state that you must recover the cargo that belongs to the Aden trade union from the Felim lizardmen in the Fellmere Harvesting Grounds. Recover 30 units of cargo from the Felim lizardmen, Felim lizardman scouts and Felim lizardman warriors.
341	Hunting for Wild Beasts	20	24	2	30078	Pano	16970	170391	-3496	No Requirements		0	The salmon returned to the river as quick as lightning! Grocer Pano rushed to sell fishing supplies, but unforseen problems threaten his very existence...	Grocer Pano asks you to drive away the bears that are threatening his proposed fishing resort west of Floran Village. Take 20 pelts to him to claim your reward. Hunt Dion grizzlies in the Dion Hills, grizzly bears and red bears on the Fellmere Harvesting Grounds, and brown bears on Windmill Hill.
343	Under the Shadow of the Ivory Tower	40	47	2	30834	Cema	105792	114290	-3136	Human Wizard, Elven Wizard, Dark Wizard, SOrcerer/ss, Necromancer, Warlock, Spellsinger, Elemental Summoner, Spellhowler, Phantom Summoner	11,26,39,12,13,14,27,28,40,41	0	The long-sought-after mineral, Nebulite, was used by the ancient giants as a magic amplifier. A secret mission is underway to secure a supply of it...	Magic Trader Cema asks you to collect Nebulite orbs by killing monsters in a crater near the Ivory Tower of Oren. Dwarven Collector Marsha and Collector Trumpin were originally hired to do this work but Cema has not heard from them since they left. While collecting the orbs, if you happen to run into them, ask them what happened. Hunt manashen gargoyles...
344	1000 years, the End of Lamentation	48	55	2	30754	Gilmore	73211	118492	-3693	No Requirements		0	Long ago, brave, sword-wielding warriors left to slay the land dragon, Antharas. Their shining armor and beautiful white horses gleaming in the sun, they headed off into the sunset to confront the beast, never to return...	Antharas Watchman Gilmore seeks to avenge the soldiers who were made undead after failing in their brave attempt to subjugate the evil beast 1,000 years ago. He requests that you destroy the cave servants and recover the belongings of the fallen soldiers. Hunt cave servants, cave servant archers, cave servant warriors, cave servant captains and the royal...
345	Method to Raise the Dead	35	42	2	30970	Dorothy	114939	223293	-3736	No Requirements		0	After many hardships, Locksmith Dorothy and her friends succeeded in stealing the treasure of the legendary pirate, Zaken! The shining fang awaited them near the village.	Locksmith Dorothy asks you to determine what happened to her recently vanished friends who disappeared along with a pirate's treasure. She fears that they were eaten by Crokians on the Field of Whispers and wants you to search there for their bones. Hunt Crokians and crokian warriors.
347	Go Get the Calculator.	12	0	2	30526	Brunon	115315	-182155	-1444	No Requirements		0	Isn't it said that insanity always lies at the heart of genius? Blacksmith Brunon dreams of being first to visit the moon, but must have something first...	You must travel to the Dwarven Village to obtain a newly developed calculator for the blacksmith Brunon, who has promised a considerable reward. The Trade Guild will have information regarding the device.
348	An Arrogant Search	60	75	2	30864	Hanellin	144096	23584	-2117	No Requirements		0	Above the Tower of Insolence swirls a mysterious vortex. There the gods have sealed Baium, the arrogant creator of the tower. What can you learn there?	A mysterious, swirling vortex over the tower of an ancient king.
350	Enhance Your Weapon	40	80	2	0		0	0	0	No Requirements		0	A great, unknown darkness looms on the horizon... Sensing the coming chaos, the Magisters and Maestros are preparing secret ways to counter the threat.	Many Magisters and Maestros have been recruiting volunteers to form a united front against the coming dark days. They have developed methods of strengthening weaponry as a way of empowering individual members of their forces. They tell you that now is the time to grow individual strength to prepare for the approaching darkness and ask you to learn to use...
351	Black Swan	32	36	2	30916	Gosta	106942	218040	-3664	No Requirements		0	Tasaba lizardmen have stolen cargo belonging to Iason Heine, owner of the the most successful commercial guild in Heine! Kill the lizardmen and recover the cargo!	Captain Gosta of Heine asks you to kill the Tasaba lizardmen that stole the cargo belonging to Iason Heine's Commercial Guild. Slay the Tasaba lizardmen and bring back their fangs or the barrels of league that were stolen and Iason Heine will give you a reward. Kill the Tasaba lizardmen and Tasaba lizardmen shamans.
352	Help Rood Raise A New Pet!	39	44	2	31067	Rood	110605	219495	-3672	No Requirements		0	Could it be true that a beautiful, noble pet has been discovered in the silent field of reeds?	Pet Manager Rood of Heine wants to raise a new pet. He asks you to obtain lienrik eggs. A lienrik is a beautiful beast that lives in the Field of Silence. Female lienrik eggs are much rarer than male lienrik eggs. Hunt lienriks and lienrik lads.
353	Power of Darkness	55	60	2	31044	Galman	122904	110828	-3728	No Requirements		0	Galman spends his time alone in Dragon Valley... Nobody wants to go near him, but he has a story to tell...	Galman is a businessman in Dragon Valley. He is very depressed because his lover is dying. Out of desperation he has begun delving into the powers of darkness. He asks you to find him a stone of contract. Hunt the Malruk succubus and the Malruk succubus turens.
354	Conquest of Alligator Island	38	49	0	30895	Kluck	109623	220091	-3520	No Requirements		0	After being driven from their trade routes from Giran to Innadril by the Humans, the Dwarven guild authorities agreed to establish new markets for their goods. However, they may get more than they bargained for...	Warehouse Freightman Kluck of Heine intends to develop a free trade zone on Alligator Island. He asks you to wipe out the evil creatures there and bring him their teeth as proof. Take 100 or more proofs to him at once and he will give you a bonus. Hunt crokian lads, dailaon lads, crokian lad warriors, farhite lads, nos lads and swamp tribes.
355	Family Honor	36	49	0	30181	Galibredo	79451	54877	-1542	No Requirements		0	Trader Galibredo claims to have royal blood in his veins. He claims to be a descendant of a distinguished aristocratic family of the ancient Elmoreden Empire. He seeks to regain the glory of the past and restore himself to his rightful place of honor…	Although Trader Galibredo of the Town of Oren is now a mere merchant, his roots are aristocratic. Some time ago, he purchased several busts made by the ancient sculptor, Berona. As they were being delivered to him they were stolen by orcs. He desperately wishes to recover the ancient statues, regardless of the cost. He promises an extra reward each time you...
356	Dig Up the Sea of Spores!	43	51	2	30717	Gauen	85332	16592	-2285	No Requirements		0	The Wizards of the Ivory Tower have sought to stem the spread of the Sea of Spores since ancient times. Now they want a permanent solution to this problem.	Magister Gauen of the Ivory Tower wishes to perform an in-depth study of the Sea of Spores. He asks that you bring him 50 carnivore spores and 50 herbivorous spores. Perhaps he would settle for just 50 of one type... Hunt rotting trees and spore zombies.
357	Warehouse Keeper's Ambition	47	57	0	30686	Silva	115435	76541	-2649	No Requirements		0	Warehouse Chief Baxt recently announced retirement, and the competition to replace him has already grown fierce among the freightmen.	Warehouse Freightman Silva wishes to become the next Warehouse Chief. She intends to obtain this position through the jade crystal business. She asks that you collect jade crystals for her. She offers an extra reward if you bring her 100 or more jade crystals at a time. You should hunt forest runners, Fline elders, Liele elders and valley treant elders.
358	Illegitimate Child of A Goddess	63	67	2	30862	Oltlin	143776	23936	-2118	No Requirements		0	Dark Elves think of Shilen as their mother, as she may well be, but children born of such lunacy are bound to cast a dark shadow...	To protect Shilen's reputation, Grand Master Oltlin asks you to destroy the evil creatures that are evidence of her descent into madness. Collect 108 snake scales from the evil creatures that look like her and take them to Grand Master Oltlin. You will find them in front of the Forbidden Gateway. Hunt Falibati and Trives.
359	For Sleepless Deadmen	60	67	2	30857	Orven	147456	22576	-1989	No Requirements		0	The king's bitterness at his defeat was so great that it even transcended his death! To this day, he wanders his ruined castle...	Knight Gustav of Elmore has resurrected the dead heroes of Aden to serve his evil purposes. Recover 60 of their remains and take them to High Priest Orven in Aden Castle so that they can be laid to rest. Hunt doom archers, doom guards and doom servants.
360	Plunder Their Supplies	52	59	2	30873	Coleman	147727	32126	-2471	No Requirements		0	Kings, nobles and heroes are buried in the National Cemetery. Since the collapse of the kingdom, this holy place has been overrun with monsters! There are evil forces behind this.	Monsters are defiling the Cemetery where the heroes of this kingdom are buried. You are part of the forces pledged to drive them out. You must interrupt their supply line, kill them and take all the supplies and documents they are carrying to Guard Coleman in Aden Castle Town. Hunt Taik orc seekers and Taik orc supply leaders.
362	Bard's Mandolin	15	0	2	30957	Swan	18378	145052	-3074	No Requirements		0	Music is the most beautiful form of expression!. A certain young man, shy and blinded by love, knows this all too well...	Bard Swan, a secret admirer of Musician Nanarin, wants to give her a rare and precious flute. He asks that you visit Trader Woodrow, an importer of flutes.
363	Sorrowful Sound of Flute	15	0	2	30956	Nanarin	17025	146070	-3074	No Requirements		0	Music is the most beautiful form of expression! Even a certain lady of nobility with exquisite taste is helpless in its embrace!	Dark Elf Nanarin, enchanted at the sight of Dwarf Barbado's bountiful beard, wishes to pursue a relationship with him but her pride keeps her from expressing her true feelings. She suggests you find out from the Dwarves in the village what he likes. Ask the Dwarves in the blacksmith shop and the warehouse.
364	Jovial Accordion	15	0	2	30959	Barbado	20175	145480	-3114	No Requirements		0	Somebody said music is the most beautiful way to show yourself... The musician who loves music and calls himself the master of the melody, is looking for someone who can play with him...	Barbado explains that he has long been an admirer of Swan's music and his fondest wish is to someday play a duet with him. Swan has not responded to his invitation, and Barbado has gotten the impression that Swan is avoiding him. Barbado asks you to visit Swan on his behalf.
365	Devil's Legacy	39	56	0	30095	Randolf	82405	149905	-3520	No Requirements		0	Pirate Captain Zaken searched for treasure all his life. While he died an untimely death, his curse lives on, on Devil's Isle!	Pirate Zaken's followers imprisoned him on Devil's Isle and stole his treasure, but he eventually got his revenge by killing them all and turning them into pirate zombies and pirate zombie captains. You must go there, conduct an investigation, recover the stolen treasure, and take it to Warehouse Keeper Randolf in Giran Castle Town.
366	Silver Haired Shaman	48	58	0	30111	Dieter	86359	152970	-3494	No Requirements		0	Devil's Isle is home to the restless spirits of Pirate Captain Zaken and his men. That island holds some ghastly secrets...	Magister Dieter of Giran Castle Town wishes to obtain the silver hair of Sairon which can be found on Devil's Isle. Rumor says that this hair is what gives the doll its power. Go to Devil's Isle and slay Sairon, her doll and puppet, and then take some of her silver hair to Magister Dieter.
367	Electrifying Recharge!	37	47	0	30673	Lorain	16460	113488	-3575	No Requirements		0	All the best discoveries are accidental! What scientific secrets might we learn from the ancient giants?	Researcher Lorain says that she has discovered the secret of the Titan's energy. She asks that you use an ancient item in a fight against Catherok, the monster of Cruma Tower and thereby expose the ancient item to the influence of the skill Catherok uses.
368	Trespassing into the Sacred Area	36	48	0	30926	Restina	111053	224148	-3549	No Requirements		0	The Garden of Eva is the holy sanctuary of the Goddess of Water! What are all those evil creatures doing there?!	The Garden of Eva is the goddess' sanctuary. Lately, monsters have been invading it, and the garden guards are overwhelmed. Priestess Restina of Heine has requested the help of outsiders to drive out the monsters. Kill blade stakatos, blade stakato workers, blade stakato warriors, and blade stakato drones.
369	Collector of Jewels	25	37	0	30376	Nell	-79557	150982	-3043	No Requirements		0	Magister Nell wants to know the connection between the soul stone found at the Elven Ruins on Talking Island and the one found at the Forgotten Temple... And that's not her only question!	Magister Nell is researching the Forgotten Temple. After learning of a relationship between the Forgotten Temple and the Elven Ruins, she asks you to bring her back broken fragments of elemental stone. Obtain 50 flame shards and 50 ice shards. Hunt roxides, lakin undines, rowin undines, death fires, lakin salamanders and salamander rowins.
370	An Elder Sows Seeds	28	42	0	30612	Casian	-16895	194229	-4207	No Requirements		0	The forbidden spellbook, used to protect against the devil Beleth, immediately transformed the once-fertile land south of Aden into a barren wasteland. Now, at last, Elder Casian has hopes of rekindling life there.	Great Magus Kranvel's spellbook has been opened for the upcoming fight with Beleth. The magic power emanating from the book has destroyed fertile farmland and produced weird and grotesque creatures. Filled with rage and grief, Spellsinger Diena destroyed the magus's spellbook. Rumor says it is now located in the Ant Nest. Elder Casian wishes to open Great...
371	Shriek of Ghosts	59	71	0	30867	Reva	143856	25696	-2125	No Requirements		0	The Tower of Insolence was built with the blood and bones of its many innocent victims. That place is haunted by the souls of those wrongly executed there! Would you pacify them?	Seer Reva of Aden Castle Town asks you to find an ancient ash urn. You can obtain it by going to the Tower of Insolence and killing the followers of the evil Hallate. You will receive an extra reward if you bring back 100 ash urns at once. If in your search you happen to find an ancient porcelain, take it to antique dealer Patrin in the Town of Oren and get...
372	Legacy of Insolence	59	75	0	30844	Walderal	148155	26254	-2217	No Requirements		0	The Tower of Insolence is definitely one of the most marvelous structures in history! The Gray Pillar Guild, expert architects, felt they had to reclaim the inheritance of their Dwarven ancestors' technology.	Warehouse Keeper Walderal belongs to the Gray Pillar Guild. He needs a blueprint of the Tower of Insolence to further his research. Slay the powerful enemies in the Tower of Insolence and recover the blueprint! If you find other books, ask Walderal about them. You must kill the corrupt sages, Erin Ediunce, Hallate's inspectors, platinum tribe overlords...
373	Supplier of Reagents	57	75	0	30166	Wesley	85655	16767	-4271	No Requirements		0	The Ivory Tower is the crowning achievement of our civilization! Research done here will benefit future generations! Magic is the way of the future!	You have agreed to obtain the reagent that Magic Trader Wesley needs for his magic research. Slay the evil creatures in the Tower of Insolence and the Blazing Swamp and collect reagent ingredients. Once you collect the ingredients, use the mixing urn in the basement of the Ivory Tower to create reagents. Refer to the note that is attached to the mixing urn...
374	Whisper of Dreams, Part 1	56	66	0	30515	Manakia	80399	144496	-3520	No Requirements		0	A dark chaos is about to descend upon the world! Seer Manakia received a warning in a dream, and is planning a ceremony to try and better understand the coming darkness...	Seer Manakia wants to perform a ritual to better predict the future. He asks you to obtain the items he needs. He needs 65 molars of cave beasts and 65 flames of death wave.
375	Whisper of Dreams, Part 2	60	74	0	30515	Manakia	80399	144496	-3520	Mysterious Stone		0	Seer Manakia is not able to adequately foresee the coming darkness. He asks for help in acquiring better materials.	Seer Manakia asks you to obtain 100 skulls of cave howler and 100 horns of karik.
376	Exploration of the Giants' Cave, Part I	51	63	0	31147	Sobling	174473	52854	-4360	No Requirements		0	Dwarf Sobling solved the puzzle of the past and revealed the truth. There's still something else he needs to do at Giants Cave.	Head Researcher Sobling asks you to find the relics of ancient Titans that are guarded by monsters in the cave. Hunt yintzus, paliotes, hamruts and kranrots.
377	Exploration of Giants Cave, Part 2	57	69	0	31147	Sobling	174473	52854	-4360	Dictionary of Ancient Languages: Intermediate Level		0	Sobling's efforts are finally starting to pay off. However, he says that there is still room for improvement.	Head Researcher Sobling asks you to find the relics of the Titans from the deepest recesses of Giants Cave using the newly acquired "Ancient Language Dictionary: Intermediate Level". Hunt lesser giant soldiers, lesser giant scouts, lesser giant mages and lesser giant elders.
378	Magnificent Feast	20	30	2	30594	Ranspo	21017	144481	-3065	Fantasy Wine, adept of Taste, Bring out the Flavor of Ingredients Quest has been fulfilled		0	Chief Warehouse Keeper Lansfo has taken care of the warehouse at Dion for 40 years. Now he's been offered the promotion of a lifetime!	Help Guard Harlan of the Town of Dion by obtaining and bringing back some top quality wine!
379	Fantasy Wine	20	25	2	30074	Harlan	16937	144041	-3014	No Requirements		0	Fathers would brave the fires of hell for their daughters! Guard Harlan of Dion is no exception.	It is the tradition of Guard Harlan's family in Dion Village to make wine whenever a new child is born. To celebrate the birth of a daughter, they plan to make fantasy wine. They need 80 leaves of eucalyptus and 100 stones of chill. Hunt Enku orc champions and Enku orc shamans.
380	Bring Out the Flavor of Ingredients!	24	29	2	30069	Rollant	16236	142153	-2688	No Requirements		0	Dion is always packed for its monthly cooking contest. One magister who likes to cook plans to embarrass the other cooks with his expert technique!	Magister Rollant of Dion Castle is an aspiring chef. He has become disillusioned by the shoddy practices of other chefs. Bring him four ritron fruits, 20 moon face flowers, 10 drops of leech fluids and two antidotes and he will make a top quality dish that is far superior to anything else. Hunt dire wolves, Kadif werewolves and giant mist leeches.
381	Let's Become a Royal Member!	55	65	2	30232	Sorint	115271	76705	-2650	Coin Collector Membership - 1, Completion of the Coins of Magic Quest		0	The Coin Collectors Club has members from every land! Would you care to take the test to join?	Warehouse Keeper Sorint explains that a royal membership program has recently been introduced for level 1 members. To become royalty you must obtain Kail's coin from the monsters of the Forsaken Plains. You must also obtain the coin collecting album sold by Trader Sandra in Giran. Hunt ancient gargoyles.
382	Kail's Magic Coin	55	60	2	30687	Vergara	117649	75415	-2646	Royal Membership		0	Kail, known as th right hand of the devil Beleth, had a habit of making weird coins. There is a certain collector who collects no others...	Head Blacksmith Vergara has just joined the coin collecting club. He wants to trade his coins for rarer coins. Bring the coins Vergara wants so that he will give you the coins you want. Hunt fallen orcs, fallen orc archers, fallen orc shamans and fallen orc captains.
383	Searching for Treasure	42	50	2	30890	Espen	115799	217684	-3580	Pirate's Treasure Map		0	The legendary Pirate Captain Zaken left many legends and even more bodies in his wake! One story tells of his treasure, and it seems to be the one most people want to hear... Trader Espen can tell you more!	Ask Trader Espen of Heine to decipher the pirate's treasure map for you.
384	Warehouse Keeper's Pastime	40	52	0	30182	Cliff	81318	54995	-1508	No Requirements		0	Trading is mind-numbing work! Freightmen must make up their own ways to kill time.	Some Warehouse Keeper's medals that were being delivered to the Town of Oren were stolen by monsters. Recover them and take them to Warehouse Freightman Cliff of the Town of Oren or Warehouse Chief Baxt of Hunters Village and you'll be allowed to play bingo. Monsters to Hunt - Tanor Canyon: nightmare lords, nightmare keepers and nightmare guides. Dragon...
385	Yoke of the Past	20	75	0	0		0	0	0	No Requirements		0	The Gate Keeper Ziggurat, who longs to become Human again, asks you to slay the guardians and collect the scrolls of ancient magic.	The Gatekeeper Ziggurat wants to become a human again and asks you to slay the guardians of ancient magic and collect the scrolls of ancient magic. You'll receive a blank scroll as a reward. The blank scroll will be helpful when dealing with the Trader of Mammon. Journey into the necropolises and catacombs and find monsters whose name contain lookout...
386	Stolen Dignity	58	75	0	30843	Romp	148859	27258	-2216	No Requirements		0	The Iron Gate Guild is furious that the infernium ore that it needs to construct a warehouse has been stolen by monsters! They have asked for assistance in recovering the ore.	The infernium ore that the Iron Gate Guild needs to construct a warehouse has been stolen by monsters. Recover the infernium ore and take it to Warehouse Freightman Romp. For every 100 units of infernium ore you take to him, you can play one round of bingo. If you win, you'll receive a prize from the Iron Gate Guild. Monsters to Hunt - Ancient Battleground:...
401	Path to a Warrior	19	0	3	30010	Auron	-81861	149197	-3125	Human Fighter	0	0	All warriors must be courageous and tenacious. Do you possess these qualities?	Quest that must be fulfilled in order to change occupations to a Warrior. Tell Master Aymus that you wish to become a Warrior, and he will tell you to first visit Trader Simplon in the Town of Gludio and find the 'Sword of Trial.'
402	Path to a Human Knight	19	0	3	30417	Sir Klaus Vasper	-82437	150282	-3129	Human Fighter	0	0	To become a Knight you must endure the legendary quest known as Path to a Human Knight.	The quest to change one's occupation to Knight. Squires must travel to Gludin Village, the Town of Gludio, and Talking Island Village and run errands for captains and high priests. Gather three or more Coins of Lords.
403	Path to a Rogue	19	0	3	30379	Bezique	-85019	152887	-3178	Human Fighter	0	0	Speak first with Guard Bezique if you wish to follow the Path to a Rogue.	Quest to change occupation to Rogue. Find Captain Bezique and tell him you wish to become a Rogue. He says that in order to earn his respect, you must catch one of the thieves. He suggests you meet with Neti.
404	Path to a Human Wizard	19	0	3	30391	Parina	-80430	150694	-3040	Human Mystic	10	0	Wizards must have a deep understanding of the power and meanings of each of the four elements. A token of fire is essential if you are to follow the Path to a Wizard!	The quest to change occupation to Wizard. Parina asks that you find tokens which symbolize earth, fire, water, and wind. Go to the Ruins of Despair and meet the fire spirit salamander.
405	Path to a Cleric	19	0	3	30022	Zigaunt	-79256	150676	-3043	Human Mystic	10	0	Potential Clerics should confiscate subversive books and take them to Priest Zigaunt... He'll be very impressed!	Quest that must be fulfilled to change occupation to Cleric. Tell Priest Zigaunt that you wish to become a Cleric, and he ask you to prove your pure faith. To do this, you must remove all inappropriate books that criticize the current order. The first rumors about those books appeared in the Town of Gludio. Go there and ask Trader Simplon about the book...
406	Path to an Elven Knight	19	0	3	30327	Sorius	-13440	122643	-3103	Elven Fighter	18	0	For millenia Elven warriors have traveled either the path of the sword or the path of the arrow. Both paths inevitably lead through Eva and Einhasad...	Quest that must be fulfilled in order to change occupation to Elven Knight. Tell Master Sorius that you wish to become an Elven Knight. He will order you to go to the Ruins of Agony and defeat the undead to collect pieces of topaz. The undead will include tracker skeletons, tracker skeleton leaders, skeleton scouts, skeleton bowmen, and raging spartoi.
407	Path to an Elven Scout	19	0	3	30328	Reisa	-13693	122583	-3103	Elven Fighter	18	0	Elven Scouts are the most dextrous and elegant of all Elves! To become Scouts they must first prove their worth in battle...	The quest that must be fulfilled to change one's occupation to that of an Elven Scout. In order to become an Elven Scout, Master Reisa tells you to prove your skills by finding Guard Moretti's lost friend.
408	Path to an Elven Wizard	19	0	3	30414	Rosella	43673	49683	-3046	Elven Mystic	25	0	Elven Wizards have a way with spirits... But first, they must perform a ritual for Eva...	Quest that must be fulfilled to change occupation to Elven Wizard. Rosella tells you that to become an Elven Wizard, you must collect the jewels that represent each of the four elements: water, fire, wind and earth. She hands you the fertility period, which symbolizes earth, and asks you to find the rest.
409	Path to an Elven Oracle	19	0	3	30293	Manuel	-13487	121541	-2966	Elven Mystic	25	0	The revelation of flame has been passed down among Elven priests for centuries. Rumors persist that a girl of revelation has appeared recently...	This quest must be fulfilled to change occupation to Oracle. Tell Priest Manuel that you wish to become an Oracle. He tells you about the Revelation of the TOrch, and asks you to investigate the truth about the recent appearance of a miraculous girl near the lighthouse in Gludin Harbor.
410	Path to a Palus Knight	19	0	3	30329	Virgil	-12791	123259	-3102	Dark Fighter	31	0	Dark Elven Knights must pass two trials to become an elite Palus Knight. Are you worthy to join them?	Quest that must be fulfilled to change occupation to Palus Knight. Master Virgil asks that you capture the 'gaze of abyss' through a trial in order to become a Palus Knight. He says you must then go to the Neutral Zone and bring back 13 Lycanthrope Skulls needed for the 13 Skull Ceremony. This will fulfill the first stage of the trial.
411	Path to an Assassin	19	0	3	30416	Triskel	-12506	123405	-3111	Dark Fighter	31	0	A Warrior of Darkness is a ruthless, silent assassin. Find Arkenia at the altar of coming-of-age ceremony and prove yourself to her.	Quest that must be fulfilled to change occupation to Assassin. To become an Assassin, Triskell asks you to prove your skills by helping Witch Arkenia who can be found at the Altar of Rites.
412	Path to a Dark Wizard	19	0	3	30421	Varika	-44225	79721	-3652	Dark Mystic	38	0	Shilen is the mother of the dark arts. To become a Dark Wizard, one must prove capable of controlling the spirits with her power.	Quest that must be fulfilled to change occupation to Dark Wizard. Witch Varika speaks of the four seeds representing anger, despair, horror, and lunacy. One who obtains them all may become a Dark Wizard. She gives you a Seed of Despair and asks you to find the rest.
413	Path to a Shillien Oracle	19	0	3	30330	Sidra	-12503	123054	-3102	Dark Mystic	38	0	Shillien Oracles seek truth and enlightenment in the darkness that surrounds us. Not all are worthy of such a noble profession.	Quest that must be fulfilled to change occupation to Shillien Oracle. Magister Sidra explains that to become a Shilien Oracle you must acquire two books written in ancient rune: the 'Garmiel book' and the 'Andariel book'. First you must visit Magister Talbot in the Village of Gludin, and learn how to obtain the Garmiel book.
414	Path to an Orc Raider	19	0	3	30570	Karukia	-45952	-114496	-199	Orc Fighter	44	0	Orc Raiders inspire fear in their enemies with their death-defying courage and royal bearing.	Quest that must be fulfilled to change occupation to Orc Raider. Prefect Karukia says that Orc Raiders must prove that their courage and loyalty are without fault. To prove your courage you must destroy the Goblins and their Kuruka Ratmen helpers that are ruining this land. Kill Goblin Tomb Raider Leaders and Kuruka Ratman Leaders.
415	Path to a Monk	19	0	3	30587	Gantaki Zu Urutu	-44624	-111873	-238	Orc Fighter	44	0	Orc Monks are masters of the traditional Orc martial art, kabart. The path of Monk requires that they receive scrolls from two masters.	You must undertake this quest in order to change your occupation to Monk. Gantaki Zu Urutu will instruct you in traditional Orc martial arts. He informs you that you must receive a scroll from two Masters. Go first to Khavatari Rosheek, who is training somewhere on the Immortal Plateau.
416	Path to an Orc Shaman	19	0	3	30585	Tataru Zu Hestui	-45328	-114736	-237	Orc Mystic	49	0	Orc Shamans must master the language of fire in order to communicate with souls on the battlefield.	Quest that must be fulfilled to change occupation to Orc Shaman. Tataru Zu Hestui explains that in order to become an Orc Shaman, you must learn to lead spirits. In order to accomplish this, you must master the 'Language of Fire' which will enable you to communicate with spirits. There are three items needed to prepare for learning the language of fire. You...
417	Path to become a Scavenger	19	0	3	30524	Pippi	115618	-183265	-1483	Dwarven Fighter	53	0	Master Toma, teacher of the way of scavenger, is missing! You must find him!	This quest must be fulfilled before transferring to Scavenger class. Collector Pippi of the Dwarven Village encourages all aspiring Dwarves to become Scavengers. To become a Scavenger, you must receive the permission of Master Toma, whose whereabouts are currently unknown. It is said that his younger sister, Trader Mion of Dwarven Village, may know his...
418	Path to an Artisan	19	0	3	30527	Silvera	115271	-182692	-1445	Dwarven Fighter	53	0	Dwarven Artisans are consummate craftsmen. They must pass tests from three blacksmiths.	Quest that must be fulfilled to change occupation to Artisan. The Dwarf Village Blacksmith Silvery tells you that to become an Artisan you must receive recognition from three Blacksmiths that have been Artisans for a long time. He asks you to go to the Abandoned Coal Mines and obtain 10 boogle ratman teeth and two boogle ratman leader's big teeth.
419	Get a Pet	15	0	2	30731	Martin	-84624	150832	-3129	No Requirements		0	A pet will be your friend in the most difficult of times. It's not easy to acquire one, however.	To receive a pet, you must earn the approval of Pet Manager Martin in Gludin Village. He says that you must have love for and knowledge of animals to prove that you deserve a pet. He asks you to return to your hometown, eliminate all animal killers and return to him.
420	Little Wing	35	0	2	30829	Cooper	81100	145840	-3531	No Requirements		0	Hatchlings are, quite honestly, ugly little creatures! But how else are you to get a strider and wyvern?	Quest that must be completed in order to obtain a pet hatchling. Visit Pet Manager Cooper and tell him that you wish to raise a hatchling. He will tell you to seek help from Elder Cronos of Hunters Village.
421	Little Wing's Big Adventure	45	0	2	30610	Cronos	117866	76483	-2692	At least Hatchling Level 55, One Dragonflute		0	Raising a fat, lazy hatchling isn't an easy task! You shall now reap the harvest of your hard work!	Elder Cronos suggests you consult Fairy Mimyu concerning the raising of Hatchling to Strider.
422	Repent Your Sins	0	0	2	30981	Black Judge	0	0	0	Must have 1+ PK count		0	The Black Judge gives sinners a chance for redemption. Will you follow the path of penitence, sinner? Be warned, it is sure to be filled with trials and tribulations!	The Black Judge tells the sinner that he has a chance for redemption. Will you follow the path of penitence, sure to be filled with trials and tribulations?
426	Quest for Fishing Shot	1	80	0	0		0	0	0	No Requirements		0	Members of the Fishermen's Guild in each village are known for making fishing shots from a sweet fluid that the water spirits like.	In order to create a fishing shot, you must collect sweet fluid that the water spirits are fond of. Any member of the Fishermen's Guild can tell you where to find it.
431	Wedding March	38	43	0	31042	Kantabilon	106955	216987	-3600	No Requirements		0	Melody Maestro Kantabilon has found the musical score for a wedding march and asks you to get a special echo crystal to contain the song.	Melody Maestro Kantabilon asks that you bring him some Silver Crystals for him to store his new song in. Hunt Lienriks in the Field of Silence and collect 50 Silver Crystals. Monsters to Hunt -Lienriks, Lienrik Lads
432	Birthday Party Song	31	36	0	31043	Octavia	19034	146249	-3072	No Requirements		0	The beautiful weather has inspired Melody Maestro Octavia to finish a musical birthday piece. Will you help her to store it?	Melody Maestro Octavia asks you to bring her some Red Crystals to hold a new song. Hunt Roughly-Hewn Rock Golems in the Floran Agricultural Area and bring back 50 Red Crystals. Monster to Hunt - Roughly-Hewn Rock Golems
501	Proof of Clan Alliance	0	0	0	30756	Sir Kristof Rodemai	84521	146372	-3404	Clan Leader, Clan Level 3		0	The winds of destiny have brought you to this place! The chaotic chronicle must cease! When we accomplish this, our clan will be stronger than ever! Arise!	Quest that must be completed in order to raise a clan level to level 4. Sir Kristof Rodemai of the Town of Giran is seeking a clan leader to restore order in the kingdom. Find Sir Rodemai and speak to him. He will say that he cannot join forces with someone whose skills are yet unproven, and recommends you to first attempt and pass the trial of Witch Kalis...
503	Pursuit of Clan Ambition!	0	0	0	30760	Sir Gustav Athebaldt	80036	56568	-1557	Clan Leader, Clan Level 4		0	Sir Gustav Athebaldt has grave concerns about the future of the kingdom. He wants nothing more than to help the young and courageous leaders to bring peace to the land! If you join forces with him in the Town of Oren, he'll give you a proof of expectation, increasing the power of the clan!	Quest that must be fulfilled in order to raise a clan to level 5. Upon meeting Sir Gustav Athebaldt in the Town of Oren, he expresses his desire to aid the young and courageous leaders of the kingdom. He promises to give you the 'Seal of Aspiration,' which is needed when expanding the clan's powers and influences should you agree to join forces with him...
504	Competition for the Bandit Stronghold	0	0	2	35437	Messenger	86228	-19620	-1904	Clan Leader, Over Clan Level 4, 1hour before the Clan Hall War		0	A holy war has broken out over the position of ol mahum chief of the Bandit Stronghold! The competition has become so fierce that it's been opened up to outsiders!	This quest must be accomplished in order to participate in a clan hall war. You must be the first of five to kill Tarlk bugbears and Tarlk basilisks and bring back 30 proofs. Successful completion of this quest permits participation in a clan hall war. In the Forest of Evil, hunt Tarlk Bugbears, Tarlk Bugbear Warriors and Tarlk Bugbear High Warriors. In the...
505	Blood Offering	0	0	0	0		0	0	0	Level appropriate group. Only available during SSQ Competition Period.		0	Kill as many evil creatures as possible within 18 minutes!	Slay as many of evil creatures as you can within 18 minutes and collect the blood offering! If you wish to quit without completing the festival, or if you wish to make the festival more challenging, speak with a Festival Witch.
508	A Clan's Reputation	0	0	0	30868	Sir Eric Rodemai	147456	27488	-2204	Clan Leader, Clan Level 5 and above		0	Sir Eric Rodemai in Aden Castle Town is looking for a brave adventurer to raise the clan's reputation.	Sir Eric Rodemai of Aden Castle Town needs a brave adventurer to help boost the clan's reputation by defeating the Raid Bosses currently terrorizing the townspeople. Get more details from Sir Eric.
509	The Clan's Prestige	0	0	0	31331	Valdis	36256	-49536	-1104	Clan Leader, Clan Level 6 and above		0	Grand Magister Baldis in the Rune Township is looking for a powerful clan that can enhance the clan's prestige.	Grand Magister Valdis of the Rune Township is looking for a brave mage to help enhance the clan's prestige by defeating the Raid Bosses currently terrorizing the townspeople. Get more details from Grand Magister Valdis.
510	A Clan's Reputation	0	0	0	31331	Valdis	36256	-49536	-1104	Clan Leader, Clan Level 5 and above		0	Grand Magister Valdis of Rune Township needs a special ingredient in order to craft weapons and armor for his guards.	Grand Magister Valdis in Rune Township is looking for a clan anxious to enhance its reputation. If you retrieve the Tyrannosaurus claw that he needs from the Primeval Isle, he promises to help you increase your clan's reputation. Go find the Tyrannosaurus claw.
601	Watching Eyes	71	78	0	31683	Eye of Argos	183584	-53552	-1903	No Requirements		0	The Eye of Argos asks you to kill the disciples that are making its life miserable.	The Eye of Argos orders you to punish the disciples who tormented him and bring back 100 marks of disciple. Monsters to Hunt - Disciples of Protection, Disciples of Punishment, Disciples of Authority
602	Shadow of Light	68	75	0	31683	Eye of Argos	183584	-53552	-1903	No Requirements		0	When Daimon the White-Eyed tries to control the monsters here, the Eye of Argos sought soldiers to defeat him.	The Eye of Argos orders you to catch monsters controlled by the family of Daimon the White-Eyed and collect 100 eyes of darkness in order to prevent Daimon from expanding his power. Monsters to Hunt - Buffalo Slaves, Grendel Slaves
603	Daimon the White-Eyed - Part 1	73	78	0	31683	Eye of Argos	183584	-53552	-1903	No Requirements		0	The Eye of Argos asks you to destroy the gigantic eye born of his dark side.	The Eye of Argos orders you to find the ancient tablet that describes how the ancient heroes defeated Daimon the White-Eyed.
604	Daimon the White-Eyed - Part 2	73	78	0	31683	Eye of Argos	183584	-53552	-1903	Completion of "Daimon the White-Eyed - Part 1" quest. Unfinished Bead of Summoning		0	The Eye of Argos gives you a bead of summoning and asks you to destroy Daimon the White-Eyed.	The Eye of Argos gives you a bead of summoning to call Daimon the White-Eyed and tells you to go to the Altar of Daimon, summon Daimon and kill him.
605	Alliance with Ketra Orcs	74	80	0	31371	Wahkan	146980	-67483	-3656	No Requirements		0	Messenger Wahkan asks you to be an ally of Ketra Orcs and join them in fighting Varka Silenos, the sworn enemy of Ketra Orcs...	To obtain a "Mark of Ketra's Alliance - Level 1" as proof of your acceptance by the Ketra Orcs, you must bring back 100 "Varka's Badges - Soldier". Monsters to Hunt - Varka Silenos Recruits, Varka Silenos Footmen, Varka Silenos Scouts, Varka Silenos Hunters and Varka Silenos Shamans.
606	War with Varka Silenos	74	80	0	31370	Kadun Zu Ketra	149980	-82204	-5579	Mark of Ketra's Alliance - Level 1 or higher.		0	Kadun Zu Ketra, the chief of Ketra Orcs is looking for a brave fighter who will defeat Varka Silenos, their sworn enemy...	Hierarch Kadun Zu Ketra has issued the order to attack! Go to their stronghold and slay the Varka Silenos! As proof, collect and bring back 100 manes of Varka Silenos. If you harm a Ketra Orc while carrying out this mission, your mark of ally will be downgraded one level and the alliance will be broken. Monsters to Hunt - Varka Silenos Recruits, Varka...
607	Prove your courage!	75	80	0	31370	Kadun Zu Ketra	149980	-82204	-5579	Mark of Ketra's Alliance - Level 3		0	You heard the news that Kadun Zu Hestui, the elder of Ketra Orcs is looking for a warrior who can defeat Shadith, the hero of the Varka Silenos tribe.	Kadun Zu Ketra, the elder of Ketra Orcs has assigned to you the Test of Courage. Go to Varka Silenos Stronghold, slay Varka's Hero Shadith and bring back his head. While carrying out the mission, if you attack a Ketra Orc, the mission will be canceled automatically. Monster to hunt - Varka's Hero Shadith
608	Slay the enemy commander!	75	80	0	31370	Kadun Zu Ketra	149980	-82204	-5579	Mark of Ketra's Alliance - Level 4		0	You heard the news that Kadun Zu Hestui, the elder of Ketra Orcs is looking for a warrior who can defeat Shadith, the hero of the Varka Silenos tribe.	Kadun Zu Ketra, the elder of Ketra Orcs has issued a special strategic order. Go to the Varka Silenos Stronghold, slay Varka's commander Mos and bring back his head. While carrying out the mission, if you attack a Ketra Orc, this mission will be canceled automatically. Monster to hunt - Varka's commander Mos
609	Magical Power of Water - Part 1	74	80	2	31371	Wahkan	146980	-67483	-3656	Ketra Orc's Alliance - Level 2 or Higher		0	Ketra's Messenger Wahkan has given you the assignment to steal the source of the magical power from the shaman of Varka Silenos, their enemy...	Meet Asefa in the Ketra Orc Village. However, if you ever harm a Ketra Orc while carrying out this mission, your mark of ally will be downgraded one level and the alliance will be broken.
610	Magical Power of Water - Part 2	75	80	0	31372	Asefa	149056	-81008	-5648	Mark of Ketra's Alliance - Level 2 or Higher. In addition, only a character who has fulfilled the "Magical Power of Water - Part 1" quest can pursue this quest.		0	You must use the totem you stole from the shaman of Varka Silenos to summon the Spirit of Water and slay it...	Go to the sacred altar of Varka Silenos and use the green totem. A spirit of water will appear. Kill it and obtain the essence of its power! However, if you ever harm a Ketra Orc while carrying out this mission your mark of ally will be downgraded one level and the alliance will be broken. Monster to Hunt - Ashutar, the Spirit of Water
611	Alliance with Varka Silenos	74	80	0	31378	Naran Ashanuk	125440	-40944	-3701	No Requirements		0	Naran Ashanuk, Varka's Messenger asks you to become a friend of Varka Silenos and join them in fighting against Ketra Orcs their sworn enemy...	In order to obtain the Mark of Varka's Alliance - Level 1, you must first bring back 100 Ketra's Badges - Soldier. Monsters to Hunt - Ketra Orc Footmen, Ketra Orc Raiders, Ketra Orc Scouts, Ketra Orc Shamans and Ketra's War Hounds.
612	War with Ketra Orcs	74	80	0	31377	Ashas Varka Durai	106880	-53792	-2278	Mark of Varka's Alliance - Level 1 or higher.		0	Ashas Varka Durai, Varka Silenos' Chief is looking for a fighter who will defeat Ketra Orcs, the sworn enemy of Varka Silenos...	Elder Ashas Varka Durai issued the order to attack! Go to the Ketra Orc Outpost and slay the enemy, Ketra Orcs. And as proof, collect and bring back 100 molars of Ketra Orcs. However, if you ever harm a Varka Silenos while carrying out this mission, the mission will be cancelled automatically. Monsters to hunt - Ketra Orc Footman, Ketra Orc Raider, Ketra...
613	Prove your courage!	75	80	0	31377	Ashas Varka Durai	106880	-53792	-2278	Mark of Varka's Alliance - Level 3		0	Ashas Varka Durai, Varka Silenos' Chief is looking for a fighter who will defeat Ketra Orcs, the sworn enemy of Varka Silenos...	Ashas Varka Durai, the elder of Varka Silenos has assigned to you the Test of Courage. Go to the Ketra Orc Outpost, slay Ketra's Hero Hekaton and bring back his head. Monster to hunt - Ketra's Hero Hekaton. While carrying out the mission, if you attack a Varka Silenos, this mission will be cancelled automatically.
614	Slay the enemy commander!	75	80	0	31377	Ashas Varka Durai	106880	-53792	-2278	Mark of Varka's Alliance - Level 4		0	Ashas Varka Durai, Varka Silenos' Chief is looking for a fighter who will defeat Ketra Orcs, the sworn enemy of Varka Silenos...	Ashas Varka Durai, the elder of Varka Silenos has issued a special strategic order. Go to Ketra Orc Outpost, slay Ketra's commander Tayr and bring back his head. Monster to hunt - Ketra Commander Tayr While carrying out the mission, if you attack a Varka Silenos, this mission will be cancelled automatically.
615	Magical Power of Fire - Part 1	74	80	2	31378	Naran Ashanuk	125440	-40944	-3701	Varka Silenos' Alliance - Level 2 or Higher		0	Varka's Messenger Naran Ashanuk has given you the assignment to steal the source of the magical power from the shaman of Ketra Orcs, their enemy...	Meet Udan Mardui, Guide of Dead Souls, who is located in the Varka Silenos Village. However, if you ever harm a Varka Silenos while carrying out this mission, the mission will be cancelled automatically.
616	Magical Power of Fire - Part 2	75	80	0	31379	Udan Mardui	109156	-53392	-2672	Mark of Varka's Alliance - Level 2 or Higher. In addition, only a character who has fulfilled the "Magical Power of Fire - Part 1" quest can pursue this quest.		0	You must use the totem you stole from the shaman of Ketra Orcs to summon the Spirit of Water and slay it...	Go to the sacred altar of Ketra Orcs and use the red totem. Then, a spirit of fire will appear. Kill the spirit of fire and obtain the essence of its power! However, if you ever harm a Varka Silenos while carrying out this mission, the mission will be cancelled automatically. Monster to hunt - Nastron, the Spirit of Fire.
617	Gather the Flames	74	80	0	31539	Vulcan	180352	-111888	-5826	No Requirements		0	Vulcan is collecting flames in the lower level of the Forge of the Gods. He'll give you a special reward if you defeat all the monsters there and bring him the flames that you collect.	Blacksmith Vulcan is collecting the Torches located in the lower level of the Forge of the Gods. You can obtain them by slaying the monsters within the Forge of the Gods. Take 1,000 Torches to Vulcan and he will give you a random S-grade weapon recipe. Blacksmith Rooney, who is wandering in the Forge of the Gods, is also collecting the Torches. Take 1,200...
618	Into the Flame	60	80	0	31540	Klein	183664	-114944	-3335	No Requirements		0	You'll need a set of floating stones to enter the Flame Pass within the Forge of the Gods.	Klein says you must have a set of floating stones to enter the Flame Pass. You can create the set of floating stones with vacualite. Speak with Blacksmith Hilda in the Town of Goddard to obtain vacualite.
619	Relics of the Old Empire	74	80	0	31538	Ghost of Adventurer	181611	-75293	-2728	No Requirements		0	The Ghost of Adventurer collects relics of the nobles who were killed when they came to the cemetery to pay their respects. Take him 1000 relics and he'll give you a reward.	The Ghost of Adventurer collects relics of the nobles who were killed when they came to the cemetery to pay their respects. Take him 1000 relics and he'll give you a reward. Monsters to Hunt - All the Monsters inside of the Imperial Tomb
620	Four Goblets	74	80	0	31453	Nameless Spirit	178292	-85577	-7200	No Requirements		0	The Nameless Spirit at the entrance of the Four Sepulchers is collecting 4 goblets which you can get from the Shadows of Halisha inside the Four Sepulchers.	The Nameless Spirit at the entrance to the four Sepulchers is collecting four goblets that can be recovered by killing the Shadows of Halisha. Kill the Shadows of Halisha deep inside of the four Sepulchers and collect the four goblets. Monsters to Hunt - Shadows of Halisha
621	Egg Delivery	68	73	2	31521	Jeremy	149520	-112704	-2065	No Requirements		0	Chef Jeremy is looking for someone to deliver boiled eggs to his customers.	You've decided to become Jeremy's eggman. Deliver the boiled eggs to Pulin in the northeast part of the Hot Springs area.
622	Specialty Liquor Delivery	68	73	2	31521	Jeremy	149520	-112704	-2065	No Requirements		0	Chef Jeremy is looking for someone to deliver special liquor to his customers.	You've decided to become Jeremy's liquor delivery person. Deliver the special liquor to Beolin in the north of the Hot Springs area.
623	The Finest Food	71	78	0	31521	Jeremy	149520	-112704	-2065	No Requirements		0	Chef Jeremy asks you to gather the ingredients so he can develop a special regional dish.	Chef Jeremy asks you to obtain 100 Flava Leaves, 100 Pieces of Buffalo Meat and 100 Antelope Horns in order to make a dish that will definitely impress the nobles who insulted him. Monsters to Hunt - Hot Springs Flava, Hot Springs Buffalo, Hot Springs Antelope
624	The Finest Ingredients - Part 1	73	80	0	31521	Jeremy	149520	-112704	-2065	No Requirements		0	Chef Jeremy asks you to gather ingredients to attract Icicle Emperor Bumbalump, the king of yetis, so you can get some excellent yeti meat.	Chef Jeremy needs some yeti meat to win the cooking contest. He asks you to bring him some. Monsters to Hunt - Hot Springs Atrox, Hot Springs Atroxspawn, Hot Springs Bandersnatchlings, Hot Springs Nepenthes
625	The Finest Ingredients - Part 2	73	80	0	31521	Jeremy	149520	-112704	-2065	Completion of the "The Finest Ingredients - Part 1" quest.		0	Chef Jeremy asks you to gather ingredients to attract Icicle Emperor Bumbalump, the king of yetis, so you can get some excellent yeti meat.	Chef Jeremy cooked a very special dish for the Icicle Emperor Bumbalump. Go to the yeti's table, put the dish down and wait for him.
626	A Dark Twilight	60	71	0	31517	Hierarch	0	0	0	No Requirements		0	The Hierarch in charge of the Evil Altar asks you to eliminate those who interfere with the activities of his followers.	The Hierarch asks you to eliminate the splendors and collect Blood of Saint as proof. Get rid of them and obtain 300 units of Blood of Saint. Monsters to Hunt - Eye of Splendor, Flash of Splendor, Blade of Splendor, Wisdom of Splendor, Soul of Splendor, Victory of Splendor, Punishment of Splendor, Shout of Splendor, Signet of Splendor, Crown of Splendor and...
627	Heart in Search of Power	60	71	0	31518	Mysterious Necromancer	68064	-71712	-3712	No Requirements		0	The Mysterious Necromancer stands morosely near the entrance of the Valley of Saints. He says that he's gathering materials for his research into increased power.	The Mysterious Necromancer asks you to collect 300 Beads of Obedience. Monsters to Hunt - Eye of Splendor, Flash of Splendor, Blade of Splendor, Wisdom of Splendor, Soul of Splendor, Victory of Splendor, Punishment of Splendor, Shout of Splendor, Signet of Splendor, Crown of Splendor and Wailing of Splendor
628	Hunt of the Golden Ram Mercenary Force	66	78	0	31554	Kahman	70000	-50064	-3264	No Requirements		0	The Golden Ram Mercenary Force is currently recruiting! This prestigious mercenary force is currently carrying out the mission of subjugating/driving out stakatos from the Swamp of Screams...	In order to join the Golden Ram Mercenary Force, you must first prove your ability. Go to the Swamp of Screams, slay stakatos and collect the proofs. After completing the mission, return to Mercenary Kahman. Monsters to Hunt - Splinter Stakatos, Splinter Stakato Workers, Splinter Stakato Soldiers and Splinter Stakato Drones
629	Clean up the Swamp of Screams	66	80	0	31553	Pierce	69248	-50160	-3288	Golden Ram Badge - Recruit or Golden Ram Badge - Soldier		0	Pierce, captain of the Golden Ram Mercenary Force has assigned the task of driving out stakatos to you. You must go to the Swamp of Screams to carry out this mission...	Pierce, captain of the Golden Ram Mercenary Force has assigned you the task of driving out the stakatos. Go to the Swamp of Screams and slay splinter stakatos and needle stakatos. As proof of your success, collect 100 claws of stakatos. When you bring them back to the barracks of the mercenary force, you'll receive a reward. Monsters to Hunt - Splinter...
631	Delicious Top Choice Meat	65	73	0	31537	Tunatun	53712	-83936	-2728	No Requirements		0	The best meat comes from a mature animal, but with no one left to raise them, those animals have become too fierce to approach!	Tunatun needs good quality meat. You get the best if you butcher a beast in the Pasturelands when it's grown large enough. Hunt beasts for food and fame! Monsters to Hunt - Alpen Kookaburras, Alpen Buffalos and third-stage Alpen Cougars
632	Necromancer's Request	63	77	0	31522	Mysterious Wizard	51878	-54796	-3167	No Requirements		0	The Necromancer in the Forest of the Dead asks you to destroy the vampires that are interfering with his collection of magic materials.	The Mysterious Wizard in the Forest of the Dead town asks two things. Kill vampires and hunt the undead that show up at night. Do this for him. Monsters to Hunt - Vampire - Devil Bats, Atrox and all other vampires in the Forest of the Dead. General Undead: Corrupted Knights, Resurrected Knights, Corrupted Royal Guards, Resurrected Royal Guards, Slaughter...
633	In the Forgotten Village	65	73	0	31388	Mina	59617	-41591	-3003	No Requirements		0	The Forgotten Village inside the Forest of the Dead. The people here are constantly harassed by undead and Dark Mages. Help them!	Mina asks you to do two things for her. Kill Dark Mages and hunt the undead. Do her this favor. Monster to Hunt - Magus of Dark Arts: Bone Snatcher, Bone Maker, Bone Collector, Bone Animator, Bone Slayer, Bone Sweeper, Bone Grinder, Bone Caster, Bone Puppeteer, Bone Scavenger, Bone Shaper, Skull Collector, Skull Animator, Undead Monster: Trampled Men...
634	In Search of Fragments of Dimension	20	0	0	0		0	0	0	No Requirements		0	You need a Dimensional Fragment in order to temporarily stay within the Dimensional Rift. Get as many Dimensional Fragments as possible.	You must obtain a Dimensional Fragment if you intend to fight within the Dimensional Rift. Monsters to Hunt - Necropolis, Catacombs: monsters whose name contains Lookout, Watcher, Guard, Monk, Overlord, Shaman, Consul, Inquisitor, Guardian, Elder, Court Guard and Preacher, excluding Nephilim, Lilim, Gigant and Lilith.
635	In the Dimensional Rift	20	0	0	0		0	0	0	No Requirements		0	Destroy all of the monsters within the Dimensional Rift. The number of teleports are limited, so you must work quickly!	Defeat the devils within the Dimensional Rift.
636	Truth Beyond the Gate	73	80	2	31329	Eliyah	36528	-49024	-1104	No Requirements		0	The Priest Eliyah in the Rune Township knows how to get into the Temple of the Pagans.	The Temple of the Pagans is heavily guarded. You may be able to sneak in by disguising yourself as a live sacrifice for the Temple… Go to Flauron and pretend to be lured into his trap.
637	Through the Gate Once More	73	80	0	32010	Flauron	36432	-51296	720	Faded Visitor's Mark		0	The Priest Flauron seems like he has something to ask the person who bears the Faded Visitor's Mark.	The Priest Flauron tells you to bring back 10 Necromancer Hearts from the Forest of the Dead. Monsters to Hunt: Bone Animators, Bone Slayers, Skull Animators
638	Seekers of the Holy Grail	73	80	0	31328	Innocentin	36476	-49032	-1104	No Requirements		0	High Priest Innocentin of the Rune Township is trying to prevent the pagans from capturing the Grail of Splendor.	High Priest Innocentin is trying to prevent the pagans from capturing the Grail of Splendor. Innocentin will reward you if you defeat the monsters in the Temple of the Pagans and collect more than 2000 pagan totems. Monsters to Hunt: All the monsters in the Temple of the Pagans
639	Guardians of the Holy Grail	73	80	0	31350	Dominic	35416	-48076	899	No Requirements		0	Priest Dominic of the Rune Township is trying to obtain something hidden in the Monastery of Silence.	Priest Dominic is trying to obtain something hidden in the Monastery of Silence. He will reward you if you can bring the Monk Scriptures to him. In addition, he asks you to help Gremory if you meet him in the Monestary. Monsters to Hunt: All the monsters in the Monestary of Silence
640	The Zero Hour	66	0	0	31554	Kahman	70000	-50064	-3264	Completion of the In Search of the Nest Quest		109	The Mercenary Captain Pierce located the Stakato Nest and commited all his troops there in order to finish the arduous battle.	The Mercenary Kahman asks you to kill Stakatos in the nest and bring back their fangs as proof. Monsters to Hunt: Spiked Stakatos, Spiked Stakato Workers, Spiked Stakato Guards, Male Spiked Stakatos, Female Spiked Stakatos, Spiked Stakato Sorcerers, Canibalistic Stakato Leader, Spiked Stakato Soldiers, Spiked Stakato Drones, Spiked Stakato Captain, Spiked...
641	Attack Sailren!	77	0	0	32109	Shilen's Stone Statue	23664	-8464	-1345	Completion of "The Name of Evil - 2" Quest		126	At the Elroki chief's camp on Primeval Isle, Asamah asks you to help save the Elroki tribe from an impending danger. To do so, you must defeat Sailren, a fearsome dinosaur of incredible power.	Shilen's Stone Statue tells you that you can obtain Gazkh Fragments by hunting the predatory Velociraptor and Pterosaur dinosaurs. You must obtain 30 Gazkh Fragments and bring them back to Shilen's Stone Statue. Monsters to Hunt: Velociraptor, Pterosaur.
642	A Powerful Primeval Creature	75	0	0	32105	Dinn	11952	-24016	-3644	No requirements		0	The discovery of powerful primitive creatures on the Primeval Isle has sparked interest from the magicians, who are curious about the creatures' origin, and from the blacksmiths, who are interested in what items can be crafted from the creatures. Both groups are eager to find adventurers willing to brave the dangers of Primeval Isle to bring back the...	The discovery of powerful primitive creatures on the Primeval Isle has sparked the interest of magicians curious about the creatures' origin and blacksmiths eager to learn what items can be crafted from the creatures' hides, bones and claws. Dinn asks that you scavenge the carcasses of Dinosaurs you kill for any useful remains. He also offers a reward to...
643	Rise and Fall of the Elroki Tribe	75	0	0	32106	Singsing	10304	-25024	-3680	No requirements		0	Powerful primitive creatures called dinosaurs abound on Primeval Isle. The magicians want dinosaur bones for their research, while the native Elrokians need dinosaur bones to help restore the tribe to its former glory. Both groups need an adventurer willing to defeat the dinosaurs and return with the needed bones.	The Magician Karakawei, who is researching ancient creatures, needs dinosaur bones as research ingredients. The Primeval Isle's native shaman also needs dinosaur bones for some ritual. Monsters to Hunt: Pachycephalosaurus, Wild Striders
644	Grave Robber Annihilation	20	33	0	32017	Karuda	47641	-115977	-3748	No Requirements		0	Karuda says that the vengeful spirits are increasing because of the grave robbers' activities and asks you to eliminate the grave robbers.	The number of vengeful spirits among the graves of the tribe of the betrayers is growing because of increased grave robber activity. Defeat the grave robbers and take back 120 stolen grave items. Monsters to Hunt: Grave Robber Scouts, Grave Robber Lookouts, Grave Robber Rangers, Grave Robber Guards,Grave Robber Fighters
645	Ghosts of Batur	23	36	0	32017	Karuda	47641	-115977	-3748	No Requirements		0	The vengeful spirits are increasing because of the grave robbers' activities, and Karuda needs help preventing something evil from happening.	Karuda says that the number of vengeful spirits is increasing so quickly that they may soon be able to enter the Immortal Plateau. He asks you to help them depart from this world in peace. Monsters to Hunt: Ghost of a Soldier, Ghost of a Loyal Vassal, Ghost of a General, Ghost of a Batur Chief, Ghost of a Morek Chief, Ghost of a Turka Chief
646	Signs of Revolt	40	51	0	32016	Torrant	70256	-113744	-1740	No Requirements		0	Torrant says that the Ragna Orcs are preparing to revolt and asks you to undermine their fighting power before the troops arrive.	The Beacon Tower Manager Torrant asks you to snatch 180 Cursed Dolls--the medium that controls the evil creatures--to weaken the fighting power of the Ragna Orcs, who are planning a revolt. Monsters to Hunt: Ragna Orcs, Ragna Orc Shaman, Ragna Orc Archer, Ragna Orc Warrior, Ragna Orc Mage, Ragna Orc Healer, Ragna Orc Hero, Ragna Orc Commander, Ragna Orc...
647	Influx of Machines	46	54	0	32069	Gutenhagen	91316	-116927	-3920	No Requirements		0	The Collector Gutenhagen wants to clear the Pavel Ruins of Golems in order to research them.	Collector Gutenhagen has asked you to hunt Golems at the Pavel Ruins. Monsters to Hunt: Probe Golem Prodigy IV, Menacing Jackhammer Golem, Horrifying Cannon Golem I, Horrifying Cannon Golem IV, Cruel Vice Golem, Probe Golem Champion I, Horrifying Excavator Golem III, Bloodthirsty Ginzu Golem VII, Bloodthirsty Ginzu Golem II, Ginzu Golem Prodigy X...
648	An Ice Merchant's Dream	53	63	0	32020	Rafforty	113808	-109344	-846	No Requirements		0	Rafforty is collecting crystals of ice for his guild.	Rafforty asks you to find a Silver Ice Crystal. They are guarded by creatures in the Frozen Labyrinth. Monsters to Hunt: Massive Maze Bandersnatch, Lost Watcher, Elder Lost Watcher, Panthera, Lost Gargoyle, Lost Gargoyle Youngling, Pronghorn, Pronghorn Spirit, Ice Tarantula, Frost Tarantula, Frost Iron Golem, Frost Buffalo, Lost Baffalo, Ursus, Lost Yeti...
649	A Looter and a Railroad Man	30	0	0	32052	Obi	113520	-153744	-1533	No Requirements		0	Railroad Worker Obi in the Plunderous Plains is plagued by incessant bandit attacks. Help him!	Railroad Worker Obi asked you to defeat the Rayito bandits and bring back 200 stolen items. Monsters to Hunt: Bandit Sweeper, Bandit Hound, Bandit Watchman, Bandit Undertaker, Bandit Assassin, Bandit Warrior, Bandit Inspector, Bandit Captain
650	A Broken Dream	39	0	0	32054	Ghost of a Railroad Engineer	122192	-140528	-1542	Completion of the "Ocean of Distant Stars" quest		117	The Dwarves of the Sky Wagon Relic eventually went mad. Can they be saved?	The Dwarves who became ghosts and whose dreams were thwarted now wander the Sky Wagon Relic. Pay them your respects. Monsters to Hunt: Forgotten Crewman, Vagabonds of the Ruins
651	Runaway Youth	26	0	2	32014	Ivan	0	0	0	No Requirements		0	When you meet a Fisherman's son who ran away because he didn't want to be part of the family business, convince him to return home.	You have encountered Ivan, a disturbed youth who ran away from the Fishermen's Guild. You gave him a Scroll of Escape because he regretted what he'd done and wanted to return home. Go and meet with Ivan's father, Batidae, the Fishing Guild Member of the Town of Schuttgart to make sure Ivan is learning his craft well (and that he won't go on anymore...
652	An Aged Ex-Adventurer	46	0	2	32012	Tantan	0	0	0	No Requirements		0	The aged ex-adventurer left home for some excitement and found serious trouble. If you encounter him during the adventure, help him out.	You met an aged ex-adventurer. The old man had run out of Soulshots in a dangerous hunting ground, and could not travel freely. You shared your Soulshots with him, allowing him to return home. Go to the Town of Oren and meet with Sara, his daughter-in-law, to find out if the old man made it home safely.
653	Wild Maiden	36	0	2	32013	Suki	0	0	0	No Requirements		0	If you meet Suki, who ran away because she fell in love with a vagabond, convince her to go back home.	You helped a young woman who had run off with a vagabond. When they broke up, she was lost. Go meet with her father to find out if she made it home safely.
654	Journey to a Settlement	74	80	0	31453	Nameless Spirit	178292	-85577	-7200	Completion of the "Last Imperial Prince" quest		119	The Nameless Spirit at the entrance to the 4th Sepulcher needs somebody to put its double to sleep.	The Nameless Spirit informs you that only through the use of a magic scroll can the force field be dispersed. He then informs you that is was created by his "double." Keep listening to the story.
655	A Grand Plan for Taming Wild Beasts	0	0	0	35627	Messenger	53508	-93776	-1588	Clan Leader, Over Clan Level 4, 1hour before the Clan Hall War		0	The clan that can best tame the wild beasts can obtain a clan hall.	Collect 10 Crystals of Purity as proof of your ability to train wild beasts. To acquire the crystals, make sure you stay close to the beasts after taming them. Any member of the same clan may train the now tamed beasts.
659	I'd Rather Be Collecting Fairy Breath	26	0	0	30634	Galatea	-81199	151904	-3118	No Requirements		0	Collect the breath of Wind Sylph, the wind fairy, on Windy Hill.	The Head Summoner Galatea thinks that one of the reasons the southern area of Gludio is in ruin is because the balance of fairy energy has been disrupted. She is researching possible causes. Help her efforts by defeating the mad wind fairies on Windy Hill and collecting the last sighs of the fairies. Monsters to Hunt: Sobbing Wind, Babbling Wind, Giggling...
660	Aiding the Floran Village.	30	0	0	30608	Maria	19041	145964	-3068	No Requirements		0	The Floran Village is a farmers' commune. The village has been growing, but needs some extra help these days.	Floran Village needs help in their fight against their oppressive lord. Meet with Captain Alex in Floran Village.
661	Making the Harvest Grounds Safe	21	0	0	30210	Norman	-81857	153545	-3171	No Requirements		0	Secure the Fellmere Harvesting Grounds so the masons can work safely.	The lord of Gludio Territory is trying to revive his war-torn lands. Fellmere Harvesting Grounds provide vital building supplies for that effort, but the area's monsters are preventing the masons from building a needed plantation there. The lord wants to solve this problem with the help of a brave adventurer. Monsters to Hunt: Giant Poison Bee, Cloudy...
662	A Game of Cards	61	80	0	30845	Klump	148960	26145	-2218	No requirements		0	Warehouse Chief Klump of Aden Castle Town spends most of his time playing cards. The word is that anyone who can beat him will win a generous prize.	Warehouse Chief Klump of Aden Castle Town spends most of his time playing cards. The word is that anyone who can beat him will win a generous prize... To enter the game, you must first collect more than 50 Red Gems. Monsters to Hunt: Blazing Swamp: Tulben, Hames Orc Scout, Hames Orc Footman, Cursed Guardian, Hames Orc Overlord Fields of Massacre: Doom...
663	Seductive Whispers	50	0	0	30846	Wilbert	150608	28510	-2247	No requirements		0	Blacksmith Wilbert of Aden Castle Town is looking for people to play a game very popular among the blacksmiths.	Wilbert is willing to play the trendy new game with you, but he tells you that you need Spirit Beads in order to play. Spirit Beads can be obtained at the Cemetery, the Ancient Battleground and the Fields of Massacre. Monsters to Hunt: Spiteful Ghost of Ruins, Soldier of Grief, Cruel Punisher, Roving Soul, Tortured Undead, Wasted Soul, Past Knight, Ghost...
688	Defeat the Elrokian Raiders!	75	0	0	32105	Dinn	11952	-24016	-3644	No requirements		0	Trader Dinn of the Primeval Isle Wharf is anxious because Elrokian raiders are stealing items from the merchants. He promises to give you a reward if you capture the raiders and bring back their necklaces as proof.	Trader Dinn of the Primeval Isle Wharf is anxious because Elrokian raiders are stealing items from the merchants. He promises to give you a reward if you capture the raiders and bring back their necklaces as proof. Monster to Hunt: Elroki
